archivo,id_espora,area_um2,perimetro_um,feret_um,diam_eq_um
m2_10_0.5k.tif,1,9.464135489912861,11.658747238941878,3.867826262738566,3.4713270607202293
m2_10_0.5k.tif,2,16.805288804939607,16.04121735846379,5.437188870102065,4.625706245228314
m2_10_0.5k.tif,3,15.634672465516424,15.127714126708499,4.9800796812749,4.461690627114067
m2_10_0.5k.tif,4,22.440119998095273,17.896537809257964,5.704311180588189,5.34524537979102
m2_10_0.5k.tif,5,8.015745781812988,12.475580974404082,4.598962701440318,3.1946775283193087
m2_10_0.5k.tif,6,7.122902811066492,11.328696634664954,3.867826262738566,3.0115048617518636
m2_10_0.5k.tif,7,16.031491563625977,16.721339577222725,5.38217373948458,4.517956287957724
m2_10_0.5k.tif,8,14.602942810431584,14.330901353957644,4.789169434331199,4.311965242873315
m2_10_0.5k.tif,9,18.710020475865466,16.467937554021283,5.213646345937212,4.880813247060014
m2_10_0.5k.tif,10,16.3687877970191,15.64281100770867,4.9800796812749,4.565236896650937
m2_10_0.5k.tif,11,17.023539308899863,15.759501514206846,5.2288465133094375,4.65564640403938
m2_10_0.5k.tif,12,3.710258567324329,7.714725466838397,2.6725912081670797,2.1734875037850494
m2_10_0.5k.tif,13,6.765765622767894,11.328696634664954,4.202195838591432,2.9350366848333955
m2_10_0.5k.tif,14,15.337058141934259,15.57445526123047,5.556305052183807,4.419021263380965
m2_10_0.5k.tif,15,14.662465675148017,15.07937934294165,5.259115052766568,4.320744278584468
m2_10_0.5k.tif,16,12.856938778749546,13.53408858120679,4.5512588282055235,4.045981077234906
m2_10_0.5k.tif,17,15.654513420421901,15.409429947218573,5.090411290510215,4.464520751488168
m2_10_0.5k.tif,18,14.285487531943941,14.56428243819461,4.735005706774786,4.264838524667979
m2_10_0.5k.tif,19,17.479881271725848,17.00305544522654,5.538421822493166,4.717634584454048
m2_10_0.5k.tif,20,55.99117474325806,33.23761205749208,11.615442021604185,8.443351102452914
m2_10_0.5k.tif,21,14.166441802511073,14.330901353957644,4.818082319700329,4.247031187917789
m2_10_0.5k.tif,22,1.5475944826272603,5.110927122047698,2.050922338842032,1.4037302071605435
m2_10_0.5k.tif,23,12.99582546308789,14.447591884202692,4.863169568021395,4.0677756693406355
m2_10_0.5k.tif,24,15.952127744004066,15.59447622394182,5.140831832894,4.506759353053244
m2_10_0.5k.tif,25,13.035507372898845,14.214210847459468,5.090411290510215,4.0739812803769215
m2_10_0.5k.tif,26,14.047396073078207,14.495926667969542,5.078704694813531,4.2291488719127175
m2_10_0.5k.tif,27,11.646640529515407,13.08734747043169,4.1066789099777505,3.8508392962436506
m2_10_0.5k.tif,28,11.70616339423184,13.369063314688635,4.476534871363393,3.860667060323536
m2_10_0.5k.tif,29,21.467913207726866,17.449796603495383,5.581245309211913,5.228173298487737
m2_10_0.5k.tif,30,20.49570641735846,17.56648713374043,5.942802346683785,5.108418924468023
m2_10_0.5k.tif,31,12.420437770829038,14.000850725933851,4.822198580442313,3.976706241695731
m2_10_0.5k.tif,32,10.297455595942923,12.620585278210887,4.3506632804465255,3.6209291176311256
m2_10_0.5k.tif,33,19.90047777019413,17.0997249652665,5.556305052183807,5.033693997069568
m2_10_0.5k.tif,34,20.436183552642024,17.44979655600164,5.60961268538993,5.100995691302841
m2_10_0.5k.tif,35,16.58703830097935,15.457764730985422,5.027661141085244,4.595571030333843
m2_10_0.5k.tif,36,18.908430024920243,16.906385901439712,5.662418487470875,4.906624179268892
m2_10_0.5k.tif,37,11.944254853097572,13.534088604953661,4.476534871363393,3.8997304536799353
m2_10_0.5k.tif,38,20.49570641735846,17.896537690523612,5.623742714539086,5.108418924468023
m2_10_0.5k.tif,39,12.142664402152349,13.53408858120679,4.454318680278466,3.931986838135184
m2_10_0.5k.tif,40,21.467913207726866,17.546466194775952,5.9926728910324005,5.228173298487737
m2_10_0.5k.tif,41,11.567276709893497,14.0491855097007,4.735005706774786,3.8376964616720857
m2_10_0.5k.tif,42,14.583101855526106,14.282566570190795,4.688686173681203,4.309034922967852
m2_10_0.5k.tif,43,20.336978778114638,17.333106073250335,5.6343169815661165,5.088599571663637
m2_10_0.5k.tif,44,16.467992571546485,15.526120477463621,5.102091025842908,4.579050050446915
m2_10_0.5k.tif,45,18.74970238567642,16.206242648728818,5.469932357667722,4.885986341513701
m2_10_0.5k.tif,46,6.309423659941907,9.686736376637008,3.1496789443908164,2.8343266763599604
m2_10_0.5k.tif,47,21.666322756781643,17.614821917507278,5.70778835932048,5.252277498659963
m2_10_0.5k.tif,48,11.78552721385375,13.135682206704798,4.258477754269313,3.873731960813889
m2_10_0.5k.tif,49,23.31312201393629,18.294944088772475,5.704311180588189,5.448228047666465
m2_10_0.5k.tif,50,19.26556721321884,16.769674337242705,5.262886379929445,4.952744898298663
m2_10_0.5k.tif,51,11.01172997254012,12.922322156419794,4.1451498100965765,3.7444051673107612
m2_10_0.5k.tif,52,10.059364137077191,13.08734744668482,4.300205805761535,3.578823859065627
m2_10_0.5k.tif,53,10.178409866510057,12.757296842407897,4.1594846649046024,3.5999380473229197
m2_10_0.5k.tif,54,9.106998301614261,13.787490651901976,4.822198580442313,3.4052004891711207
m2_10_0.5k.tif,55,15.813241059665723,15.341074200740374,5.38217373948458,4.487097485858333
m2_10_0.5k.tif,56,18.035428009079226,15.972861588238722,5.1945835898029085,4.792016292478964
m2_10_0.5k.tif,57,16.249742067586233,16.60464902323081,5.437188870102065,4.5486057415649155
m2_10_0.5k.tif,58,21.725845621498078,17.663156725021,5.885771594698868,5.259487217220196
m2_10_0.5k.tif,59,6.944334216917193,10.881955500142984,3.6568844124872153,2.973516594343549
m2_10_0.5k.tif,60,10.674433739147,12.475580974404082,4.202195838591432,3.6866124225821713
m2_10_0.5k.tif,61,14.880716179108271,14.495926739210153,4.919955790927677,4.352782592000316
m2_10_0.5k.tif,62,8.987952572181396,11.397052381143153,3.867826262738566,3.3828710648065607
m2_10_0.5k.tif,63,33.55105474516278,25.75626762739691,8.057270285321389,6.53594137589342
m2_10_0.5k.tif,64,19.305249123029796,16.701318638258247,5.29296026118981,4.957842938658439
m2_10_0.5k.tif,65,12.301392041396172,13.699113847724947,4.598962701440318,3.95760265847849
m2_10_0.5k.tif,66,13.888668433834386,14.097520222226938,4.5860017662236405,4.205187495662104
m2_10_0.5k.tif,67,17.83701846002445,16.206242696222557,5.105978333855099,4.765584671734857
m2_10_0.5k.tif,68,7.480039999365091,10.60023963213917,3.6568844124872153,3.0860788589069488
m2_10_0.5k.tif,69,9.523658354629294,12.07717462364896,3.954070366788687,3.482226073600253
m2_10_0.5k.tif,70,16.646561165695786,15.57445521373673,4.992017564199868,4.603809287971923
m2_10_0.5k.tif,71,15.793400104760245,15.127714126708499,4.9800796812749,4.484281610158443
m2_10_0.5k.tif,72,17.83701846002445,16.302912216262516,5.480803383345659,4.765584671734857
m2_10_0.5k.tif,73,16.190219202869798,15.457764683491682,5.2288465133094375,4.540267318894828
m2_10_0.5k.tif,74,20.73379787622419,17.00305544522654,5.418912553281054,5.13800460962761
m2_10_0.5k.tif,75,16.96401644418343,15.807836321720565,5.38217373948458,4.647500034886704
m2_10_0.5k.tif,76,15.813241059665723,15.409429970965444,4.919955790927677,4.487097485858333
m2_10_0.5k.tif,77,18.174314693417568,16.254577479989408,5.3451824163341595,4.81043201449938
m2_10_0.5k.tif,78,11.031570927445598,13.835825435668825,4.701364032352967,3.747776987145112
m2_10_0.5k.tif,79,14.622783765337061,14.845998258704684,5.090411290510215,4.314893572747593
m2_10_0.5k.tif,80,11.388708115744198,12.970656916439772,4.5860017662236405,3.807959235129992
m2_10_0.5k.tif,81,12.876779733655024,14.04918553344757,4.5860017662236405,4.049101772706373
m2_10_0.5k.tif,82,11.765686258948273,13.58242343621425,4.542531574100152,3.870469870163061
m2_10_0.5k.tif,83,12.65852922969477,13.767469712937498,4.667479885999993,4.0146407053973485
m2_10_0.5k.tif,84,19.067157664164064,17.236436505716636,5.38217373948458,4.927175574679049
m2_10_0.5k.tif,85,12.99582546308789,13.980829763222502,4.454318680278466,4.0677756693406355
m2_10_0.5k.tif,86,16.944175489277953,15.691145815222388,5.1677775980369915,4.644781403454952
m2_10_0.5k.tif,87,8.61097442897732,12.008818853423891,4.409550522147143,3.311167945253942
m2_10_0.5k.tif,88,13.293439786670056,14.165876063692618,4.663227056063596,4.114089598191084
m2_10_0.5k.tif,89,11.686322439326362,13.320728507174914,4.701364032352967,3.857393921065907
m2_10_0.5k.tif,90,18.630656656243556,16.371267986487585,5.363709967265443,4.870450574547767
m2_10_0.5k.tif,91,15.079125728163048,14.894332994977793,4.846822733305355,4.38170505364414
m2_10_0.5k.tif,92,15.05928477325757,14.845998211210944,4.899750548306312,4.37882140406978
m2_10_0.5k.tif,93,16.0116506087205,15.409429947218573,5.1945835898029085,4.515159657366036
m2_10_0.5k.tif,94,20.47586546245298,17.381440833270315,5.745898446954564,5.105945712546509
m2_10_0.5k.tif,95,14.72198853986445,14.894333018724662,5.1945835898029085,4.32950551288404
m2_10_0.5k.tif,96,8.075268646529421,11.960484093403911,3.563454944222773,3.206517016190816
m2_10_0.5k.tif,97,16.34894684211362,15.12771415045537,4.850914606329052,4.562469247474675
m2_10_0.5k.tif,98,13.472008380819355,14.0491855097007,4.850914606329052,4.141629367466714
m2_10_0.5k.tif,99,14.741829494769927,15.54614146392184,5.078704694813531,4.332421987120398
m2_10_0.5k.tif,100,13.928350343645342,15.361095163451724,5.121498060630455,4.21119062148163
m2_10_0.5k.tif,101,14.54341994571515,14.777642512226485,4.863169568021395,4.303168296798842
m2_10_0.5k.tif,102,6.6864018031459835,9.968452197147082,3.705393473653043,2.9177716133642058
m2_10_0.5k.tif,103,14.702147584958972,14.612617174467719,4.919955790927677,4.3265870727054985
m2_10_0.5k.tif,104,11.646640529515407,13.155703169416148,4.263134374309302,3.8508392962436506
m2_10_0.5k.tif,105,12.32123299630165,14.0491855097007,4.650445231047312,3.9607929876209105
m2_10_0.5k.tif,106,7.976063872002033,12.07717462364896,4.542531574100152,3.186760099719847
m2_10_0.5k.tif,107,0.8134791511245855,3.6339921542847775,1.275522756460727,1.0177199143327273
m2_10_0.5k.tif,108,13.154553102331711,13.980829763222502,4.423028548042733,4.092541655647179
m2_10_0.5k.tif,109,17.99574609926827,16.13788694974436,5.078704694813531,4.7867416444385125
m2_10_0.5k.tif,110,15.75371819494929,15.05935833273656,4.919955790927677,4.478644547452196
m2_10_0.5k.tif,111,14.404533261376807,14.660951863247087,5.1945835898029085,4.282571817475793
m2_10_0.5k.tif,112,1.884890716020381,5.956074654818532,2.3987240196797406,1.5491666782955684
m2_10_0.5k.tif,113,14.583101855526106,14.379236066483882,4.650445231047312,4.309034922967852
m2_10_0.5k.tif,114,4.682465357692736,8.394847685597332,3.040704685751743,2.4417002396418095
m2_10_0.5k.tif,115,13.630736020063177,14.942667754997771,5.105978333855099,4.165956327734417
m2_10_0.5k.tif,116,19.563181536801007,16.886364962475234,5.549158676168973,4.990853269080134
m2_10_0.5k.tif,117,14.602942810431584,14.56428239070087,4.919955790927677,4.311965242873315
m2_10_0.5k.tif,118,1.8055268963984703,5.159261905814548,1.7817274721113865,1.5162019138549718
m2_10_0.5k.tif,119,12.063300582530438,13.465732882222332,4.300205805761535,3.919116142921064
m2_10_0.5k.tif,120,16.309264932302664,16.487958516732633,5.469932357667722,4.556928906332663
m2_10_0.5k.tif,121,8.313360105395153,11.163671320653057,3.847252572874097,3.253444149791539
m2_10_0.5k.tif,122,6.051491246170697,11.163671320653057,4.033557117792149,2.775787808756858
m2_10_0.5k.tif,123,19.086998619069544,16.487958611720114,5.613148527332818,4.929738475021244
m2_10_0.5k.tif,124,16.666402120601262,15.924526851965613,5.549158676168973,4.606552099825584
m2_10_0.5k.tif,125,11.70616339423184,13.534088604953661,4.5512588282055235,3.860667060323536
m2_10_0.5k.tif,126,15.456103871367125,15.244404656953547,5.304194006252729,4.43613825940523
m2_10_0.5k.tif,127,14.186282757416551,14.51594765442776,4.94810452126463,4.250004258766965
m2_10_0.5k.tif,128,18.392565197377824,16.206242648728818,5.469932357667722,4.839229415766639
m2_10_0.5k.tif,129,23.452008698274636,18.411634690258133,5.942802346683785,5.464432713293876
m2_10_0.5k.tif,130,6.2895827050364295,9.871782653360254,3.4846326064812554,2.8298666788268907
m2_10_0.5k.tif,131,13.630736020063177,14.515947630680891,4.850914606329052,4.165956327734417
m2_10_0.5k.tif,132,11.388708115744198,13.204037976929866,4.516248625001847,3.807959235129992
m2_10_0.5k.tif,133,24.364692623926608,18.97506633127828,6.028982450367154,5.569747763058978
m2_10_0.5k.tif,134,6.944334216917193,10.716930162384216,3.7426880932382347,2.973516594343549
m2_10_0.5k.tif,135,5.317375914668022,9.52171106262511,3.339253907219166,2.6019787256581544
m2_10_0.5k.tif,136,10.634751829336045,12.737275808455935,4.1451498100965765,3.679753602832024
m2_10_0.5k.tif,137,6.8649703972952825,9.920117437127102,3.4272212219293334,2.9564762443274617
m2_10_0.5k.tif,138,12.360914906112605,13.55410956766501,4.663227056063596,3.967165949083665
m2_10_0.5k.tif,139,19.999682544721516,16.886364867487753,5.363709967265443,5.046224994794525
m2_10_0.5k.tif,140,8.968111617275918,11.747123995625167,4.1066789099777505,3.379135148631158
m2_10_0.5k.tif,141,16.28942397739719,15.64281100770867,5.304194006252729,4.554156208232128
m2_10_0.5k.tif,142,19.543340581895528,17.00305544522654,5.509687922684993,4.98832176840036
m2_10_0.5k.tif,143,14.02755511817273,14.777642512226485,4.9800796812749,4.226161129489699
m2_10_0.5k.tif,144,19.563181536801007,17.05139020524652,5.74935047396885,4.990853269080134
m2_10_0.5k.tif,145,15.75371819494929,15.127714079214758,5.140831832894,4.478644547452196
m2_10_0.5k.tif,146,15.8330820145712,15.12771415045537,4.850914606329052,4.489911595564787
m2_10_0.5k.tif,147,2.976143235821654,6.869577934067563,2.3987240196797406,1.9466235533980873
m2_10_0.5k.tif,148,8.987952572181396,11.892128346925714,3.847252572874097,3.3828710648065607
m2_10_0.5k.tif,149,14.960079998730182,14.825977224752723,4.846822733305355,4.364374576819093
m2_10_0.5k.tif,150,14.364851351565852,14.894333018724662,5.043421872976958,4.276668890042341
m2_10_0.5k.tif,151,13.571213155346744,14.495926667969542,4.919955790927677,4.156850401375727
m2_10_0.5k.tif,152,17.75765464040254,16.13788685475688,5.440836766433332,4.754970884233717
m2_10_0.5k.tif,153,12.599006364978337,13.952515965913873,4.516248625001847,4.00519077301699
m2_10_0.5k.tif,154,14.10691893779464,15.176048886728479,5.2288465133094375,4.238099461548006
m2_10_0.5k.tif,155,18.868748115109288,16.9346996512546,5.8077210108020925,4.901472866374373
m2_10_0.5k.tif,156,21.86473230583642,18.178253582274298,5.9926728910324005,5.276271581982808
m2_10_0.5k.tif,157,10.41650132537579,12.757296842407897,4.033557117792149,3.641799198920046
m2_10_0.5k.tif,158,22.281392358851452,19.325137945760297,6.3776137823036345,5.326307338395857
m2_10_0.5k.tif,159,12.40059681592356,13.980829715728762,4.646176808641674,3.973528689257298
m2_10_0.5k.tif,160,10.376819415564835,13.389084277399984,4.735005706774786,3.634855819488961
m2_10_0.5k.tif,161,15.158489547784958,14.962688788949732,4.863169568021395,4.393220724103723
m2_10_0.5k.tif,162,11.96409580800305,13.485753868680552,4.797448039359481,3.9029680884872313
m2_10_0.5k.tif,163,11.289503341216808,13.252372736949846,4.454318680278466,3.7913377710851597
m2_10_0.5k.tif,164,20.41634259773655,17.09972506025398,5.469932357667722,5.098518878488065
m2_10_0.5k.tif,165,19.463976762273617,17.00305546897341,5.556305052183807,4.978182892535493
m2_10_0.5k.tif,166,15.079125728163048,14.729307752206507,5.027661141085244,4.38170505364414
m2_10_0.5k.tif,167,12.341073951207127,14.564282509435222,5.259115052766568,3.9639807490927526
m2_10_0.5k.tif,168,9.543499309534772,12.757296818661025,4.235117853679144,3.485851505163752
m2_10_0.5k.tif,169,15.158489547784958,14.894333018724662,4.94810452126463,4.393220724103723
m2_10_0.5k.tif,170,16.229901112680754,16.08955216597751,5.469932357667722,4.545827966807186
m2_10_0.5k.tif,171,18.928270979825722,17.216415543005287,5.745898446954564,4.909197808703281
m2_10_0.5k.tif,172,15.41642196155617,15.244404633206676,5.363709967265443,4.430439942012186
m2_10_0.5k.tif,173,13.233916921953622,14.845998234957815,4.899750548306312,4.1048686162618155
m2_10_0.5k.tif,174,12.81725686893859,15.759501585447458,5.1677775980369915,4.039732454081706
m2_10_0.5k.tif,175,14.483897080998718,15.12771410296163,4.818082319700329,4.2943533302933705
m2_10_0.5k.tif,176,8.928429707464963,12.805631602427875,4.722418163796693,3.371650897695755
m2_10_0.5k.tif,177,30.75348010349043,24.5527555505593,9.463723920493788,6.257519237364759
m2_10_0.5k.tif,178,9.781590768400504,12.193865130147136,4.290967973812354,3.5290661904736114
m2_10_0.5k.tif,179,14.960079998730182,15.12771410296163,4.735005706774786,4.364374576819093
m2_10_0.5k.tif,180,6.785606577673372,11.843793563158865,4.258477754269313,2.939337107190798
m2_10_0.5k.tif,181,19.80127299566674,16.818009144756424,5.5348382428086875,5.02113172643174
m2_10_0.5k.tif,182,16.884652624561518,15.409429947218573,5.363709967265443,4.636615944922339
m2_10_0.5k.tif,183,13.372803606291967,15.52612045371675,5.027661141085244,4.126352187526887
m2_10_0.5k.tif,184,17.797336550213494,16.439623804206395,5.363709967265443,4.760280736121799
m2_10_0.5k.tif,185,16.249742067586233,15.642810983961798,4.9800796812749,4.5486057415649155
m2_10_0.5k.tif,186,14.682306630053494,14.63263816092594,4.818082319700329,4.323666662603787
m2_10_0.5k.tif,187,17.30131267757655,15.952840649274242,5.2288465133094375,4.693475841731612
m2_10_0.5k.tif,188,12.519642545356426,14.1175412561789,4.751737227839269,3.99255607032595
m2_10_0.5k.tif,189,17.22194885795464,16.322933250214476,5.315404009612085,4.6826986154731784
m2_10_0.5k.tif,190,18.51161092681069,16.604649070724548,5.641355481476612,4.854865092746337
m2_10_0.5k.tif,191,14.682306630053494,14.330901353957644,4.598962701440318,4.323666662603787
m2_10_0.5k.tif,192,12.579165410072859,14.165876016198878,4.423028548042733,4.002035836904696
m2_10_0.5k.tif,193,10.674433739147,13.03901266291797,4.1066789099777505,3.6866124225821713
m2_10_0.5k.tif,194,20.31713782320916,17.1480598677677,5.556305052183807,5.086116722249342
m2_10_0.5k.tif,195,18.015587054173746,16.48795849298576,5.213646345937212,4.789379694594371
m2_10_0.5k.tif,196,14.960079998730182,15.127714126708499,5.078704694813531,4.364374576819093
m2_10_0.5k.tif,197,25.872605196742914,19.606853742523498,6.813797361150228,5.739514270547078
m2_10_0.5k.tif,198,15.555308645894513,14.962688836443473,5.105978333855099,4.450352131968173
m2_10_0.5k.tif,199,15.098966683068525,14.845998258704684,4.701364032352967,4.384586806703861
m2_10_0.5k.tif,200,10.833161378390821,13.699113942712428,4.9800796812749,3.7139210359759773
m2_10_0.5k.tif,201,27.955905461818073,24.06597246686776,8.948636432357054,5.966118029578738
m2_10_0.5k.tif,202,17.698131775686104,16.08955218972438,5.440836766433332,4.746994969950726
m2_10_0.5k.tif,203,18.49176997190521,16.322933250214476,5.363709967265443,4.852262645444489
m2_10_0.5k.tif,204,14.087077982889163,14.729307752206507,4.789169434331199,4.235118033488858
m2_10_0.5k.tif,205,20.773479786035146,17.16808075923844,5.38217373948458,5.142919010186384
m2_10_0.5k.tif,206,10.872843288201777,13.60244435143186,4.476534871363393,3.7207168715513412
m2_10_0.5k.tif,207,2.162664084697069,5.956074654818532,2.145483986906177,1.659394297511831
m2_10_0.5k.tif,208,16.78544785003413,16.322933226467605,5.140831832894,4.622974797546842
m2_10_0.5k.tif,209,11.487912890271586,12.922322132672923,4.1451498100965765,3.824508462321217
m2_10_0.5k.tif,210,11.924413898192094,13.55410954391814,4.797448039359481,3.896490128688606
m2_10_0.5k.tif,211,44.00723798034953,28.66180280290277,10.727419934530886,7.4854362365297185
m2_10_0.5k.tif,212,19.1266805288805,17.05139022899339,5.6694220999034695,4.934860282610512
m2_10_0.5k.tif,213,15.594990555705468,15.759501561700587,5.538421822493166,4.456024985937084
m2_10_0.5k.tif,214,4.464214853732481,8.676563529854278,3.040704685751743,2.384117213554379
m2_10_0.5k.tif,215,16.09101442834241,15.341074176993505,5.262886379929445,4.526335812229316
m2_10_0.5k.tif,216,20.297296868303683,17.09972498901337,5.637837329914306,5.083632660209963
m2_10_0.5k.tif,217,14.920398088919226,15.12771410296163,4.928014691973299,4.358582438133172
m2_10_0.5k.tif,218,15.019602863446615,14.845998258704684,4.735005706774786,4.37304840036761
m2_10_0.5k.tif,219,13.0751892827098,13.884160243182544,4.5512588282055235,4.08017745320513
m2_10_0.5k.tif,220,17.618767956064193,16.25457750373628,5.637837329914306,4.736339524482345
m2_10_0.5k.tif,221,15.555308645894513,14.962688788949732,4.919955790927677,4.450352131968173
m2_10_0.5k.tif,222,20.079046364343426,16.886364938728363,5.418912553281054,5.056227432745964
m2_10_0.5k.tif,223,13.968032253456297,14.097520245973808,4.863169568021395,4.217185201913329
m2_10_0.5k.tif,224,17.20210790304916,16.53629332424635,5.704311180588189,4.68000043108582
m2_10_0.5k.tif,225,12.301392041396172,14.495926762957023,4.919955790927677,3.95760265847849
m2_10_0.5k.tif,226,17.06322121871082,16.08955211848377,5.480803383345659,4.661069406930852
m2_10_0.5k.tif,227,15.57514960079999,15.739480598989237,5.015808092435925,4.453189462273599
m2_10_0.5k.tif,228,9.444294535007383,12.07717462364896,3.867826262738566,3.467686444028293
m2_10_0.5k.tif,229,11.686322439326362,14.680972968439658,4.992017564199868,3.857393921065907
m2_10_0.5k.tif,230,11.587117664798974,13.437419037419962,4.309423835215924,3.840986386375433
m2_10_0.5k.tif,231,15.41642196155617,14.845998306198425,4.919955790927677,4.430439942012186
m2_10_0.5k.tif,232,9.860954588022414,12.125509359922068,4.033557117792149,3.5433539662737297
m2_10_0.5k.tif,233,69.93936604180888,37.66841681829962,10.885319595469523,9.436607789780108
m2_10_0.5k.tif,234,9.166521166330694,12.407225227925883,4.1066789099777505,3.4163104713453847
m2_10_0.5k.tif,235,20.852843605657057,17.731512424005455,5.70778835932048,5.152733750049612
m2_10_0.5k.tif,236,19.503658672084573,16.934699698748343,5.509687922684993,4.9832549090243194
m2_10_0.5k.tif,237,18.313201377755913,16.371268033981323,5.105978333855099,4.828777504178184
m2_10_0.5k.tif,238,5.357057824478978,9.123304688123119,3.1496789443908164,2.611669555200189
m2_10_0.5k.tif,239,17.65844986587515,15.856171034246803,5.078704694813531,4.74167024032203
m2_10_0.5k.tif,240,11.884731988381139,14.544261499230132,5.179282868525897,3.8900013812575733
m2_10_0.5k.tif,241,12.539483500261904,15.12771410296163,5.078704694813531,3.995718491471534
m2_10_0.5k.tif,242,15.952127744004066,15.292739393226656,4.863169568021395,4.506759353053244
m2_10_0.5k.tif,243,23.07503055507056,18.226588413534888,5.8008843739287,5.4203359119788885
m2_10_0.5k.tif,244,17.717972730591583,16.206242672475685,5.538421822493166,4.7496550962284045
m2_10_0.5k.tif,245,12.063300582530438,13.767469689190627,4.542531574100152,3.919116142921064
m2_10_0.5k.tif,246,14.483897080998718,14.495926762957023,5.078704694813531,4.2943533302933705
m2_10_0.5k.tif,247,14.860875224202793,14.61261722196146,4.688686173681203,4.349879769008567
m2_10_0.5k.tif,248,17.777495595308014,16.58462815550694,5.213646345937212,4.757626550949679
m2_10_0.5k.tif,249,14.047396073078207,14.495926667969542,4.850914606329052,4.2291488719127175
m2_10_0.5k.tif,250,4.12691862033936,9.123304688123119,3.2427929474302206,2.2922818293831044
m2_10_0.5k.tif,251,8.511769654449932,11.56207771890192,3.9289009807402433,3.2920391431030107
m2_10_0.5k.tif,252,20.217933048681772,17.333106025756596,5.665921375827846,5.0736842501666946
m2_10_0.5k.tif,253,11.686322439326362,13.08734747043169,4.221039860640855,3.857393921065907
m2_10_0.5k.tif,254,19.583022491706483,17.16808075923844,5.524073555323525,4.99338348636261
m2_10_0.5k.tif,255,22.81709814129935,19.04342207775648,6.485585894860441,5.389956553591644
m2_10_0.5k.tif,256,1.6071173473436933,5.557668280316539,1.9920318725099604,1.4304703281326274
m2_10_0.5k.tif,257,18.273519467944958,16.206242696222557,5.538421822493166,4.823543055480626
m2_10_0.5k.tif,258,18.154473738512092,15.807836321720565,5.105978333855099,4.807805515797161
m2_10_0.5k.tif,259,11.091093792162031,14.214210823712596,5.121498060630455,3.757874294138559
m2_10_0.5k.tif,260,19.563181536801007,16.886364867487753,5.469932357667722,4.990853269080134
m2_10_0.5k.tif,261,34.2454881668545,24.11430727438148,8.581935947624707,6.603234795371071
m2_10_0.5k.tif,262,15.594990555705468,15.856171105487414,5.121498060630455,4.456024985937084
m2_10_0.5k.tif,263,12.579165410072859,13.835825411921954,4.751737227839269,4.002035836904696
m2_10_0.5k.tif,264,15.952127744004066,16.08955221347125,5.29296026118981,4.506759353053244
m2_10_0.5k.tif,265,11.170457611783942,13.48575379743994,4.225737736174588,3.7712953164809595
m2_10_0.5k.tif,266,14.305328486849419,14.612617150720848,4.598962701440318,4.267799190435641
m2_10_0.5k.tif,267,12.182346311963304,14.165876063692618,5.140831832894,3.9384064127576077
m2_10_0.5k.tif,268,6.468151299185728,11.513742911388201,4.235117853679144,2.869757135273539
m2_10_0.5k.tif,269,15.535467690989035,15.176048839234737,5.043421872976958,4.4475129915631175
m2_10_0.5k.tif,270,12.777574959127636,15.127714055467887,4.818082319700329,4.033474150627358
m2_10_0.5k.tif,271,19.642545356422918,17.05139020524652,5.556305052183807,5.000966457301199
m2_10_0.5k.tif,272,16.170378247964322,15.642810983961798,4.863169568021395,4.537484439492159
m2_10_0.5k.tif,273,16.309264932302664,15.691145767728647,5.121498060630455,4.556928906332663
m2_10_0.5k.tif,274,16.58703830097935,15.759501561700587,5.363709967265443,4.595571030333843
m2_10_0.5k.tif,275,10.733956603863433,12.620585301957759,4.1066789099777505,3.6968767925791184
m2_10_0.5k.tif,276,23.194076284503424,18.761706233499535,6.0977003446270786,5.434299874779986
m2_10_0.5k.tif,277,22.261551403945973,17.779847302759787,5.817960902992126,5.323935346588892
m2_10_0.5k.tif,278,11.62679957460993,14.632638184672809,4.735005706774786,3.847557796460416
m2_10_0.5k.tif,279,17.162425993238205,16.53629332424635,5.556305052183807,4.674599390127622
m2_10_0.5k.tif,280,14.741829494769927,15.972861588238722,4.919955790927677,4.332421987120398
m2_10_0.5k.tif,281,15.396581006650692,16.226263635187035,5.697350456603623,4.42758803316049
m2_10_0.5k.tif,282,6.329264614847385,10.99864603038803,3.847252572874097,2.8387796668140095
m2_10_0.5k.tif,283,4.265805304677705,8.909944566597503,2.9613682763582685,2.330534703465426
m2_10_0.5k.tif,284,16.309264932302664,15.691145767728647,4.9800796812749,4.556928906332663
m2_10_0.5k.tif,285,10.853002333296299,13.719134881676906,4.454318680278466,3.717320506743512
m2_10_0.5k.tif,286,17.22194885795464,16.254577479989408,5.363709967265443,4.6826986154731784
m2_10_0.5k.tif,287,20.515547372263935,17.216415519258415,5.509687922684993,5.110890939577365
m2_10_0.5k.tif,288,14.047396073078207,14.00085070218698,4.5512588282055235,4.2291488719127175
m2_10_0.5k.tif,289,12.618847319883814,14.00085074968072,4.5860017662236405,4.008343225904114
m2_10_0.5k.tif,290,17.14258503833273,17.449796603495383,5.9926728910324005,4.6718965281554095
m2_10_0.5k.tif,291,12.678370184600247,13.485753868680552,4.373406055796843,4.017785743643416
m2_10_0.5k.tif,292,6.765765622767894,10.765264922404196,3.673125281789995,2.9350366848333955
m2_10_0.5k.tif,293,7.9562229170965555,10.998646006641161,3.591186529346603,3.1827939997391423
m2_10_0.5k.tif,294,10.535547054808656,12.853966433688464,4.300205805761535,3.6625503594627142
m2_10_0.5k.tif,295,11.944254853097572,13.932494931961912,4.476534871363393,3.8997304536799353
m2_10_0.5k.tif,296,13.729940794590565,15.05935830898969,5.363709967265443,4.181088801561769
m2_10_0.5k.tif,297,20.217933048681772,17.56648710999356,5.60961268538993,5.0736842501666946
m2_10_0.5k.tif,298,16.071173473436932,15.827857284431914,5.140831832894,4.523544362187539
m2_10_0.5k.tif,299,13.710099839685087,14.51594760693402,4.751737227839269,4.178066691444054
m2_10_0.5k.tif,300,19.80127299566674,16.721339553475858,5.5348382428086875,5.02113172643174
m2_10_0.5k.tif,301,21.86473230583642,17.848202930503636,5.8587415019333635,5.276271581982808
m2_10_0.5k.tif,302,19.80127299566674,17.848203001744245,5.745898446954564,5.02113172643174
m2_10_0.5k.tif,303,16.487833526451965,18.363299858997543,5.623742714539086,4.581807683970252
m2_10_0.5k.tif,304,16.26958302249171,15.691145791475519,5.240217704368887,4.551381821006482
m2_10_0.5k.tif,305,14.02755511817273,14.777642535973357,4.818082319700329,4.226161129489699
m2_10_0.5k.tif,306,19.602863446611963,18.906710632293823,6.681478020417699,4.9959124221977484
m2_10_0.5k.tif,307,17.876700369835405,15.972861635732462,5.102091025842908,4.770882710804798
m2_10_0.5k.tif,308,17.20210790304916,16.371268010234456,5.043421872976958,4.68000043108582
m2_10_0.5k.tif,309,18.908430024920243,16.53629327675261,5.509687922684993,4.906624179268892
m2_10_0.5k.tif,310,14.007714163267252,14.399257076688972,4.797448039359481,4.223171273346452
m2_10_0.5k.tif,311,14.087077982889163,14.894333089965274,4.899750548306312,4.235118033488858
m2_10_0.5k.tif,312,17.241789812860116,15.972861635732462,5.102091025842908,4.685395246053996
m2_10_0.5k.tif,313,18.928270979825722,16.419602817748174,5.418912553281054,4.909197808703281
m2_10_0.5k.tif,314,18.789384295487377,16.302912263756255,5.1945835898029085,4.891153964683627
m2_10_0.5k.tif,315,18.51161092681069,17.003055587707763,5.817960902992126,4.854865092746337
m2_10_0.5k.tif,316,18.372724242472344,16.6529838544914,5.38217373948458,4.836618555357676
m2_10_0.5k.tif,317,16.031491563625977,15.292739393226656,4.995990519515719,4.517956287957724
m2_10_0.5k.tif,318,15.05928477325757,15.01102354896971,5.418912553281054,4.37882140406978
m2_10_0.5k.tif,319,19.583022491706483,16.93469967500147,5.509687922684993,4.99338348636261
m2_10_0.5k.tif,320,11.388708115744198,13.53408858120679,4.598962701440318,3.807959235129992
m2_10_0.5k.tif,321,12.579165410072859,13.369063338435504,4.701364032352967,4.002035836904696
m2_10_0.5k.tif,322,16.983857399088908,15.691145815222388,4.995990519515719,4.650217076939836
m2_10_0.5k.tif,323,27.53924540880304,19.538498114779653,6.239226997356903,5.921491052653403
m2_10_0.5k.tif,324,5.495944508817321,10.201833281384047,3.3805901889396694,2.645307899715321
m2_10_0.5k.tif,325,15.039443818352092,14.729307728459636,4.822198580442313,4.37593585423149
m2_10_0.5k.tif,326,17.460040316820372,16.65298394947888,5.8587415019333635,4.71495639259219
m2_10_0.5k.tif,327,15.05928477325757,15.642810983961798,5.363709967265443,4.37882140406978
m2_10_0.5k.tif,328,21.19013983905018,17.916558748222442,5.745898446954564,5.194239501750634
m2_10_0.5k.tif,329,18.531451881716166,16.08955214223064,5.039486311025306,4.857466145755199
m2_10_0.5k.tif,330,16.130696338153367,15.4777856699499,4.932039204438227,4.531913554101793
m2_10_0.5k.tif,331,21.01157124490088,17.799868194230527,5.745898446954564,5.172307358039353
m2_10_0.5k.tif,332,18.015587054173746,16.254577527483146,5.140831832894,4.789379694594371
m2_10_0.5k.tif,333,13.194235012142666,14.447591884202692,5.078704694813531,4.098709770158076
m2_10_0.5k.tif,334,14.444215171187762,14.330901330210775,4.701364032352967,4.288466619739489
m2_10_0.5k.tif,335,10.614910874430567,12.688941095929698,4.1066789099777505,3.676319394335087
m2_10_0.5k.tif,336,15.277535277217826,15.127714126708499,4.928014691973299,4.410437853664896
m2_10_0.5k.tif,337,14.404533261376807,14.962688788949732,5.140831832894,4.282571817475793
m2_10_0.5k.tif,338,18.888589070014767,19.771879127776007,7.017495997533282,4.904049199202142
m2_10_0.5k.tif,339,15.05928477325757,15.011023620210322,4.818082319700329,4.37882140406978
m2_10_0.5k.tif,340,11.44823098046063,13.719134857930037,4.797448039359481,3.817897379656069
m2_10_0.5k.tif,341,11.904572943286617,13.53408855745992,4.476534871363393,3.8932471067961747
m2_10_0.5k.tif,342,13.610895065157699,14.729307728459636,4.818082319700329,4.162923232080969
m2_10_0.5k.tif,343,14.781511404580883,16.76967440848332,5.121498060630455,4.338249053623613
m2_10_0.5k.tif,344,34.6026253551531,25.941313737892063,8.701326560893051,6.637577190047324
m2_10_0.5k.tif,345,15.158489547784958,15.52612045371675,5.38217373948458,4.393220724103723
m2_10_0.5k.tif,346,21.309185568483045,17.44979657974851,5.70778835932048,5.208809627150186
m2_10_0.5k.tif,347,16.28942397739719,16.371268010234456,5.105978333855099,4.554156208232128
m2_10_0.5k.tif,348,19.97984158981604,17.333106096997206,5.8587415019333635,5.043721285885853
m2_10_0.5k.tif,349,18.154473738512092,16.769674337242705,5.549158676168973,4.807805515797161
m2_10_0.5k.tif,350,21.40839034301043,17.56648708624669,5.862127079506838,5.22092033781854
m2_10_0.5k.tif,351,14.364851351565852,14.56428239070087,4.863169568021395,4.276668890042341
m2_10_0.5k.tif,352,18.84890716020381,16.721339624716467,5.418912553281054,4.89889517865133
m2_10_0.5k.tif,353,16.646561165695786,15.57445528497734,5.363709967265443,4.603809287971923
m2_10_0.5k.tif,354,16.09101442834241,15.739480551495497,4.995990519515719,4.526335812229316
m2_10_0.5k.tif,355,19.96000063491056,16.886364938728363,5.304194006252729,5.041216333515859
m2_10_0.5k.tif,356,15.932286789098589,15.244404633206676,4.94810452126463,4.503955769980644
m2_10_0.5k.tif,357,21.309185568483045,17.61482189376041,5.8008843739287,5.208809627150186
m2_10_0.5k.tif,358,21.32902652338852,20.218620238551107,6.845753098581507,5.211234020871008
m2_10_0.5k.tif,359,20.73379787622419,19.490163259772192,6.488644412311686,5.13800460962761
m2_10_0.5k.tif,360,17.598927001158714,15.876192068198764,5.140831832894,4.733671915414363
m2_10_0.5k.tif,361,14.72198853986445,15.457764730985422,4.992017564199868,4.32950551288404
m2_10_0.5k.tif,362,19.662386311328397,16.866344071004498,5.556305052183807,5.003491560444832
m2_10_0.5k.tif,363,8.075268646529421,11.892128323178843,3.77961473326898,3.206517016190816
m2_10_0.5k.tif,364,18.07510991889018,15.972861611985591,5.171615532170188,4.797285141011086
m2_10_0.5k.tif,365,18.213996603228523,16.322933226467605,5.304194006252729,4.815680714385297
m2_10_0.5k.tif,366,46.84449453183284,30.605499867899013,10.77355958803981,7.72296982326486
m2_10_0.5k.tif,367,17.598927001158714,17.0997249652665,5.665921375827846,4.733671915414363
m2_10_0.5k.tif,368,16.666402120601262,15.526120477463621,5.105978333855099,4.606552099825584
m2_10_0.5k.tif,369,13.134712147426233,14.330901330210775,4.850914606329052,4.089454109635709
m2_10_0.5k.tif,370,17.06322121871082,15.856171081740545,4.9800796812749,4.661069406930852
m2_10_0.5k.tif,371,12.47996063554547,13.719134905423777,4.863169568021395,3.9862237014390787
m2_10_0.5k.tif,372,14.960079998730182,15.0593583802303,4.789169434331199,4.364374576819093
m2_10_0.5k.tif,373,6.190377930509041,10.483549101894122,3.5467119152918047,2.807460414321087
m2_10_0.5k.tif,374,13.412485516102922,14.330901330210775,4.663227056063596,4.13246983682759
m2_10_0.5k.tif,375,13.610895065157699,14.729307728459636,5.411584743906823,4.162923232080969
m2_10_0.5k.tif,376,20.91236647037349,17.61482194125415,5.9926728910324005,5.160082553997874
m2_10_0.5k.tif,377,21.825050396025464,17.944872521784202,5.9926728910324005,5.271481502391661
m2_10_0.5k.tif,378,19.067157664164064,16.866343881029533,5.665921375827846,4.927175574679049
m2_10_0.5k.tif,379,19.02747575435311,16.769674384736447,5.697350456603623,4.922045770503551
m2_10_0.5k.tif,380,16.725924985317697,15.409429970965444,4.995990519515719,4.614770754174078
m2_10_0.5k.tif,381,17.04338026380534,15.807836250479953,5.1945835898029085,4.658358694630091
m2_10_0.5k.tif,382,15.991809653815022,17.381440809523443,5.74935047396885,4.512361293504192
m2_10_0.5k.tif,383,20.079046364343426,16.98303448251519,5.469932357667722,5.056227432745964
m2_10_0.5k.tif,384,15.198171457595913,15.361095187198595,5.262886379929445,4.398967254649251
m2_10_0.5k.tif,385,14.38469230647133,14.282566593937666,4.735005706774786,4.279621371505539
m2_10_0.5k.tif,386,11.507753845177064,13.767469689190627,4.735005706774786,3.827809721858907
m2_10_0.5k.tif,387,14.97992095363566,14.845998282451555,4.751737227839269,4.367267765454254
m2_10_0.5k.tif,388,18.0552689639847,16.55631426321083,5.662418487470875,4.794651440488119
m2_10_0.5k.tif,389,12.102982492341393,13.767469712937498,4.688686173681203,3.925556765413844
m2_10_0.5k.tif,390,15.118807637974003,15.12771410296163,4.818082319700329,4.387466666985918
m2_10_0.5k.tif,391,16.50767448135744,15.992882598443812,5.469932357667722,4.584563658766209
m2_10_0.5k.tif,392,19.97984158981604,17.16808078298531,5.509687922684993,5.043721285885853
m2_10_0.5k.tif,393,18.888589070014767,16.351247023776235,5.469932357667722,4.904049199202142
m2_10_0.5k.tif,394,15.49578578117808,15.506099514752272,4.995990519515719,4.441829266568087
m2_10_0.5k.tif,395,17.717972730591583,15.97286156449185,5.549158676168973,4.7496550962284045
m2_10_0.5k.tif,396,15.515626736083558,15.361095139704855,4.850914606329052,4.444672037589696
m2_10_0.5k.tif,397,1.369025888477961,4.595830193553788,1.8365626408949975,1.32026432920697
m2_10_0.5k.tif,398,20.952048380184447,18.178253534780556,5.735529899955367,5.164975947751852
m2_10_0.5k.tif,399,14.483897080998718,14.797663474937835,4.797448039359481,4.2943533302933705
m2_10_0.5k.tif,400,13.571213155346744,14.000850725933851,4.646176808641674,4.156850401375727
m2_10_0.5k.tif,401,29.52334089935081,21.200479288025207,7.042896226957645,6.131091674877357
m2_10_0.5k.tif,402,16.58703830097935,16.15790791245571,5.140831832894,4.595571030333843
m2_10_0.5k.tif,403,18.67033856605451,16.701318590764508,5.8077210108020925,4.875634663907315
m2_10_0.5k.tif,404,17.598927001158714,16.13788692599749,5.1677775980369915,4.733671915414363
m2_10_0.5k.tif,405,16.09101442834241,15.409429970965444,5.363709967265443,4.526335812229316
m2_10_0.5k.tif,406,15.852922969476678,15.711166777933737,5.259115052766568,4.492723942596306
m2_10_0.5k.tif,407,19.424294852462662,16.93469967500147,5.315404009612085,4.973105703154833
m2_10_0.5k.tif,408,15.852922969476678,15.312760379684875,4.94810452126463,4.492723942596306
m2_10_0.5k.tif,409,18.868748115109288,16.206242719969428,5.469932357667722,4.901472866374373
m2_10_0.5k.tif,410,20.793320740940626,18.013228268262402,5.8992401971955575,5.145374450292948
m2_10_0.5k.tif,411,20.079046364343426,17.683177616491736,5.8077210108020925,5.056227432745964
m2_10_0.5k.tif,412,17.618767956064193,16.954720685206564,5.942802346683785,4.736339524482345
m2_10_0.5k.tif,413,13.789463659306998,14.61261719821459,4.735005706774786,4.190142053882913
m2_10_0.5k.tif,414,16.567197346073876,17.00305546897341,6.18493015787252,4.592821660640951
m2_10_0.5k.tif,415,18.213996603228523,16.818009121009556,5.315404009612085,4.815680714385297
m2_10_0.5k.tif,416,17.65844986587515,16.15790791245571,5.38217373948458,4.74167024032203
m2_10_0.5k.tif,417,18.868748115109288,19.16011258425466,5.70778835932048,4.901472866374373
m2_10_0.5k.tif,418,18.4124061522833,16.322933250214476,5.418912553281054,4.8418388683239035
m2_10_0.5k.tif,419,16.110855383247888,15.787815382756087,5.2288465133094375,4.5291255418083285
m2_10_0.5k.tif,420,13.293439786670056,13.835825435668825,4.701364032352967,4.114089598191084
m2_10_0.5k.tif,421,16.28942397739719,15.972861659479333,5.509687922684993,4.554156208232128
m2_10_0.5k.tif,422,12.420437770829038,13.369063267194893,4.373406055796843,3.976706241695731
m2_10_0.5k.tif,423,21.626640846970687,17.848202977997374,5.8587415019333635,5.247465516432464
m2_10_0.5k.tif,424,21.42823129791591,18.645015727001358,5.882399625590996,5.223339110400378
m2_10_0.5k.tif,425,9.761749813495026,12.407225204179012,4.368866972004245,3.525485198997858
m2_10_0.5k.tif,426,37.99542864398978,24.62940422662226,8.648722448642395,6.955377938594776
m2_10_0.5k.tif,427,11.229980476500375,13.03901268666484,4.454318680278466,3.781329822864451
m2_10_0.5k.tif,428,16.388628751924575,15.787815382756087,5.259115052766568,4.56800286897174
m2_10_0.5k.tif,429,18.531451881716166,17.05139018149965,5.6694220999034695,4.857466145755199
m2_10_0.5k.tif,430,12.47996063554547,13.719134881676906,4.735005706774786,3.9862237014390787
m2_10_0.5k.tif,431,16.547356391168396,15.856171152981155,5.665921375827846,4.5900706441253964
m2_10_0.5k.tif,432,17.598927001158714,15.972861611985591,5.480803383345659,4.733671915414363
m2_10_0.5k.tif,433,8.293519150489676,12.07717459990209,4.1066789099777505,3.2495594389735096
m2_10_0.5k.tif,434,15.773559149854767,15.711166754186868,5.259115052766568,4.4814639651361965
m2_10_0.5k.tif,435,17.876700369835405,17.236436481969765,6.068345104274031,4.770882710804798
m2_10_0.5k.tif,436,16.249742067586233,15.97286156449185,5.29296026118981,4.5486057415649155
m2_10_0.5k.tif,437,18.809225250392856,17.449796603495383,5.440836766433332,4.893735729954298
m2_10_0.5k.tif,438,14.087077982889163,16.02119637200557,5.171615532170188,4.235118033488858
m2_10_0.5k.tif,439,21.94409612545833,18.411634642764394,5.922736552716537,5.285838718727919
m2_10_0.5k.tif,440,29.979682862176798,20.78205202205248,7.0597789428961555,6.178294081600725
m2_10_0.5k.tif,441,15.079125728163048,14.894333066218405,4.919955790927677,4.38170505364414
m2_10_0.5k.tif,442,18.610815701338076,16.419602912735655,5.29296026118981,4.86785645954374
m2_10_0.5k.tif,443,20.178251138870817,17.56648710999356,5.912678119384793,5.068702722946736
m2_10_0.5k.tif,444,16.626720210790307,16.584628250494422,5.363709967265443,4.601064841058598
m2_10_0.5k.tif,445,16.190219202869798,15.856171105487414,5.171615532170188,4.540267318894828
m2_10_0.5k.tif,446,18.610815701338076,18.906710537306342,5.6694220999034695,4.86785645954374
m2_10_0.5k.tif,447,14.503738035904195,14.777642559720228,4.850914606329052,4.297293661572679
m2_10_0.5k.tif,448,11.091093792162031,14.447591907949564,5.171615532170188,3.757874294138559
m2_10_0.5k.tif,449,51.66584657386392,32.34412952723257,12.05961025311977,8.110671918531981
m2_10_0.5k.tif,450,17.876700369835405,15.807836345467436,5.039486311025306,4.770882710804798
m2_10_0.5k.tif,451,20.277455913398203,16.818009192250166,5.418912553281054,5.081147383767023
m2_10_0.5k.tif,452,17.102903128521774,15.924526851965613,5.315404009612085,4.666486107662665
m2_10_0.5k.tif,453,18.35288328756687,16.371267986487585,5.274184181224593,4.834006284815858
m2_10_0.5k.tif,454,15.852922969476678,15.642811031455539,5.259115052766568,4.492723942596306
m2_10_0.5k.tif,455,20.55522928207489,18.906710537306342,5.9926728910324005,5.115831386298411
m2_10_0.5k.tif,456,17.678290820780624,15.807836321720565,5.469932357667722,4.744333352152495
m2_10_0.5k.tif,457,15.8330820145712,15.292739369479785,5.1677775980369915,4.489911595564787
m2_10_0.5k.tif,458,15.971968698909544,15.739480622736108,5.259115052766568,4.509561193145499
m2_10_0.5k.tif,459,18.452088062094255,16.914678759783865,5.9926728910324005,4.847053558977249
m2_10_0.5k.tif,460,15.49578578117808,17.401461819728535,5.418912553281054,4.441829266568087
m2_10_0.5k.tif,461,17.81717750511897,16.487958516732633,5.637837329914306,4.762933442226887
m2_10_0.5k.tif,462,22.53932477262266,18.109897764555487,5.862127079506838,5.357047658191221
m2_10_0.5k.tif,463,21.32902652338852,18.528325173009442,6.251934193814828,5.211234020871008
m2_10_0.5k.tif,464,19.88063681528865,16.886364914981495,5.418912553281054,5.031184052262771
m2_10_0.5k.tif,465,18.33304233266139,16.886364914981495,5.613148527332818,4.831392601853864
m2_10_0.5k.tif,466,21.467913207726866,17.381440857017186,5.509687922684993,5.228173298487737
m2_10_0.5k.tif,467,19.10683957397502,16.769674360989576,5.480803383345659,4.932300043640466
m2_10_0.5k.tif,468,16.864811669656042,15.292739464467267,4.822198580442313,4.633890927969401
m2_10_0.5k.tif,469,18.174314693417568,16.322933226467605,5.140831832894,4.81043201449938
m2_10_0.5k.tif,470,21.150457929239224,17.68317766398548,5.969451818235736,5.189373702554554
m2_10_0.5k.tif,471,18.49176997190521,16.419602817748174,5.171615532170188,4.852262645444489
m2_10_0.5k.tif,472,12.618847319883814,14.165876016198878,4.663227056063596,4.008343225904114
m2_10_0.5k.tif,473,22.38059713337884,18.178253582274298,5.70778835932048,5.338151487641051
m2_10_0.5k.tif,474,21.24966270376661,17.56648710999356,5.697350456603623,5.201529666042439
m2_10_0.5k.tif,475,17.99574609926827,16.274598442700757,5.469932357667722,4.7867416444385125
m2_10_0.5k.tif,476,11.904572943286617,14.962688788949732,4.995990519515719,3.8932471067961747
m2_10_0.5k.tif,477,22.777416231488395,18.343278896286193,5.8587415019333635,5.385267595284712
m2_10_0.5k.tif,478,14.841034269297316,14.729307775953378,4.883526164195723,4.346975007570099
m2_10_0.5k.tif,479,18.51161092681069,17.003055421479672,5.745898446954564,4.854865092746337
m2_10_0.5k.tif,480,17.28147172267107,16.13788697349123,5.418912553281054,4.690783856513462
m2_10_0.5k.tif,481,22.340915223567883,18.906710584800084,6.5252348024538644,5.333416984281506
m2_10_0.5k.tif,482,18.65049761114903,16.48795856422637,5.102091025842908,4.873043308601272
m2_10_0.5k.tif,483,19.424294852462662,16.536293347993222,5.363709967265443,4.973105703154833
m2_10_0.5k.tif,484,20.694115966413236,17.56648708624669,5.790614284362006,5.13308550403874
m2_10_0.5k.tif,485,18.293360422850434,17.216415543005287,5.469932357667722,4.826160989489092
m2_10_0.5k.tif,486,15.75371819494929,15.457764683491682,5.213646345937212,4.478644547452196
m2_10_0.5k.tif,487,21.86473230583642,18.24660942373998,6.178510924012281,5.276271581982808
m2_10_0.5k.tif,488,25.059126045618328,18.926731595005172,6.022396995151783,5.648563555257579
m2_10_0.5k.tif,489,19.642545356422918,16.818009144756424,5.637837329914306,5.000966457301199
m2_10_0.5k.tif,490,17.420358407009417,16.021196443246183,5.437188870102065,4.709595439872095
m2_10_0.5k.tif,491,21.209980793955655,17.964893531989294,5.976095617529881,5.196670692851111
m2_10_0.5k.tif,492,2.519801272995667,6.917912717834413,2.4315847840106977,1.791175766264184
m2_10_0.5k.tif,493,12.499801590450948,13.53408862870053,4.494228754055171,3.9893911423055055
m2_10_0.5k.tif,494,13.749781749496043,16.60464909447142,5.240217704368887,4.184108728861642
m2_10_0.5k.tif,495,20.13856922905986,17.333106073250335,5.38217373948458,5.063716295056994
m2_10_0.5k.tif,496,18.194155648323047,16.2062427437163,5.363709967265443,4.813057079914128
m2_10_0.5k.tif,497,15.218012412501391,14.612617174467719,4.863169568021395,4.401837706670627
m2_10_0.5k.tif,498,16.78544785003413,15.292739345732913,5.039486311025306,4.622974797546842
m2_10_0.5k.tif,499,20.535388327169414,17.333106025756596,5.697350456603623,5.113361759610302
m2_10_0.5k.tif,500,19.18620339359693,16.701318590764508,5.418912553281054,4.942533042283035
m2_10_0.5k.tif,501,21.130616974333744,17.333106049503463,5.8077210108020925,5.186939091253511
m2_10_0.5k.tif,502,24.920239361279986,18.810041064760124,5.912678119384793,5.632888621218017
m2_10_0.5k.tif,503,14.622783765337061,14.447591884202692,4.667479885999993,4.314893572747593
m2_10_0.5k.tif,504,20.694115966413236,17.168080664250958,5.704311180588189,5.13308550403874
m2_10_0.5k.tif,505,20.336978778114638,17.16808078298531,5.538421822493166,5.088599571663637
m2_10_0.5k.tif,506,15.297376232123304,15.477785693696772,4.928014691973299,4.413300845108021
m2_10_0.5k.tif,507,16.031491563625977,15.196069825692957,5.140831832894,4.517956287957724
m2_10_0.5k.tif,508,16.983857399088908,15.856171271715507,5.8008843739287,4.650217076939836
m2_10_0.5k.tif,509,19.940159680005085,17.09972513149459,5.480803383345659,5.038710135830014
m2_10_0.5k.tif,510,21.646481801876167,17.99320732929792,5.942802346683785,5.249872058873319
m2_10_0.5k.tif,511,20.178251138870817,16.934699746242085,5.623742714539086,5.068702722946736
m2_10_0.5k.tif,512,19.36477198774623,16.886364914981495,5.581245309211913,4.965480185196418
m2_10_0.5k.tif,513,17.04338026380534,17.09972494151963,5.1677775980369915,4.658358694630091
m2_10_0.5k.tif,514,18.630656656243556,16.701318614511376,5.437188870102065,4.870450574547767
m2_10_0.5k.tif,515,17.38067649719846,16.652983806997657,5.274184181224593,4.704228377798224
m2_10_0.5k.tif,516,18.33304233266139,16.5563142869577,5.363709967265443,4.831392601853864
m2_10_0.5k.tif,517,16.805288804939607,15.739480551495497,5.240217704368887,4.625706245228314
m2_10_0.5k.tif,518,14.761670449675405,14.962688765202861,4.751737227839269,4.335336499382166
m2_10_0.5k.tif,519,19.523499626990052,16.98303450626206,5.556305052183807,4.985788982368381
m2_10_0.5k.tif,520,14.305328486849419,14.447591860455821,4.701364032352967,4.267799190435641
m2_10_0.5k.tif,521,16.42831066173553,15.691145791475519,5.090411290510215,4.573529795214629
m2_10_0.5k.tif,522,18.57113379152712,17.05139018149965,5.538421822493166,4.862664077842494
m2_10_0.5k.tif,523,17.97590514436279,17.848202977997374,5.922736552716537,4.784102139608952
m2_10_0.5k.tif,524,18.51161092681069,16.371267986487585,5.556305052183807,4.854865092746337
m2_10_0.5k.tif,525,20.277455913398203,17.051390252740262,5.440836766433332,5.081147383767023
m2_10_0.5k.tif,526,17.023539308899863,15.787815382756087,5.179282868525897,4.65564640403938
m2_10_0.5k.tif,527,16.051332518531456,15.244404609459806,4.9800796812749,4.520751188495967
m2_10_0.5k.tif,528,21.467913207726866,17.61482194125415,5.922736552716537,5.228173298487737
m2_10_0.5k.tif,529,21.86473230583642,17.614821917507278,5.623742714539086,5.276271581982808
m2_10_0.5k.tif,530,16.58703830097935,15.457764683491682,5.090411290510215,4.595571030333843
m2_10_0.5k.tif,531,17.102903128521774,15.924526828218742,5.274184181224593,4.666486107662665
m2_10_0.5k.tif,532,17.91638227964636,16.13788697349123,5.2288465133094375,4.776174872954095
m2_10_0.5k.tif,533,21.031412199806358,19.441828428511602,6.621820772348471,5.174748853269982
m2_10_0.5k.tif,534,19.761591085855784,16.886364962475234,5.469932357667722,5.0160980091498875
m2_10_0.5k.tif,535,13.273598831764579,15.409429923471702,4.995990519515719,4.111018235614277
m2_10_0.5k.tif,536,21.686163711687122,19.65518862127783,6.299357888781633,5.254681837306681
m2_10_0.5k.tif,537,21.348867478294,17.683177640238608,5.581245309211913,5.213657287228839
m2_10_0.5k.tif,538,18.114791828701136,16.371267986487585,5.418912553281054,4.802548209122703
m2_10_0.5k.tif,539,12.241869176679737,14.61261719821459,4.735005706774786,3.948016202755902
m2_10_0.5k.tif,540,20.31713782320916,17.119745975471588,5.509687922684993,5.086116722249342
m2_10_0.5k.tif,541,17.797336550213494,16.137886878503746,5.538421822493166,4.760280736121799
m2_10_0.5k.tif,542,18.0552689639847,16.487958516732633,5.549158676168973,4.794651440488119
m2_10_0.5k.tif,543,20.67427501150776,17.518152326226712,5.9926728910324005,5.130624182629409
m2_10_0.5k.tif,544,20.75363883112967,17.848202954250503,5.662418487470875,5.140462397192059
m2_10_0.5k.tif,545,21.8845732607419,17.964893508242422,5.8077210108020925,5.2786649917597845
m2_10_0.5k.tif,546,24.62262503769782,20.782051903318127,6.994840584095394,5.599151711927709
m2_10_0.5k.tif,547,17.65844986587515,15.856171010499933,5.262886379929445,4.74167024032203
m2_10_0.5k.tif,548,20.277455913398203,16.983034553755804,6.0585284166316935,5.081147383767023
m2_10_0.5k.tif,549,25.336899414295015,18.858375848526975,5.9926728910324005,5.679783646870503
m2_10_0.5k.tif,550,20.257614958492727,17.264750255531524,5.6694220999034695,5.078660891137692
m2_10_0.5k.tif,551,20.67427501150776,17.751533410463676,5.817960902992126,5.130624182629409
m2_10_0.5k.tif,552,22.04330089998572,17.896537761764225,5.70778835932048,5.297773343807568
m2_10_0.5k.tif,553,11.428390025555153,13.835825411921954,4.476534871363393,3.814587541687006
m2_10_0.5k.tif,554,17.182266948143685,15.691145862716128,5.524073555323525,4.677300690202897
m2_10_0.5k.tif,555,24.00755543562801,18.57665995677629,5.942802346683785,5.528776442673658
m2_10_0.5k.tif,556,18.967952889636678,16.58462815550694,5.315404009612085,4.914341024161735
m2_10_0.5k.tif,557,18.154473738512092,16.1378869972381,5.105978333855099,4.807805515797161
m2_10_0.5k.tif,558,19.702068221139353,16.934699627507733,5.480803383345659,5.008537947567591
m2_10_0.5k.tif,559,19.860795860383174,17.09972506025398,5.697350456603623,5.028672854675702
m2_10_0.5k.tif,560,18.888589070014767,16.886364938728363,5.509687922684993,4.904049199202142
m2_10_0.5k.tif,561,18.293360422850434,16.4879585404795,5.304194006252729,4.826160989489092
m2_10_0.5k.tif,562,19.483817717179097,17.51815237372045,5.942802346683785,4.9807195464033125
m2_10_0.5k.tif,563,18.471929016999734,16.371267986487585,5.179282868525897,4.849658801605014
m2_10_0.5k.tif,564,20.297296868303683,16.866343881029533,5.418912553281054,5.083632660209963
m2_10_0.5k.tif,565,21.8845732607419,18.129918822254318,5.942802346683785,5.2786649917597845
m2_10_0.5k.tif,566,21.983778035269285,18.01322831575614,5.8587415019333635,5.290615799430642
m2_10_0.5k.tif,567,17.06322121871082,16.08955218972438,5.1945835898029085,4.661069406930852
m2_10_0.5k.tif,568,14.325169441754896,14.962688788949732,4.850914606329052,4.270757803747957
m2_10_0.5k.tif,569,12.023618672719483,13.534088652447402,4.5512588282055235,3.912664918559032
m2_10_0.5k.tif,570,21.487754162632342,17.663156843755353,5.70778835932048,5.230588717095916
m2_10_0.5k.tif,571,22.916302915826737,18.294944160013085,5.697350456603623,5.401661141867409
m2_10_0.5k.tif,572,13.452167425913878,14.962688812696603,4.899750548306312,4.1385784430250645
m2_10_0.5k.tif,573,18.43224710718878,16.371268010234456,5.262886379929445,4.844446915304477
m2_10_0.5k.tif,574,44.12628370978239,29.156878626204108,9.9601593625498,7.495553974290224
m2_10_0.5k.tif,575,19.62270440151744,16.93469967500147,5.8587415019333635,4.9984400785305745
m2_10_0.5k.tif,576,17.321153632482027,15.807836297973695,4.995990519515719,4.696166283822287
m2_10_0.5k.tif,577,15.218012412501391,15.011023525222841,5.015808092435925,4.401837706670627
m2_10_0.5k.tif,578,17.182266948143685,15.856171129234285,5.274184181224593,4.677300690202897
m2_10_0.5k.tif,579,39.046999253980104,24.814450432104895,8.908637360556932,7.050970397995716
m2_1_0.5k.tif,1,26.725766257678455,19.25678227052271,6.110701852660545,5.833378306146867
m2_1_0.5k.tif,2,21.765527531309033,17.731512447752326,5.6694220999034695,5.2642882106591165
m2_1_0.5k.tif,3,26.646402438056544,19.421807465800253,6.18493015787252,5.824710577278586
m2_1_0.5k.tif,4,21.40839034301043,17.6348429039655,5.6343169815661165,5.22092033781854
m2_1_0.5k.tif,5,26.408310979190812,19.09175681402959,6.110701852660545,5.798629652630828
m2_1_0.5k.tif,6,25.39642227901145,19.04342212525022,6.0716138064255665,5.686451366223973
m2_1_0.5k.tif,7,24.6424659926033,22.56072367804934,7.251105467410876,5.601407160845742
m2_1_0.5k.tif,8,21.09093506452279,17.498131434755972,5.662418487470875,5.182066437203587
m2_1_0.5k.tif,9,24.08691925524992,18.810040993519515,6.18493015787252,5.537907376132887
m2_1_0.5k.tif,10,21.467913207726866,18.411634714005004,6.239226997356903,5.228173298487737
m2_1_0.5k.tif,11,21.348867478294,20.870428660001416,7.017495997533282,5.213657287228839
m2_1_0.5k.tif,12,25.13848986524024,18.858375848526975,5.922736552716537,5.6575011614093365
m2_1_0.5k.tif,13,23.749623021856802,18.693350463274466,6.149541450371766,5.498996199669599
m2_1_0.5k.tif,14,29.00747607180839,22.258986918574788,7.4375118337029775,6.07729097769602
m2_1_0.5k.tif,15,21.706004666592598,17.848203049237988,5.60961268538993,5.257085076324301
m2_1_0.5k.tif,16,16.60687925588483,15.972861659479333,5.2288465133094375,4.598318756158018
m2_1_0.5k.tif,17,23.055189600165082,19.07173589881198,6.430283821342221,5.418005085850054
m2_1_0.5k.tif,18,26.447992889001767,19.256782175535225,6.136622231374249,5.8029846135545995
m2_1_0.5k.tif,19,24.88055745146903,18.906710632293823,6.188137277692856,5.628402050517134
m2_1_0.5k.tif,20,17.340994587387506,15.856171176728026,5.121498060630455,4.698855185436149
m2_1_0.5k.tif,21,19.781432040761263,19.256782175535225,5.74935047396885,5.018615498898917
m2_1_0.5k.tif,22,24.225805939588266,20.286976032523047,6.594798947110299,5.55385038737665
m2_1_0.5k.tif,23,21.209980793955655,17.16808078298531,5.549158676168973,5.196670692851111
m2_1_0.5k.tif,24,20.03936445453247,16.98303443502145,5.623742714539086,5.051228689623043
m2_1_0.5k.tif,25,17.420358407009417,16.5563142869577,5.418912553281054,4.709595439872095
m2_1_0.5k.tif,26,24.344851669021132,19.888569634274184,6.255106959405412,5.567479488575556
m2_1_0.5k.tif,27,1.111093474706751,4.47913966330874,1.7019927779516995,1.1894066377374197
m2_1_0.5k.tif,28,22.142505674513107,18.01322831575614,5.74935047396885,5.309681143375073
m2_1_0.5k.tif,29,23.769463976762278,18.810041064760124,6.289901754520695,5.501292711024533
m2_1_0.5k.tif,30,23.809145886573233,18.64501575074823,6.223306514666657,5.505882860100964
m2_1_0.5k.tif,31,18.5909747464326,16.43962373296578,5.29296026118981,4.865260961380257
m2_1_0.5k.tif,32,19.999682544721516,18.013228268262402,5.979414748925751,5.046224994794525
m2_1_0.5k.tif,33,26.76544816748941,19.325137945760297,6.299357888781633,5.837707344446688
m2_1_0.5k.tif,34,19.28540816812432,17.44979655600164,5.8077210108020925,4.955294574090868
m2_1_0.5k.tif,35,16.3687877970191,15.574455308724211,5.1677775980369915,4.565236896650937
m2_1_0.5k.tif,36,25.713877557499092,19.936904441787902,6.464135752823886,5.72188131253051
m2_1_0.5k.tif,37,0.8928429707464963,4.03239852878677,1.5170862760685078,1.0662096311669949
m2_1_0.5k.tif,38,27.182108220504443,19.538498019792172,6.330776327518209,5.8829699213591935
m2_1_0.5k.tif,39,22.836939096204826,17.896537738017354,5.882399625590996,5.39229950373646
m2_1_0.5k.tif,40,24.900398406374507,18.926731547511434,6.048695797087242,5.63064578273722
m2_1_0.5k.tif,41,19.18620339359693,16.76967440848332,5.745898446954564,4.942533042283035
m2_1_0.5k.tif,42,24.940080316185462,18.69335053451508,5.885771594698868,5.635130567026675
m2_1_0.5k.tif,43,16.884652624561518,16.041217429704403,5.509687922684993,4.636615944922339
m2_1_0.5k.tif,44,21.50759511753782,17.614821917507278,5.817960902992126,5.233003020809568
m2_1_0.5k.tif,45,22.836939096204826,17.896537809257964,5.581245309211913,5.39229950373646
m2_1_0.5k.tif,46,24.999603180901897,19.771879080282265,6.355799256391959,5.64185105905954
m2_1_0.5k.tif,47,26.031332835986735,19.373472729527144,6.251934193814828,5.75709322218611
m2_1_0.5k.tif,48,23.213917239408904,18.246609352499366,6.048695797087242,5.4366237149010725
m2_1_0.5k.tif,49,20.05920540943795,17.63484285647176,6.048695797087242,5.053728679229019
m2_1_0.5k.tif,50,19.682227266233873,16.983034458768323,5.437188870102065,5.006015389891807
m2_1_0.5k.tif,51,23.372644878652725,18.411634642764394,6.136622231374249,5.455178798586938
m2_1_0.5k.tif,52,25.713877557499092,19.373472777020886,6.255106959405412,5.72188131253051
m2_1_0.5k.tif,53,23.273440104125335,18.294944183759956,5.745898446954564,5.443589283055585
m2_1_0.5k.tif,54,29.34477230520151,20.383645528816135,6.299357888781633,6.11252194517384
m2_1_0.5k.tif,55,23.352803923747246,18.294944112519346,5.8077210108020925,5.452862866069664
m2_1_0.5k.tif,56,24.563102172981385,18.741685318281927,6.081409371503486,5.592379907339102
m2_1_0.5k.tif,57,27.519404453897565,19.65518862127783,6.188137277692856,5.9193575663464815
m2_1_0.5k.tif,58,24.88055745146903,18.57665993302942,5.9926728910324005,5.628402050517134
m2_1_0.5k.tif,59,17.55924509134776,16.371268010234456,5.363709967265443,4.728332182281694
m2_1_0.5k.tif,60,20.892525515468012,17.6348429039655,5.697350456603623,5.157634116111986
m2_1_0.5k.tif,61,20.55522928207489,17.216415637992768,5.581245309211913,5.115831386298411
m2_1_0.5k.tif,62,19.82111395057222,17.03136917129456,5.5348382428086875,5.023646693645001
m2_1_0.5k.tif,63,23.908350661100624,18.528325244250052,5.912678119384793,5.5173415256904645
m2_1_0.5k.tif,64,25.118648910334763,18.975066283784543,6.0977003446270786,5.655268084092656
m2_1_0.5k.tif,65,23.015507690354127,18.411634619017523,5.976095617529881,5.41334042283645
m2_1_0.5k.tif,66,20.118728274154382,17.58650809645178,5.6343169815661165,5.061221238835028
m2_1_0.5k.tif,67,24.205964984682787,18.64501570325449,6.136622231374249,5.551575617513716
m2_1_0.5k.tif,68,24.80119363184712,18.810041064760124,6.048695797087242,5.619418162826259
m2_1_0.5k.tif,69,18.134632783606612,15.924526851965613,5.039486311025306,4.805177581457176
m2_1_0.5k.tif,70,21.487754162632342,18.06156307577612,5.6343169815661165,5.230588717095916
m2_1_0.5k.tif,71,20.971889335089923,17.333106096997206,5.524073555323525,5.167420906917309
m2_1_0.5k.tif,72,20.515547372263935,17.216415543005287,5.704311180588189,5.110890939577365
m2_1_0.5k.tif,73,26.22974238504151,19.373472753274015,6.355799256391959,5.778991715935476
m2_1_0.5k.tif,74,24.225805939588266,18.761706352233887,6.251934193814828,5.55385038737665
m2_1_0.5k.tif,75,20.456024507547504,20.05359492453921,5.745898446954564,5.103471302072847
m2_1_0.5k.tif,76,24.245646894493742,18.810041041013257,6.068345104274031,5.556124225910965
m2_1_0.5k.tif,77,18.710020475865466,16.43962373296578,5.304194006252729,4.880813247060014
m2_1_0.5k.tif,78,20.277455913398203,17.381440880764053,5.8587415019333635,5.081147383767023
m2_1_0.5k.tif,79,27.817018777479728,19.936904370547293,6.223306514666657,5.951279553518534
m2_1_0.5k.tif,80,22.519483817717184,18.06156302828238,5.817960902992126,5.354689283585098
m2_1_0.5k.tif,81,19.007634799447633,17.148059749033347,5.8315861228304575,4.919478862495594
m2_1_0.5k.tif,82,22.65837050205553,18.57665995677629,6.028982450367154,5.371176160067534
m2_1_0.5k.tif,83,23.015507690354127,20.500336154048664,6.678507814438332,5.41334042283645
m2_1_0.5k.tif,84,26.3289471595689,19.49016323602532,6.136622231374249,5.7899099038590975
m2_1_0.5k.tif,85,26.567038618434633,23.502540825847614,8.28551169047228,5.816029930760088
m2_1_0.5k.tif,86,20.118728274154382,16.886364891234624,5.418912553281054,5.061221238835028
m2_1_0.5k.tif,87,19.840954905477695,17.05139022899339,5.70778835932048,5.026160402430598
m2_1_0.5k.tif,88,20.91236647037349,19.14009164529018,6.236046152389853,5.160082553997874
m2_1_0.5k.tif,89,20.336978778114638,17.09972498901337,5.60961268538993,5.088599571663637
m2_1_0.5k.tif,90,25.178171775051194,19.256782151788357,6.068345104274031,5.661964673868066
m2_1_0.5k.tif,91,21.983778035269285,18.081584085981213,6.005901765610094,5.290615799430642
m2_1_0.5k.tif,92,25.21785368486215,19.0917568852702,6.18493015787252,5.666424670364182
m2_1_0.5k.tif,93,23.86866875128967,18.528325173009442,5.8587415019333635,5.512760917573559
m2_1_0.5k.tif,94,25.852764241837438,19.256782199282096,6.330776327518209,5.737313114465916
m2_1_0.5k.tif,95,19.18620339359693,16.701318638258247,5.469932357667722,4.942533042283035
m2_1_0.5k.tif,96,27.45988158918113,20.335310721302413,6.355799256391959,5.912952488654923
m2_1_0.5k.tif,97,23.828986841478713,18.52832522050318,5.9926728910324005,5.508176500217157
m2_1_0.5k.tif,98,20.65443405660228,17.964893531989294,5.6694220999034695,5.128161679880104
m2_1_0.5k.tif,99,24.95992127109094,19.04342210150335,6.204148008923282,5.637371621228224
m2_1_0.5k.tif,100,26.8646529420168,20.005260188266103,6.223306514666657,5.848515921271106
m2_1_0.5k.tif,101,23.967873525817055,18.74168541326941,6.340171499139263,5.5242053162677855
m2_1_0.5k.tif,102,21.78536848621451,18.01322829200927,5.9926728910324005,5.26668706619973
m2_1_0.5k.tif,103,27.221790130315398,19.868548552828482,6.55254350733009,5.887262493926945
m2_1_0.5k.tif,104,20.41634259773655,17.333106025756596,5.70778835932048,5.098518878488065
m2_1_0.5k.tif,105,22.321074268662407,17.896537690523612,5.8008843739287,5.331048155834974
m2_1_0.5k.tif,106,21.96393708036381,17.96489346074868,5.942802346683785,5.288227798496786
m2_1_0.5k.tif,107,21.11077601942827,17.683177711479217,5.641355481476612,5.184503336673903
m2_1_0.5k.tif,108,21.527436072443297,18.061563099522992,5.637837329914306,5.235416211171088
m2_1_0.5k.tif,109,17.618767956064193,16.157907888708838,5.363709967265443,4.736339524482345
m2_1_0.5k.tif,110,20.65443405660228,17.799868194230527,5.641355481476612,5.128161679880104
m2_1_0.5k.tif,111,18.908430024920243,16.934699698748343,5.524073555323525,4.906624179268892
m2_1_0.5k.tif,112,39.06684020888558,28.215061478405836,9.594896078718962,7.052761575567603
m2_1_0.5k.tif,113,16.3687877970191,15.642810983961798,5.171615532170188,4.565236896650937
m2_1_0.5k.tif,114,25.416263233916926,19.256782199282096,6.289901754520695,5.68867220261648
m2_1_0.5k.tif,115,20.971889335089923,17.333106025756596,5.8587415019333635,5.167420906917309
m2_1_0.5k.tif,116,24.44405644354852,18.57665995677629,5.912678119384793,5.57881163848219
m2_1_0.5k.tif,117,21.150457929239224,17.54646609978847,5.922736552716537,5.189373702554554
m2_1_0.5k.tif,118,22.65837050205553,17.779847279012916,5.704311180588189,5.371176160067534
m2_1_0.5k.tif,119,22.63852954715005,18.45996942653124,5.942802346683785,5.368823991721731
m2_1_0.5k.tif,120,25.078967000523807,18.906710561053213,6.330776327518209,5.650799282064007
m2_1_0.5k.tif,121,19.404453897557186,16.818009144756424,5.637837329914306,4.9705651636770805
m2_1_0.5k.tif,122,22.360756178473363,18.624994669302527,6.022396995151783,5.335784761083734
m2_1_0.5k.tif,123,18.710020475865466,16.934699722495214,5.556305052183807,4.880813247060014
m2_1_0.5k.tif,124,15.57514960079999,15.244404656953547,5.1677775980369915,4.453189462273599
m2_1_0.5k.tif,125,23.452008698274636,18.50830425779183,6.299357888781633,5.464432713293876
m2_1_0.5k.tif,126,19.424294852462662,16.769674337242705,5.623742714539086,4.973105703154833
m2_1_0.5k.tif,127,23.9281916160061,18.810041017266386,5.942802346683785,5.519630404248036
m2_1_0.5k.tif,128,23.610736337518457,18.479990436736333,6.152767016526097,5.482893687209699
m2_1_0.5k.tif,129,16.944175489277953,15.457764683491682,5.179282868525897,4.644781403454952
m2_1_0.5k.tif,130,14.741829494769927,15.01102359646345,5.027661141085244,4.332421987120398
m2_1_0.5k.tif,131,23.59089538261298,18.62499471679627,5.8992401971955575,5.480589466184545
m2_1_0.5k.tif,132,33.808987158933995,25.3095264453812,8.928659295225088,6.561016645170021
m2_1_0.5k.tif,133,15.813241059665723,14.845998234957815,4.899750548306312,4.487097485858333
m2_1_0.5k.tif,134,19.166362438691454,17.916558724475575,6.136622231374249,4.939976779871403
m2_1_0.5k.tif,135,16.28942397739719,16.041217429704403,5.418912553281054,4.554156208232128
m2_1_0.5k.tif,136,24.02739639053349,18.693350487021338,5.912678119384793,5.531060589204764
m2_1_0.5k.tif,137,18.015587054173746,16.6529838544914,5.363709967265443,4.789379694594371
m2_1_0.5k.tif,138,25.257535594673104,18.790020078301907,6.094445633776238,5.670881159193319
m2_1_0.5k.tif,139,24.047237345438965,20.238641177515586,6.3776137823036345,5.533343792847605
m2_1_0.5k.tif,140,14.880716179108271,15.05935835648343,4.688686173681203,4.352782592000316
m2_1_0.5k.tif,141,19.781432040761263,17.09972498901337,5.469932357667722,5.018615498898917
m2_1_0.5k.tif,142,20.079046364343426,17.546466194775952,5.6694220999034695,5.056227432745964
m2_1_0.5k.tif,143,22.499642862811704,18.178253582274298,6.081409371503486,5.352329869818389
m2_1_0.5k.tif,144,21.745686576403553,18.411634690258133,6.0585284166316935,5.261888261498299
m2_1_0.5k.tif,145,22.440119998095273,18.294944136266217,5.979414748925751,5.34524537979102
m2_1_0.5k.tif,146,24.54326121807591,19.09175698025768,6.152767016526097,5.590120816191645
m2_1_0.5k.tif,147,20.118728274154382,17.51815237372045,5.581245309211913,5.061221238835028
m2_1_0.5k.tif,148,24.86071649656355,19.160112631748397,6.299357888781633,5.626157423488479
m2_1_0.5k.tif,149,9.186362121236172,12.05715361344387,4.033557117792149,3.4200057785060958
m2_1_0.5k.tif,150,16.60687925588483,15.807836297973695,5.078704694813531,4.598318756158018
m2_1_0.5k.tif,151,18.313201377755913,16.53629330049948,5.549158676168973,4.828777504178184
m2_1_0.5k.tif,152,20.6345931016968,20.56869185303312,5.969451818235736,5.125697994088197
m2_1_0.5k.tif,153,21.24966270376661,17.566487157487302,5.662418487470875,5.201529666042439
m2_1_0.5k.tif,154,23.5710544277075,18.479990412989462,5.817960902992126,5.478284275981125
m2_1_0.5k.tif,155,20.356819733020114,17.381440999498405,5.549158676168973,5.091081210226989
m2_1_0.5k.tif,156,14.424374216282285,15.807836297973695,5.538421822493166,4.2855202321572206
m2_1_0.5k.tif,157,22.063141854891196,17.683177711479217,5.662418487470875,5.300157043970393
m2_1_0.5k.tif,158,15.912445834193111,15.99288257469694,5.363709967265443,4.501150440670804
m2_1_0.5k.tif,159,26.17021952032508,19.820213792808502,6.513060846323433,5.77243089068011
m2_1_0.5k.tif,160,25.813082332026482,19.18842654779138,6.136622231374249,5.732908266895666
m2_1_0.5k.tif,161,21.547277027348777,17.449796650989125,5.469932357667722,5.237828289719317
m2_1_0.5k.tif,162,20.872684560562536,17.44979657974851,5.704311180588189,5.155184515348728
m2_1_0.5k.tif,163,19.97984158981604,17.236436600704117,5.8587415019333635,5.043721285885853
m2_1_0.5k.tif,164,17.63860891096967,16.274598466447625,5.2288465133094375,4.7390056319405875
m2_1_0.5k.tif,165,20.05920540943795,17.09972503650711,5.440836766433332,5.053728679229019
m2_1_0.5k.tif,166,22.856780051110306,19.53849804353904,6.485585894860441,5.394641436313209
m2_1_0.5k.tif,167,25.47578609863336,20.898742576044395,6.914962134545731,5.695329515839652
m2_1_0.5k.tif,168,18.313201377755913,16.206242696222557,5.480803383345659,4.828777504178184
m2_1_0.5k.tif,169,21.94409612545833,19.60685376627037,6.424109759600438,5.285838718727919
m2_1_0.5k.tif,170,22.420279043189794,17.848202977997374,5.882399625590996,5.342881795603032
m2_1_0.5k.tif,171,18.174314693417568,16.322933226467605,5.38217373948458,4.81043201449938
m2_1_0.5k.tif,172,15.555308645894513,15.127714079214758,4.9800796812749,4.450352131968173
m2_1_0.5k.tif,173,22.45996095300075,17.848202977997374,5.817960902992126,5.34760791930076
m2_1_0.5k.tif,174,20.6345931016968,18.08158406223434,6.022396995151783,5.125697994088197
m2_1_0.5k.tif,175,44.721512356946725,29.857021760180654,10.548368362449185,7.545939175028301
m2_1_0.5k.tif,176,18.67033856605451,16.60464914196516,5.6694220999034695,4.875634663907315
m2_1_0.5k.tif,177,19.602863446611963,17.11974599921846,5.437188870102065,4.9959124221977484
m2_1_0.5k.tif,178,24.78135267694164,19.421807513293995,6.18493015787252,5.617169945827764
m2_1_0.5k.tif,179,14.285487531943941,14.495926691716411,4.883526164195723,4.264838524667979
m2_1_0.5k.tif,180,21.19013983905018,17.449796650989125,5.60961268538993,5.194239501750634
m2_1_0.5k.tif,181,19.840954905477695,17.518152326226712,5.697350456603623,5.026160402430598
m2_1_0.5k.tif,182,16.983857399088908,16.322933226467605,5.480803383345659,4.650217076939836
m2_1_0.5k.tif,183,17.261630767765595,15.992882598443812,5.140831832894,4.6880903255095605
m2_1_0.5k.tif,184,20.55522928207489,17.381440857017186,5.6694220999034695,5.115831386298411
m2_1_0.5k.tif,185,23.035348645259603,18.459969474024984,5.8315861228304575,5.415673256568022
m2_1_0.5k.tif,186,16.52751543626292,15.57445521373673,5.1945835898029085,4.587317977824381
m2_1_0.5k.tif,187,13.035507372898845,14.680972968439658,4.818082319700329,4.0739812803769215
m2_1_0.5k.tif,188,23.650418247329412,18.411634619017523,6.0716138064255665,5.487499226608226
m2_1_0.5k.tif,189,21.130616974333744,17.964893531989294,5.9926728910324005,5.186939091253511
m2_1_0.5k.tif,190,21.19013983905018,17.68317773522609,5.8587415019333635,5.194239501750634
m2_1_0.5k.tif,191,12.81725686893859,14.56428243819461,5.015808092435925,4.039732454081706
m2_1_0.5k.tif,192,10.535547054808656,14.61261722196146,5.027661141085244,3.6625503594627142
m2_1_0.5k.tif,193,23.5710544277075,18.411634666511265,5.942802346683785,5.478284275981125
m2_1_0.5k.tif,194,23.630577292423936,18.294944183759956,5.922736552716537,5.485196940277981
m2_1_0.5k.tif,195,20.8131616958461,17.56648708624669,5.60961268538993,5.1478287191901035
m2_1_0.5k.tif,196,21.42823129791591,20.005260212012974,6.430283821342221,5.223339110400378
m2_1_0.5k.tif,197,19.404453897557186,16.487958516732633,5.363709967265443,4.9705651636770805
m2_1_0.5k.tif,198,20.872684560562536,17.381440809523443,5.6694220999034695,5.155184515348728
m2_1_0.5k.tif,199,18.710020475865466,16.769674384736447,5.469932357667722,4.880813247060014
m2_1_0.5k.tif,200,22.916302915826737,18.294944160013085,6.068345104274031,5.401661141867409
m2_1_0.5k.tif,201,14.821193314391838,14.845998234957815,4.9800796812749,4.34406830379635
m2_1_0.5k.tif,202,16.547356391168396,15.52612045371675,4.995990519515719,4.5900706441253964
m2_1_0.5k.tif,203,19.18620339359693,16.60464909447142,5.509687922684993,4.942533042283035
m2_1_0.5k.tif,204,11.62679957460993,13.767469641696886,4.701364032352967,3.847557796460416
m2_1_0.5k.tif,205,21.78536848621451,18.081584085981213,5.745898446954564,5.26668706619973
m2_1_0.5k.tif,206,16.70608403041222,15.292739416973525,4.995990519515719,4.612032830020774
m2_1_0.5k.tif,207,22.81709814129935,19.04342210150335,6.0977003446270786,5.389956553591644
m2_1_0.5k.tif,208,20.952048380184447,18.411634642764394,6.600813356884818,5.164975947751852
m2_1_0.5k.tif,209,20.03936445453247,16.886364843740882,5.581245309211913,5.051228689623043
m2_1_0.5k.tif,210,14.80135235948636,14.797663474937835,4.822198580442313,4.341159653785742
m2_1_0.5k.tif,211,19.602863446611963,17.051390252740262,5.70778835932048,4.9959124221977484
m2_1_0.5k.tif,212,22.400438088284318,18.294944065025604,6.149541450371766,5.340517165349749
m2_1_0.5k.tif,213,15.436262916461647,15.12771410296163,5.043421872976958,4.433290016248418
m2_1_0.5k.tif,214,20.257614958492727,17.896537738017354,5.74935047396885,5.078660891137692
m2_1_0.5k.tif,215,19.97984158981604,18.431655676716353,6.0977003446270786,5.043721285885853
m2_1_0.5k.tif,216,7.936381962191078,10.716930162384216,3.591186529346603,3.1788229514058384
m2_1_0.5k.tif,217,25.13848986524024,18.69335053451508,5.9926728910324005,5.6575011614093365
m2_1_0.5k.tif,218,20.773479786035146,17.09972503650711,5.70778835932048,5.142919010186384
m2_1_0.5k.tif,219,23.610736337518457,18.411634737751875,5.979414748925751,5.482893687209699
m2_1_0.5k.tif,220,13.412485516102922,14.330901330210775,4.9800796812749,4.13246983682759
m2_1_0.5k.tif,221,22.003618990174765,18.129918751013708,6.081409371503486,5.293002722989673
m2_1_0.5k.tif,222,14.72198853986445,15.856171081740545,5.418912553281054,4.32950551288404
m2_1_0.5k.tif,223,22.20202853922954,18.12991896473554,6.204148008923282,5.3168130218661735
m2_1_0.5k.tif,224,19.20604434850241,16.983034577502675,5.360009580507454,4.945087983287108
m2_1_0.5k.tif,225,21.448072252821387,17.333106096997206,5.556305052183807,5.225756763439069
m2_1_0.5k.tif,226,22.261551403945973,18.0815840147406,5.8587415019333635,5.323935346588892
m2_1_0.5k.tif,227,18.630656656243556,16.53629330049948,5.29296026118981,4.870450574547767
m2_1_0.5k.tif,228,16.50767448135744,15.924526875712484,5.363709967265443,4.584563658766209
m2_1_0.5k.tif,229,12.083141537435916,13.48575379743994,4.54689729502523,3.9223377761349725
m2_1_0.5k.tif,230,22.499642862811704,18.013228363249883,5.790614284362006,5.352329869818389
m2_1_0.5k.tif,231,24.067078300344445,18.693350463274466,5.9926728910324005,5.53562605476888
m2_1_0.5k.tif,232,23.07503055507056,18.12991884600119,5.8587415019333635,5.4203359119788885
m2_1_0.5k.tif,233,17.182266948143685,15.691145815222388,4.9800796812749,4.677300690202897
m2_1_0.5k.tif,234,18.551292836621645,16.371267938993842,5.363709967265443,4.860065806709701
m2_1_0.5k.tif,235,17.91638227964636,17.799868194230527,5.942802346683785,4.776174872954095
m2_1_0.5k.tif,236,17.20210790304916,16.371268010234456,5.262886379929445,4.68000043108582
m2_1_0.5k.tif,237,20.872684560562536,18.14993973747193,6.352676780518716,5.155184515348728
m2_1_0.5k.tif,238,24.563102172981385,18.97506633127828,5.9926728910324005,5.592379907339102
m2_1_0.5k.tif,239,19.88063681528865,17.11974599921846,5.469932357667722,5.031184052262771
m2_1_0.5k.tif,240,20.932207425278968,18.294944136266217,5.8077210108020925,5.162529830660951
m2_1_0.5k.tif,241,17.598927001158714,16.206242672475685,5.363709967265443,4.733671915414363
m2_1_0.5k.tif,242,22.55916572752814,18.363299858997543,6.022396995151783,5.359404995008589
m2_1_0.5k.tif,243,16.904493579466997,16.98303441127458,5.171615532170188,4.639339361277534
m2_1_0.5k.tif,244,17.83701846002445,16.2062427437163,5.304194006252729,4.765584671734857
m2_1_0.5k.tif,245,17.420358407009417,15.99288257469694,5.363709967265443,4.709595439872095
m2_1_0.5k.tif,246,19.067157664164064,17.333106073250335,5.8008843739287,4.927175574679049
m2_1_0.5k.tif,247,11.01172997254012,13.719134905423777,4.54689729502523,3.7444051673107612
m2_1_0.5k.tif,248,36.24942461230775,24.697759878112976,8.509963889758497,6.793688312712494
m2_1_0.5k.tif,249,19.920318725099605,17.148059749033347,5.623742714539086,5.036202690969175
m2_1_0.5k.tif,250,21.1702988841447,17.63484285647176,5.538421822493166,5.191807172185396
m2_1_0.5k.tif,251,21.924255170552854,20.850407721036934,6.424109759600438,5.283448558660551
m2_1_0.5k.tif,252,19.602863446611963,17.284771289483487,5.70778835932048,4.9959124221977484
m2_1_0.5k.tif,253,16.60687925588483,15.341074248234115,5.2288465133094375,4.598318756158018
m2_1_0.5k.tif,254,21.130616974333744,17.964893555736165,6.152767016526097,5.186939091253511
m2_1_0.5k.tif,255,12.023618672719483,14.097520269720679,4.863169568021395,3.912664918559032
m2_1_0.5k.tif,256,18.43224710718878,16.206242696222557,5.259115052766568,4.844446915304477
m2_1_0.5k.tif,257,13.372803606291967,14.467612870660913,4.919955790927677,4.126352187526887
m2_1_0.5k.tif,258,18.015587054173746,16.18622168601747,5.418912553281054,4.789379694594371
m2_1_0.5k.tif,259,14.960079998730182,14.894333018724662,5.039486311025306,4.364374576819093
m2_1_0.5k.tif,260,21.706004666592598,17.61482194125415,5.912678119384793,5.257085076324301
m2_1_0.5k.tif,261,8.710179203504708,11.56207771890192,3.9137216542606574,3.3301868721787997
m2_1_0.5k.tif,262,31.487595434993104,21.510508882097042,7.132475613533131,6.33176528911611
m2_1_0.5k.tif,263,5.436421644100888,9.920117413380233,3.392308041021196,2.6309441307491497
m2_1_0.5k.tif,264,17.539404136442283,16.15790791245571,5.418912553281054,4.725660053115311
m2_1_0.5k.tif,265,17.55924509134776,16.04121733471692,5.363709967265443,4.728332182281694
m2_1_0.5k.tif,266,21.94409612545833,17.944872474290463,5.8587415019333635,5.285838718727919
m2_1_0.5k.tif,267,11.666481484420885,14.797663474937835,4.542531574100152,3.854118002070675
m2_1_0.5k.tif,268,18.07510991889018,16.866343904776404,5.665921375827846,4.797285141011086
m2_1_0.5k.tif,269,14.404533261376807,14.729307752206507,4.9800796812749,4.282571817475793
m2_1_0.5k.tif,270,25.57499087316075,19.49016321227845,6.094445633776238,5.706407778624757
m2_1_0.5k.tif,271,23.789304931667758,18.52832514926257,5.9926728910324005,5.503588264102122
m2_1_0.5k.tif,272,13.69025888477961,14.165876063692618,4.797448039359481,4.1750423937683925
m2_1_0.5k.tif,273,18.51161092681069,17.16808078298531,5.538421822493166,4.854865092746337
m2_1_0.5k.tif,274,21.567117982254253,17.498131434755972,5.665921375827846,5.240239257989558
m2_1_0.5k.tif,275,13.710099839685087,16.60464902323081,5.581245309211913,4.178066691444054
m2_1_0.5k.tif,276,10.039523182171713,13.835825388175085,4.258477754269313,3.57529270491612
m2_1_0.5k.tif,277,17.83701846002445,16.67300481720275,5.538421822493166,4.765584671734857
m2_1_0.5k.tif,278,17.38067649719846,17.11974592797785,5.942802346683785,4.704228377798224
m2_1_0.5k.tif,279,16.031491563625977,15.787815406502958,5.105978333855099,4.517956287957724
m2_1_0.5k.tif,280,12.956143553276934,15.477785717443643,4.992017564199868,4.061560576834689
m2_1_0.5k.tif,281,17.12274408342725,15.739480598989237,5.078704694813531,4.669192101573849
m2_1_0.5k.tif,282,21.96393708036381,17.4981314110091,5.6694220999034695,5.288227798496786
m2_1_0.5k.tif,283,21.26950365867209,17.449796603495383,5.704311180588189,5.203957451316309
m2_1_0.5k.tif,284,20.336978778114638,17.566487157487302,5.6694220999034695,5.088599571663637
m2_1_0.5k.tif,285,8.591133474071842,12.455560011692732,4.3506632804465255,3.3073510356909877
m2_1_0.5k.tif,286,22.301233313756928,18.975066378772024,6.0585284166316935,5.328678274341632
m2_1_0.5k.tif,287,21.86473230583642,18.01322824451553,5.817960902992126,5.276271581982808
m2_1_0.5k.tif,288,23.352803923747246,18.858375824780104,5.790614284362006,5.452862866069664
m2_1_0.5k.tif,289,9.999841272360758,12.873987372652945,4.1451498100965765,3.568219913212259
m2_1_0.5k.tif,290,17.400517452103937,16.10957310494199,5.259115052766568,4.706912673809986
m2_1_0.5k.tif,291,19.702068221139353,17.09972506025398,5.922736552716537,5.008537947567591
m2_1_0.5k.tif,292,21.229821748861134,17.848202977997374,5.790614284362006,5.199100747083923
m2_1_0.5k.tif,293,26.3289471595689,19.325137969507164,6.330776327518209,5.7899099038590975
m2_1_0.5k.tif,294,22.063141854891196,17.848203001744245,5.942802346683785,5.300157043970393
m2_1_0.5k.tif,295,23.789304931667758,18.62499478803688,5.942802346683785,5.503588264102122
m2_1_0.5k.tif,296,19.72190917604483,17.4497965085079,5.704311180588189,5.011059235392807
m2_1_0.5k.tif,297,20.932207425278968,17.799868194230527,5.665921375827846,5.162529830660951
m2_1_0.5k.tif,298,19.90047777019413,17.964893508242422,6.136622231374249,5.033693997069568
m2_1_0.5k.tif,299,19.940159680005085,17.56648713374043,5.469932357667722,5.038710135830014
m2_1_0.5k.tif,300,36.07085601815845,26.504745473899693,9.277395236808779,6.776934431936587
m2_1_0.5k.tif,301,16.805288804939607,17.56648713374043,5.885771594698868,4.625706245228314
m2_1_0.5k.tif,302,22.340915223567883,17.779847207772306,5.8008843739287,5.333416984281506
m2_1_0.5k.tif,303,17.579086046253238,16.322933250214476,5.440836766433332,4.731002802196562
m2_1_0.5k.tif,304,19.10683957397502,16.60464909447142,5.480803383345659,4.932300043640466
m2_1_0.5k.tif,305,18.829066205298332,16.53629327675261,5.3451824163341595,4.8963161338931425
m2_1_0.5k.tif,306,26.22974238504151,19.373472729527144,6.18493015787252,5.778991715935476
m2_1_0.5k.tif,307,18.07510991889018,16.371268033981323,5.509687922684993,4.797285141011086
m2_1_0.5k.tif,308,19.642545356422918,17.68317768773235,5.817960902992126,5.000966457301199
m2_1_0.5k.tif,309,21.368708433199476,18.06156305202925,5.942802346683785,5.216079427794916
m2_1_0.5k.tif,310,17.04338026380534,16.041217405957532,5.418912553281054,4.658358694630091
m2_1_0.5k.tif,311,15.49578578117808,15.381116149909944,5.1945835898029085,4.441829266568087
m2_1_0.5k.tif,312,18.908430024920243,16.53629327675261,5.315404009612085,4.906624179268892
m2_1_0.5k.tif,313,23.47184965318011,18.294944136266217,5.862127079506838,5.466743744360735
m2_1_0.5k.tif,314,18.868748115109288,16.673004793455878,5.623742714539086,4.901472866374373
m2_1_0.5k.tif,315,23.055189600165082,18.411634690258133,5.912678119384793,5.418005085850054
m2_1_0.5k.tif,316,18.313201377755913,17.333106120744077,5.745898446954564,4.828777504178184
m2_1_0.5k.tif,317,21.8845732607419,17.731512447752326,5.790614284362006,5.2786649917597845
m2_1_0.5k.tif,318,15.277535277217826,15.52612050121049,4.94810452126463,4.410437853664896
m2_1_0.5k.tif,319,15.8330820145712,15.361095139704855,5.304194006252729,4.489911595564787
m2_1_0.5k.tif,320,19.20604434850241,17.284771313230355,5.538421822493166,4.945087983287108
m2_1_0.5k.tif,321,12.698211139505725,13.369063290941764,4.542531574100152,4.020928321944479
m2_1_0.5k.tif,322,22.12266471960763,17.896537714270483,6.068345104274031,5.307301720829697
m2_1_0.5k.tif,323,19.44413580736814,16.652983806997657,5.304194006252729,4.975644945445976
m2_1_0.5k.tif,324,20.614752146791325,17.56648710999356,5.704311180588189,5.123233123546966
m2_1_0.5k.tif,325,14.563260900620628,14.797663474937835,5.259115052766568,4.306102608968533
m2_1_0.5k.tif,326,23.194076284503424,18.858375777286366,6.327641503692666,5.434299874779986
m2_1_0.5k.tif,327,24.08691925524992,19.140091597796438,6.0585284166316935,5.537907376132887
m2_1_0.5k.tif,328,20.13856922905986,17.56648713374043,5.817960902992126,5.063716295056994
m2_1_0.5k.tif,329,23.372644878652725,18.246609328752495,5.8077210108020925,5.455178798586938
m2_1_0.5k.tif,330,19.602863446611963,17.44979657974851,5.469932357667722,4.9959124221977484
m2_1_0.5k.tif,331,20.456024507547504,17.401461819728535,5.6694220999034695,5.103471302072847
m2_1_0.5k.tif,332,20.41634259773655,17.663156677527258,5.697350456603623,5.098518878488065
m2_1_0.5k.tif,333,20.57507023698037,17.333106025756596,5.418912553281054,5.118299821369092
m2_1_0.5k.tif,334,23.094871509976038,18.57665998052316,5.74935047396885,5.422665736248083
m2_1_0.5k.tif,335,16.765606895128652,15.807836392961176,5.140831832894,4.620241735056978
m2_1_0.5k.tif,336,20.198092093776292,17.216415519258415,5.524073555323525,5.071194098237477
m2_1_0.5k.tif,337,18.630656656243556,16.371268033981323,5.2288465133094375,4.870450574547767
m2_1_0.5k.tif,338,20.376660687925593,17.731512447752326,5.662418487470875,5.093561639709219
m2_1_0.5k.tif,339,22.87662100601578,17.964893579483032,5.8587415019333635,5.3969823526465595
m2_1_0.5k.tif,340,19.662386311328397,17.401461819728535,5.5348382428086875,5.003491560444832
m2_1_0.5k.tif,341,18.531451881716166,16.4879585404795,5.2288465133094375,4.857466145755199
m2_1_0.5k.tif,342,15.019602863446615,15.341074105752893,5.274184181224593,4.37304840036761
m2_1_0.5k.tif,343,16.60687925588483,15.574455189989859,5.121498060630455,4.598318756158018
m2_1_0.5k.tif,344,23.41232678846368,19.771879056535397,5.942802346683785,5.459807716516613
m2_1_0.5k.tif,345,22.955984825637692,18.294944088772475,5.976095617529881,5.406335881939101
m2_1_0.5k.tif,346,16.60687925588483,15.5744552374836,5.105978333855099,4.598318756158018
m2_1_0.5k.tif,347,20.237774003587248,17.284771313230355,5.662418487470875,5.076173180534775
m2_1_0.5k.tif,348,17.440199361914893,15.904505960494875,5.2288465133094375,4.712276678597617
m2_1_0.5k.tif,349,22.63852954715005,18.12991889349493,5.8587415019333635,5.368823991721731
m2_1_0.5k.tif,350,14.166441802511073,14.797663474937835,5.027661141085244,4.247031187917789
m2_1_0.5k.tif,351,21.805209441119988,18.294944065025604,5.665921375827846,5.269084829613819
m2_1_0.5k.tif,352,19.781432040761263,16.769674432230186,5.418912553281054,5.018615498898917
m2_1_0.5k.tif,353,20.47586546245298,17.449796603495383,5.469932357667722,5.105945712546509
m2_1_0.5k.tif,354,12.579165410072859,14.06920649615892,4.863169568021395,4.002035836904696
m2_1_0.5k.tif,355,19.90047777019413,17.168080735491568,5.549158676168973,5.033693997069568
m2_1_0.5k.tif,356,14.741829494769927,15.642810983961798,5.509687922684993,4.332421987120398
m2_1_0.5k.tif,357,23.551213472802022,20.5203570455194,7.073817093452074,5.47597811537547
m2_1_0.5k.tif,358,21.487754162632342,18.03324923097375,6.110701852660545,5.230588717095916
m2_1_0.5k.tif,359,18.154473738512092,16.439623780459524,5.29296026118981,4.807805515797161
m2_1_0.5k.tif,360,21.130616974333744,17.634842880218628,5.662418487470875,5.186939091253511
m2_1_0.5k.tif,361,19.1266805288805,17.44979655600164,5.790614284362006,4.934860282610512
m2_1_0.5k.tif,362,22.04330089998572,17.73151249524607,5.8587415019333635,5.297773343807568
m2_1_0.5k.tif,363,26.527356708623678,20.05359490079234,6.488644412311686,5.811684745296779
m2_1_0.5k.tif,364,22.47980190790623,21.64722047004092,7.5854313803425395,5.349969415516239
m2_1_0.5k.tif,365,18.174314693417568,16.5563142869577,5.524073555323525,4.81043201449938
m2_1_0.5k.tif,366,21.11077601942827,17.848202977997374,5.662418487470875,5.184503336673903
m2_1_0.5k.tif,367,19.166362438691454,17.05139018149965,5.469932357667722,4.939976779871403
m2_1_0.5k.tif,368,16.170378247964322,15.807836297973695,5.213646345937212,4.537484439492159
m2_1_0.5k.tif,369,10.575228964619612,13.417398003468001,4.423028548042733,3.6694413351874666
m2_1_0.5k.tif,370,21.01157124490088,17.498131363515363,5.6694220999034695,5.172307358039353
m2_1_0.5k.tif,371,25.078967000523807,19.11177784798155,6.251934193814828,5.650799282064007
m2_1_0.5k.tif,372,22.71789336677196,18.898417750202803,6.424109759600438,5.378226492780933
m2_1_0.5k.tif,373,19.503658672084573,16.838030107467773,5.495264631128974,4.9832549090243194
m2_1_0.5k.tif,374,4.027713845811972,8.278157155352286,2.872949223477282,2.2645627709041642
m2_1_0.5k.tif,375,21.26950365867209,18.178253653514908,6.152767016526097,5.203957451316309
m2_1_0.5k.tif,376,20.67427501150776,18.17825362976804,5.8992401971955575,5.130624182629409
m2_1_0.5k.tif,377,20.971889335089923,18.693350487021338,5.862127079506838,5.167420906917309
m2_1_0.5k.tif,378,18.035428009079226,16.604649070724548,5.437188870102065,4.792016292478964
m2_1_0.5k.tif,379,17.73781368549706,15.924526828218742,5.29296026118981,4.752313733490184
m2_1_0.5k.tif,380,22.856780051110306,18.411634642764394,5.922736552716537,5.394641436313209
m2_1_0.5k.tif,381,39.781114585482776,27.418248776895595,9.285945833312084,7.11694374179517
m2_1_0.5k.tif,382,20.198092093776292,17.05139020524652,5.556305052183807,5.071194098237477
m2_1_0.5k.tif,383,1.8650497611149033,5.674358810561587,2.0797423324523012,1.540991599182281
m2_1_0.5k.tif,384,17.81717750511897,16.391288996692673,5.259115052766568,4.762933442226887
m2_1_0.5k.tif,385,19.166362438691454,16.652983830744528,5.623742714539086,4.939976779871403
m2_1_0.5k.tif,386,12.04345962762496,13.55410959141188,4.38699512859467,3.915891859246565
m2_1_0.5k.tif,387,19.543340581895528,17.16808078298531,5.662418487470875,4.98832176840036
m2_1_0.5k.tif,388,14.007714163267252,14.330901353957644,4.94810452126463,4.223171273346452
m2_1_0.5k.tif,389,20.456024507547504,17.634842880218628,5.817960902992126,5.103471302072847
m2_1_0.5k.tif,390,18.65049761114903,16.818009144756424,5.469932357667722,4.873043308601272
m2_1_0.5k.tif,391,25.495627053538836,19.49016321227845,6.696309288434905,5.697546891635494
m2_1_0.5k.tif,392,15.039443818352092,16.08955216597751,5.942802346683785,4.37593585423149
m2_1_0.5k.tif,393,23.809145886573233,18.47999038924259,5.912678119384793,5.505882860100964
m2_1_0.5k.tif,394,13.710099839685087,16.604649070724548,5.2288465133094375,4.178066691444054
m2_1_0.5k.tif,395,18.868748115109288,17.00305544522654,5.74935047396885,4.901472866374373
m2_1_0.5k.tif,396,15.079125728163048,14.962688765202861,5.179282868525897,4.38170505364414
m2_1_0.5k.tif,397,17.717972730591583,16.439623756712653,5.538421822493166,4.7496550962284045
m2_1_0.5k.tif,398,4.12691862033936,7.996441311095341,2.872949223477282,2.2922818293831044
m2_1_0.5k.tif,399,15.13864859287948,15.011023572716581,5.090411290510215,4.390344638215032
m2_1_0.5k.tif,400,20.31713782320916,17.11974592797785,5.538421822493166,5.086116722249342
m2_1_0.5k.tif,401,24.305169759210177,18.69335051076821,5.922736552716537,5.562940164960218
m2_1_0.5k.tif,402,22.757575276582916,18.294944088772475,5.885771594698868,5.382921584458818
m2_1_0.5k.tif,403,20.57507023698037,17.168080711744697,5.418912553281054,5.118299821369092
m2_1_0.5k.tif,404,21.388549388104956,17.779847207772306,5.637837329914306,5.21850044413683
m2_1_0.5k.tif,405,18.213996603228523,16.556314310704572,5.363709967265443,4.815680714385297
m2_1_0.5k.tif,406,20.49570641735846,18.693350487021338,5.704311180588189,5.108418924468023
m2_1_0.5k.tif,407,14.424374216282285,14.845998258704684,4.863169568021395,4.2855202321572206
m2_1_0.5k.tif,408,21.11077601942827,17.61482189376041,5.8587415019333635,5.184503336673903
m2_1_0.5k.tif,409,24.305169759210177,18.761706280993277,5.942802346683785,5.562940164960218
m2_1_0.5k.tif,410,13.591054110252221,13.980829810716243,4.846822733305355,4.159887924909576
m2_1_0.5k.tif,411,17.321153632482027,15.807836416708048,5.105978333855099,4.696166283822287
m2_1_0.5k.tif,412,23.41232678846368,18.97506630753141,6.110701852660545,5.459807716516613
m2_1_0.5k.tif,413,11.924413898192094,13.087347422937949,4.3506632804465255,3.896490128688606
m2_1_0.5k.tif,414,18.35288328756687,16.371268033981323,5.418912553281054,4.834006284815858
m2_1_0.5k.tif,415,16.467992571546485,15.457764849719775,4.9800796812749,4.579050050446915
m2_1_0.5k.tif,416,19.781432040761263,17.731512471499197,5.637837329914306,5.018615498898917
m2_1_0.5k.tif,417,25.356740369200494,18.906710656040694,6.149541450371766,5.68200708936979
m2_1_0.5k.tif,418,19.067157664164064,19.16011265549527,6.430283821342221,4.927175574679049
m2_1_0.5k.tif,419,26.70592530277298,19.53849806728591,6.430283821342221,5.831212581807829
m2_1_0.5k.tif,420,19.940159680005085,17.168080687997826,6.0585284166316935,5.038710135830014
m2_1_0.5k.tif,421,22.757575276582916,18.59668096698138,5.942802346683785,5.382921584458818
m2_1_0.5k.tif,422,18.471929016999734,16.906385901439712,5.8587415019333635,4.849658801605014
m2_1_0.5k.tif,423,20.991730289995402,18.246609352499366,5.641355481476612,5.169864709800158
m2_1_0.5k.tif,424,24.999603180901897,22.327342712546727,7.857801961480487,5.64185105905954
m2_1_0.5k.tif,425,14.345010396660374,14.515947630680891,4.813962539280706,4.273714368867558
m2_1_0.5k.tif,426,13.035507372898845,14.117541232432028,4.54689729502523,4.0739812803769215
m2_1_0.5k.tif,427,23.987714480722534,18.69335053451508,5.790614284362006,5.526491352085175
m2_1_0.5k.tif,428,20.257614958492727,17.401461867222274,5.509687922684993,5.078660891137692
m2_1_0.5k.tif,429,21.130616974333744,18.294944136266217,5.979414748925751,5.186939091253511
m2_1_0.5k.tif,430,22.12266471960763,18.06156302828238,6.110701852660545,5.307301720829697
m2_1_0.5k.tif,431,19.404453897557186,16.886364914981495,5.437188870102065,4.9705651636770805
m2_1_0.5k.tif,432,12.063300582530438,13.437419013673091,4.423028548042733,3.919116142921064
m2_1_0.5k.tif,433,12.599006364978337,15.642811031455539,5.078704694813531,4.00519077301699
m2_1_0.5k.tif,434,17.698131775686104,16.322933250214476,5.262886379929445,4.746994969950726
m2_1_0.5k.tif,435,13.452167425913878,14.894333066218405,4.863169568021395,4.1385784430250645
m2_1_0.5k.tif,436,11.031570927445598,13.60244437517873,4.789169434331199,3.747776987145112
m2_1_0.5k.tif,437,16.329105887208144,15.876192068198764,5.102091025842908,4.5596999183894935
m2_1_0.5k.tif,438,11.646640529515407,13.485753821186812,4.3506632804465255,3.8508392962436506
m2_1_0.5k.tif,439,16.567197346073876,15.574455308724211,5.2288465133094375,4.592821660640951
m2_1_0.5k.tif,440,23.23375819431438,18.12991879850745,5.74935047396885,5.438946562140107
m2_1_0.5k.tif,441,22.241710449040497,17.964893508242422,5.885771594698868,5.321562297508846
m2_1_0.5k.tif,442,17.30131267757655,16.08955214223064,5.556305052183807,4.693475841731612
m2_1_0.5k.tif,443,21.586958937159732,19.140091597796438,6.621820772348471,5.2426491175135785
m2_1_0.5k.tif,444,19.602863446611963,17.119745975471588,5.8992401971955575,4.9959124221977484
m2_1_0.5k.tif,445,17.777495595308014,17.61482189376041,6.188137277692856,4.757626550949679
m2_1_0.5k.tif,446,21.388549388104956,18.149939784965667,5.882399625590996,5.21850044413683
m2_1_0.5k.tif,447,16.44815161664101,15.807836274226824,5.039486311025306,4.57629075519759
m2_1_0.5k.tif,448,13.987873208361775,14.447591907949564,4.822198580442313,4.220179298990474
m2_1_0.5k.tif,449,23.055189600165082,18.343278872539326,6.152767016526097,5.418005085850054
m2_1_0.5k.tif,450,22.45996095300075,18.178253558527427,5.8992401971955575,5.34760791930076
m2_1_0.5k.tif,451,21.487754162632342,18.528325173009442,6.149541450371766,5.230588717095916
m2_1_0.5k.tif,452,18.51161092681069,16.371268010234456,5.469932357667722,4.854865092746337
m2_1_0.5k.tif,453,15.733877240043812,15.244404656953547,5.140831832894,4.475823353756526
m2_1_0.5k.tif,454,25.336899414295015,19.09175681402959,6.136622231374249,5.679783646870503
m2_1_0.5k.tif,455,22.73773432167744,19.04342207775648,6.352676780518716,5.380574550737278
m2_1_0.5k.tif,456,17.360835542292982,16.13788685475688,5.3451824163341595,4.701542549216284
m2_1_0.5k.tif,457,19.642545356422918,17.216415543005287,5.538421822493166,5.000966457301199
m2_1_0.5k.tif,458,21.94409612545833,17.848202954250503,5.8008843739287,5.285838718727919
m2_1_0.5k.tif,459,19.10683957397502,16.43962370921891,5.363709967265443,4.932300043640466
m2_1_0.5k.tif,460,19.086998619069544,17.284771313230355,5.8077210108020925,4.929738475021244
m2_1_0.5k.tif,461,19.34493103284075,16.769674384736447,5.29296026118981,4.962935742198088
m2_1_0.5k.tif,462,22.65837050205553,18.246609328752495,5.9926728910324005,5.371176160067534
m2_1_0.5k.tif,463,14.761670449675405,14.962688741455992,4.850914606329052,4.335336499382166
m2_1_0.5k.tif,464,17.717972730591583,15.807836297973695,5.121498060630455,4.7496550962284045
m2_1_0.5k.tif,465,20.198092093776292,17.284771241989745,5.885771594698868,5.071194098237477
m2_1_0.5k.tif,466,21.50759511753782,19.208447368021506,5.9926728910324005,5.233003020809568
m2_1_0.5k.tif,467,19.741750130950308,18.294944136266217,6.136622231374249,5.013579255283245
m2_1_0.5k.tif,468,23.94803257091158,18.926731595005172,6.0977003446270786,5.521918334047535
m2_1_0.5k.tif,469,21.706004666592598,18.01322829200927,5.912678119384793,5.257085076324301
m2_1_0.5k.tif,470,20.991730289995402,17.216415495511548,5.549158676168973,5.169864709800158
m2_1_0.5k.tif,471,20.158410183965337,17.353127035961684,5.637837329914306,5.06621012248966
m2_1_0.5k.tif,472,21.626640846970687,18.013228268262402,5.704311180588189,5.247465516432464
m2_1_0.5k.tif,473,20.356819733020114,17.68317766398548,5.745898446954564,5.091081210226989
m2_1_0.5k.tif,474,21.26950365867209,17.916558748222442,5.662418487470875,5.203957451316309
m2_1_0.5k.tif,475,24.95992127109094,18.57666007551064,5.979414748925751,5.637371621228224
m2_1_0.5k.tif,476,17.340994587387506,16.4879585404795,5.262886379929445,4.698855185436149
m2_1_0.5k.tif,477,15.337058141934259,14.680972920945917,4.735005706774786,4.419021263380965
m2_1_0.5k.tif,478,12.837097823844069,14.0491855097007,4.667479885999993,4.042857972888977
m2_1_0.5k.tif,479,18.74970238567642,17.0030553977328,5.509687922684993,4.885986341513701
m2_1_0.5k.tif,480,21.467913207726866,17.449796674735992,5.556305052183807,5.228173298487737
m2_1_0.5k.tif,481,24.483738353359474,18.810041064760124,5.979414748925751,5.583338058406124
m2_1_0.5k.tif,482,17.479881271725848,15.739480622736108,5.262886379929445,4.717634584454048
m2_1_0.5k.tif,483,20.198092093776292,17.216415566752158,5.418912553281054,5.071194098237477
m2_1_0.5k.tif,484,18.908430024920243,16.371267938993842,5.262886379929445,4.906624179268892
m2_2_0.5k.tif,1,13.55054580690094,15.552748038147211,5.292400976161652,4.1536840002691005
m2_2_0.5k.tif,2,19.247074141924937,16.700509689197467,5.6016264781665255,4.950367250815684
m2_2_0.5k.tif,3,20.723250919771687,17.15637464003804,5.665455166755267,5.13669763238237
m2_2_0.5k.tif,4,19.890535814319676,17.317547176598577,5.571136600496636,5.032436464056236
m2_2_0.5k.tif,5,15.897288376811158,15.647160659040459,5.22039216536916,4.499006136405532
m2_2_0.5k.tif,6,23.334948295962093,18.256929806698157,5.955341581717497,5.450777829334942
m2_2_0.5k.tif,7,22.72933731017881,18.16251718580491,6.078015311989614,5.379580939900803
m2_2_0.5k.tif,8,21.08283244258051,17.592685927676783,5.721961544689783,5.181070929925484
m2_2_0.5k.tif,9,21.215309845720604,19.491004967040126,6.192151931065973,5.197323489006694
m2_2_0.5k.tif,10,22.748262653484538,18.53206867373871,5.952162856333991,5.3818200995981424
m2_2_0.5k.tif,11,21.78307014489243,17.706652188579397,5.748360584705899,5.266409242948838
m2_2_0.5k.tif,12,19.417402231676487,17.592685950869253,5.955341581717497,4.972223283139978
m2_2_0.5k.tif,13,12.812457417977564,13.787948853310908,4.64080172835664,4.038976039766071
m2_2_0.5k.tif,14,22.6536359369559,18.190170030185687,5.86568616018729,5.370614965436067
m2_2_0.5k.tif,15,20.723250919771687,17.317547199791044,6.009122650381518,5.13669763238237
m2_2_0.5k.tif,16,24.07303668488547,18.69324130306912,6.105974640651835,5.5363112511
m2_2_0.5k.tif,17,21.518115338612247,17.639892342489517,5.695440143309124,5.234282699405275
m2_2_0.5k.tif,18,20.761101606383143,17.156374616845575,5.564338383686806,5.141386540371355
m2_2_0.5k.tif,19,22.95644142984754,18.484862351695853,5.836575875486382,5.406389648820968
m2_2_0.5k.tif,20,0.9273418219806508,3.938256928892915,1.4029382394801515,1.0866132151011785
m2_2_0.5k.tif,21,23.410649669185002,18.256929992237907,5.852766130930476,5.459612159004291
m2_2_0.5k.tif,22,21.158533815803423,17.75385855700719,5.695440143309124,5.190364338165202
m2_2_0.5k.tif,23,15.57555754061379,15.372021907962251,5.001930012522351,4.4532477802169765
m2_2_0.5k.tif,24,21.120683129191967,18.048550971287234,5.6821330219884185,5.185719715903281
m2_2_0.5k.tif,25,23.637753788853733,19.424245167335187,6.372894690334319,5.486029791450462
m2_2_0.5k.tif,26,22.57793456373299,17.867824864294743,5.839817517433321,5.361633997671576
m2_2_0.5k.tif,27,21.95339823464398,17.98179105561995,6.207414837954793,5.28695893436556
m2_2_0.5k.tif,28,20.40152008357432,17.27034080817078,5.6821330219884185,5.096667748942974
m2_2_0.5k.tif,29,14.194007479295676,14.45219275552475,5.238487166473253,4.251161208529491
m2_2_0.5k.tif,30,19.209223455313484,16.53933703667459,5.238487166473253,4.9454972375848465
m2_2_0.5k.tif,31,17.12743569168345,18.25692994585297,5.774638941500323,4.669831733859349
m2_2_0.5k.tif,32,16.862480885403265,16.378164500114057,5.238487166473253,4.63357070579874
m2_2_0.5k.tif,33,20.590773516631597,17.36475356821884,5.721961544689783,5.1202526400619
m2_2_0.5k.tif,34,18.073702856969827,16.216991917168585,5.419606333534677,4.797098414384144
m2_2_0.5k.tif,35,22.521158533815807,17.88737831876436,5.839817517433321,5.3548883871192
m2_2_0.5k.tif,36,22.861814713318903,18.209723554232706,5.6821330219884185,5.3952355423471365
m2_2_0.5k.tif,37,24.281215461248472,18.484862351695853,5.721961544689783,5.560198172682013
m2_2_0.5k.tif,38,22.237278384229892,18.095757270137625,6.093564110259076,5.3210320621178315
m2_2_0.5k.tif,39,16.73000348226317,16.036265763791157,5.169389204508336,4.61533335926826
m2_2_0.5k.tif,40,23.694529818770917,18.66558852826575,6.059304086535968,5.492614346480701
m2_2_0.5k.tif,41,25.341034686369216,19.97452271587654,6.708536828625163,5.680247130820164
m2_2_0.5k.tif,42,23.84593256521674,18.760001195543936,5.839817517433321,5.510134691921963
m2_2_0.5k.tif,43,21.385637935472154,17.59268599725419,5.725268081541698,5.218145255627864
m2_2_0.5k.tif,44,21.896622204726796,18.02899740085528,5.804059879446031,5.280117923605893
m2_2_0.5k.tif,45,22.18050235431271,17.915031255915007,5.725268081541698,5.314234913851882
m2_2_0.5k.tif,46,16.237944556314254,16.264198401558726,5.745067338612218,4.546954270092935
m2_2_0.5k.tif,47,25.984496358763952,19.129552706670207,6.143055799162235,5.751911709510596
m2_2_0.5k.tif,48,22.6536359369559,17.867824817909806,5.745067338612218,5.370614965436067
m2_2_0.5k.tif,49,18.168329573498465,17.10916820203284,5.721961544689783,4.809639869549442
m2_2_0.5k.tif,50,20.40152008357432,17.592685974061723,5.839817517433321,5.096667748942974
m2_2_0.5k.tif,51,17.75197202077246,16.49213071463173,5.395106857533871,4.7542100052353256
m2_2_0.5k.tif,52,19.947311844236857,17.203580915695962,5.506214668515528,5.039613700597146
m2_2_0.5k.tif,53,18.546836439613017,16.425370798964448,5.180360683149552,4.859482028431673
m2_2_0.5k.tif,54,17.770897364078188,15.894646751277643,5.256519877862372,4.75674355724315
m2_2_0.5k.tif,55,22.6536359369559,18.579275018974037,5.993354786283799,5.370614965436067
m2_2_0.5k.tif,56,22.464382503898623,18.028997354470338,5.725268081541698,5.348134268323902
m2_2_0.5k.tif,57,26.836136807521694,19.632623956361172,6.228720075323783,5.845411072906632
m2_2_0.5k.tif,58,21.97232357794971,17.867824841102276,5.839817517433321,5.289237305052815
m2_2_0.5k.tif,59,13.455919090372301,13.882361682936375,4.64080172835664,4.139155505247274
m2_2_0.5k.tif,60,22.767187996790266,18.095757293330095,5.721961544689783,5.384058328058223
m2_2_0.5k.tif,61,24.016260654968285,19.74659028684119,6.143055799162235,5.529778728174647
m2_2_0.5k.tif,62,18.168329573498465,16.425370798964448,5.238487166473253,4.809639869549442
m2_2_0.5k.tif,63,21.0071310693576,17.59268602044666,5.721961544689783,5.171760821900097
m2_2_0.5k.tif,64,21.518115338612247,18.579275088551444,6.182976101973037,5.234282699405275
m2_2_0.5k.tif,65,20.060863904071223,17.042408402327897,5.968039552598431,5.053937595995196
m2_2_0.5k.tif,66,24.262290117942744,19.538211289082984,6.399565837898259,5.5580308764887105
m2_2_0.5k.tif,67,15.49985616739088,15.210849301824311,5.047129093802664,4.4424126114116484
m2_2_0.5k.tif,68,14.137231449378493,14.271466602147322,4.733667338753478,4.242650366742739
m2_2_0.5k.tif,69,22.142651667701255,17.98179103242748,5.672132193429281,5.309698647627117
m2_2_0.5k.tif,70,24.167663401414107,18.418102505605972,5.839817517433321,5.547181694025277
m2_2_0.5k.tif,71,18.43328437977865,17.203580915695962,5.502776507288308,4.844583223733818
m2_2_0.5k.tif,72,18.28188163333283,17.43151336792378,6.009122650381518,4.824646582675961
m2_2_0.5k.tif,73,25.341034686369216,18.8072075871642,5.881796287093765,5.680247130820164
m2_2_0.5k.tif,74,23.202470892822,18.760001195543936,6.105974640651835,5.435283201113585
m2_2_0.5k.tif,75,20.95035503944042,17.773412081054214,5.611752957920606,5.1647672273256555
m2_2_0.5k.tif,76,21.707368771669522,17.478719782736515,5.478648965108453,5.257250263420868
m2_2_0.5k.tif,77,25.359960029674944,20.02172899153446,6.719811688393207,5.682367813041078
m2_2_0.5k.tif,78,18.508985753001564,16.653303227999796,5.419606333534677,4.854520840789678
m2_2_0.5k.tif,79,23.864857908522463,18.418102459221036,5.9170841734418484,5.512320819638176
m2_2_0.5k.tif,80,23.35387363926782,18.598828589405997,6.58323903334188,5.4529877535406115
m2_2_0.5k.tif,81,19.417402231676487,19.310278790470228,6.65472037995606,4.972223283139978
m2_2_0.5k.tif,82,14.818543808384687,16.37816445372912,5.238487166473253,4.343680003433239
m2_2_0.5k.tif,83,57.55196899271754,34.35995550934907,12.705635694362408,8.560224459609682
m2_2_0.5k.tif,84,21.5559660252237,17.706652211771868,5.5745325999589115,5.238884267502238
m2_2_0.5k.tif,85,21.934472891338253,18.19016993741581,5.7615147451209525,5.284679581410143
m2_2_0.5k.tif,86,24.867901103726027,22.195186781976012,7.100501008130218,5.626970328678407
m2_2_0.5k.tif,87,21.915547548032524,17.82061844948201,5.7844625475947495,5.282399244915017
m2_2_0.5k.tif,88,21.764144801586703,20.477593942375037,6.539975219444207,5.264120992029193
m2_2_0.5k.tif,89,21.291011218943517,17.706652258156804,5.6821330219884185,5.206587887605364
m2_2_0.5k.tif,90,11.790488879468276,13.787948853310908,4.769513880206717,3.874547288793774
m2_2_0.5k.tif,91,22.02909960786689,21.02787167645614,6.775904578703502,5.296066536180034
m2_2_0.5k.tif,92,21.291011218943517,17.478719805928986,5.7615147451209525,5.206587887605364
m2_2_0.5k.tif,93,1.930385017184212,5.70305606734428,2.003040883460506,1.5677507902862637
m2_2_0.5k.tif,94,16.673227452345987,15.438781846822005,5.238487166473253,4.6074952556341096
m2_2_0.5k.tif,95,19.814834441096764,17.089614677985818,5.450943862304242,5.022850862088648
m2_2_0.5k.tif,96,18.6036124695302,16.283751716873525,5.530221946907353,4.866914327490678
m2_2_0.5k.tif,97,23.694529818770917,18.370896090793238,6.228720075323783,5.492614346480701
m2_2_0.5k.tif,98,19.60665566473376,16.975648463468143,5.533643055769608,4.996395634089109
m2_2_0.5k.tif,99,16.97603294523763,15.76112694313554,5.238487166473253,4.649145777301835
m2_2_0.5k.tif,100,20.931429696134693,17.59268602044666,5.537062050878486,5.1624339237381625
m2_2_0.5k.tif,101,23.732380505382373,18.53206867373871,6.093564110259076,5.496999668014789
m2_2_0.5k.tif,102,17.865524080606825,16.58654335871745,5.342229656710499,4.769391129572718
m2_2_0.5k.tif,103,15.783736316976793,14.935710527553633,5.073309264749144,4.482909461772275
m2_2_0.5k.tif,104,22.27512907084135,19.974522692684072,6.502247068898211,5.325558674643912
m2_2_0.5k.tif,105,17.73304667746673,16.444924392588874,5.571136600496636,4.751675102359707
m2_2_0.5k.tif,106,14.440036942270135,14.727331552987897,5.020812412670794,4.2878463198131245
m2_2_0.5k.tif,107,21.612742055140885,18.987933647771754,6.228720075323783,5.245779051272183
m2_2_0.5k.tif,108,16.540750049205894,15.552748038147211,5.117877991426423,4.589154286165266
m2_2_0.5k.tif,109,15.708034943753882,15.324815562726924,5.106772275644626,4.472146158218582
m2_2_0.5k.tif,110,23.694529818770917,18.46530887403377,5.852766130930476,5.492614346480701
m2_2_0.5k.tif,111,21.234235189026332,17.27034080817078,5.672132193429281,5.199641136162692
m2_2_0.5k.tif,112,13.285591000620753,16.264198262403912,5.020812412670794,4.1128748871279734
m2_2_0.5k.tif,113,18.45220972308438,16.606096952341876,5.804059879446031,4.847069538100078
m2_2_0.5k.tif,114,23.316022952656365,18.69324123349171,6.105974640651835,5.448567008789999
m2_2_0.5k.tif,115,20.363669396962866,19.565864110271292,7.198443579766537,5.091937661846065
m2_2_0.5k.tif,116,25.908794985541043,19.84100290773444,6.467225734861736,5.7435269941062295
m2_2_0.5k.tif,117,20.07978924737695,17.31754713021364,5.6821330219884185,5.056320966840242
m2_2_0.5k.tif,118,17.846598737301097,16.378164476921587,5.492449110308601,4.7668642996578345
m2_2_0.5k.tif,119,14.704991748550322,15.210849278631843,4.910283838180531,4.327005546478827
m2_2_0.5k.tif,120,18.45220972308438,17.77341212743915,5.7844625475947495,4.847069538100078
m2_2_0.5k.tif,121,17.468091871186548,16.53933699028965,5.381057076240985,4.716043399022273
m2_2_0.5k.tif,122,18.736089872670295,17.98179105561995,5.450943862304242,4.884212376585996
m2_2_0.5k.tif,123,22.767187996790266,18.807207517586793,6.009122650381518,5.384058328058223
m2_2_0.5k.tif,124,18.0547775136641,16.03626571740622,5.050877426360767,4.794586186710208
m2_2_0.5k.tif,125,20.912504352828964,18.846314635258242,6.182976101973037,5.1600995650731445
m2_2_0.5k.tif,126,13.00171085103484,14.110294065586789,4.812963765312444,4.068696646931278
m2_2_0.5k.tif,127,21.839846174809615,17.65944584334407,6.105974640651835,5.27326803801026
m2_2_0.5k.tif,128,19.1524474253963,18.370896090793238,5.939430942596789,4.938183212526214
m2_2_0.5k.tif,129,22.521158533815807,18.304136151933484,5.888227996272979,5.3548883871192
m2_2_0.5k.tif,130,22.01017426456116,18.484862351695853,5.836575875486382,5.293791104695335
m2_2_0.5k.tif,131,17.505942557798,16.83402945095463,5.672132193429281,4.721150106960234
m2_2_0.5k.tif,132,23.921633938439648,20.799939177843385,7.100501008130218,5.518874006996365
m2_2_0.5k.tif,133,16.80570485548608,15.941853026935563,5.409120145703442,4.62576350445552
m2_2_0.5k.tif,134,21.0071310693576,18.76000112596653,6.17991446469595,5.171760821900097
m2_2_0.5k.tif,135,19.038895365561935,17.042408332750494,5.4056202293579005,4.923522566974633
m2_2_0.5k.tif,136,15.87836303350543,15.666714275857355,5.292400976161652,4.496327359069855
m2_2_0.5k.tif,137,22.02909960786689,17.753858510622255,5.748360584705899,5.296066536180034
m2_2_0.5k.tif,138,19.60665566473376,16.653303297577203,5.238487166473253,4.996395634089109
m2_2_0.5k.tif,139,12.112219715665644,13.835155198546236,4.785359484921729,3.9270545089807944
m2_2_0.5k.tif,140,13.172038940786388,14.774537875030756,5.22039216536916,4.095260780976066
m2_2_0.5k.tif,141,15.916213720116886,14.982916849596492,4.960135713611659,4.501683319704883
m2_2_0.5k.tif,142,13.758724583263943,14.33822649462214,4.805093009816525,4.18546917615355
m2_2_0.5k.tif,143,15.02672258474769,15.163642979781452,4.986772613998559,4.3740847525700435
m2_2_0.5k.tif,144,15.121349301276327,14.8885041127409,4.805093009816525,4.387835445881994
m2_2_0.5k.tif,145,22.48330784720435,18.37089606760077,6.274130543422996,5.350386588604134
m2_2_0.5k.tif,146,18.490060409695836,16.378164476921587,5.238487166473253,4.852038344671936
m2_2_0.5k.tif,147,14.780693121773231,15.43878175405213,5.42658586808613,4.338128972406964
m2_2_0.5k.tif,148,18.52791109630729,16.8340294741471,5.5745325999589115,4.857002068061724
m2_2_0.5k.tif,149,16.597526079123078,16.444924346203933,5.313813339979636,4.597023661970064
m2_2_0.5k.tif,150,0.7570137322291027,3.4351856328170127,1.30509804134229,0.9817636272451986
m2_2_0.5k.tif,151,2.1574891368529427,6.25333370865551,2.406481882656222,1.6574077610466595
m2_2_0.5k.tif,152,21.669518085058066,17.867824841102276,5.655424845816589,5.252664784778266
m2_2_0.5k.tif,153,15.859437690199703,15.780680467182561,5.151051476604563,4.493646984847113
m2_2_0.5k.tif,154,15.25382670441642,14.774537898223224,4.737663681667674,4.407014337235611
m2_2_0.5k.tif,155,19.171372768702028,16.861682225758,5.502776507288308,4.9406224239431875
m2_2_0.5k.tif,156,17.12743569168345,15.76112694313554,5.238487166473253,4.669831733859349
m2_2_0.5k.tif,157,20.761101606383143,17.934584710384623,5.955341581717497,5.141386540371355
m2_2_0.5k.tif,158,1.3058486880952023,4.488534570204145,1.7401307217897197,1.2894410374745116
m2_2_0.5k.tif,159,19.133522082090572,16.928442164617756,5.238487166473253,4.935742795667252
m2_2_0.5k.tif,160,21.915547548032524,17.753858603392132,5.852766130930476,5.282399244915017
m2_2_0.5k.tif,161,19.436327574982215,17.545479628826396,5.968039552598431,4.9746458037627
m2_2_0.5k.tif,162,19.9094611576254,17.364753498641434,5.748360584705899,5.034830013044867
m2_2_0.5k.tif,163,16.597526079123078,15.98905937217089,5.4056202293579005,4.597023661970064
m2_2_0.5k.tif,164,18.262956290027105,16.92844207184788,5.642023346303502,4.822148706980353
m2_2_0.5k.tif,165,17.297763781435,16.036265740598687,5.151051476604563,4.692994447259732
m2_2_0.5k.tif,166,24.091962028191194,18.484862351695853,6.078015311989614,5.538487046527326
m2_2_0.5k.tif,167,14.704991748550322,14.727331576180367,4.925676615242088,4.327005546478827
m2_2_0.5k.tif,168,16.256869899619982,16.472577190584712,5.571136600496636,4.54960323872433
m2_2_0.5k.tif,169,18.45220972308438,17.156374547268168,5.888227996272979,4.847069538100078
m2_2_0.5k.tif,170,22.71041196687308,18.826761018441346,6.152291167642762,5.377340847802888
m2_2_0.5k.tif,171,15.159199987887783,14.8885041127409,4.805093009816525,4.393323672474807
m2_2_0.5k.tif,172,18.69823918605884,16.264198239211442,5.419606333534677,4.8792763345199806
m2_2_0.5k.tif,173,20.836802979606052,17.478719689966642,5.907481109217501,5.1507515509379695
m2_2_0.5k.tif,174,22.634710593650173,18.3708960444083,5.852766130930476,5.368371132054053
m2_2_0.5k.tif,175,18.168329573498465,16.653303274384733,5.42658586808613,4.809639869549442
m2_2_0.5k.tif,176,16.465048675982985,15.552747991762274,5.140017437207357,4.5786407459256795
m2_2_0.5k.tif,177,21.158533815803423,17.98179103242748,5.836575875486382,5.190364338165202
m2_2_0.5k.tif,178,18.490060409695836,17.089614677985818,5.42658586808613,4.852038344671936
m2_2_0.5k.tif,179,21.25316053233206,17.706652165386927,5.6016264781665255,5.2019577507290276
m2_2_0.5k.tif,180,19.019970022256206,17.63989231929705,5.6016264781665255,4.921074879740598
m2_2_0.5k.tif,181,16.919256915320446,16.036265763791157,5.292400976161652,4.641364774731658
m2_2_0.5k.tif,182,37.52895577525777,27.556344182574797,9.820567676361062,6.9125502215662245
m2_2_0.5k.tif,183,18.187254916804193,16.861682225758,5.748360584705899,4.812144238305219
m2_2_0.5k.tif,184,19.07674605217339,17.27034083136325,6.059304086535968,4.928414294526948
m2_2_0.5k.tif,185,21.97232357794971,18.646034911448854,6.286184599767903,5.289237305052815
m2_2_0.5k.tif,186,12.168995745582826,14.338226517814608,5.13633415659303,3.9362477822146826
m2_2_0.5k.tif,187,18.490060409695836,16.606096929149405,5.564338383686806,4.852038344671936
m2_2_0.5k.tif,188,17.43024118457509,16.055819311030646,5.571136600496636,4.710931155352673
m2_2_0.5k.tif,189,20.590773516631597,17.43151339111625,5.804059879446031,5.1202526400619
m2_2_0.5k.tif,190,15.72696028705961,16.37816443053665,5.238487166473253,4.474839411192737
m2_2_0.5k.tif,191,24.75434904389166,18.987933670964225,6.043667146696135,5.614108665394705
m2_2_0.5k.tif,192,11.279504610213632,12.895772498869247,4.122494182960524,3.7896584694067843
m2_2_0.5k.tif,193,18.20618026010992,16.425370798964448,5.482102258212207,4.81464730439818
m2_2_0.5k.tif,194,21.97232357794971,18.807207517586793,6.313222077660682,5.289237305052815
m2_2_0.5k.tif,195,18.37650834986147,17.250787330508697,5.571136600496636,4.8371166127352705
m2_2_0.5k.tif,196,12.320398492028648,14.177053911676667,4.705597907567247,3.9606588551586137
m2_2_0.5k.tif,197,17.581643931020913,15.666714275857355,4.986772613998559,4.731346987320715
m2_2_0.5k.tif,198,20.874653666217508,18.323689815135317,5.9170841734418484,5.155427676777066
m2_2_0.5k.tif,199,24.016260654968285,19.67983027840403,6.563084744526459,5.529778728174647
m2_2_0.5k.tif,200,19.22814879861921,17.042408309558024,5.6016264781665255,4.947932843365387
m2_2_0.5k.tif,201,22.218353040924168,17.82061849586695,5.721961544689783,5.318767311190761
m2_2_0.5k.tif,202,17.165286378294905,16.444924346203933,5.450943862304242,4.674988921222049
m2_2_0.5k.tif,203,21.063907099274786,17.706652258156804,5.721961544689783,5.178744972039499
m2_2_0.5k.tif,204,20.212266650517044,17.27034083136325,5.564338383686806,5.07297320988097
m2_2_0.5k.tif,205,14.723917091856048,14.546605422802937,4.879352608554262,4.329789082016937
m2_2_0.5k.tif,206,18.37650834986147,16.15023197830883,5.191308974368224,4.8371166127352705
m2_2_0.5k.tif,207,17.108510348377724,16.16978552554832,5.310250608543262,4.667251003220769
m2_2_0.5k.tif,208,17.92230011052401,16.15023195511636,5.342229656710499,4.7769635997493785
m2_2_0.5k.tif,209,18.43328437977865,16.653303297577203,5.352846884123582,4.844583223733818
m2_2_0.5k.tif,210,17.411315841269364,16.264198262403912,5.292400976161652,4.708372951984361
m2_2_0.5k.tif,211,17.543793244409457,16.150232024693768,5.313813339979636,4.726251297110609
m2_2_0.5k.tif,212,21.32886190555497,17.934584687192153,5.537062050878486,5.211213910630417
m2_2_0.5k.tif,213,16.35149661614862,15.94185309651297,5.395106857533871,4.562825013879408
m2_2_0.5k.tif,214,20.30689336704568,17.478719759544045,5.993354786283799,5.084834281040311
m2_2_0.5k.tif,215,14.118306106072767,14.546605399610469,4.910283838180531,4.2398096229580595
m2_2_0.5k.tif,216,18.357583006555743,16.492130668246794,5.571136600496636,4.834625179856759
m2_2_0.5k.tif,217,17.316689124740726,15.599954336997602,4.921832934114209,4.695561029047032
m2_2_0.5k.tif,218,17.013883631849083,15.666714252664885,5.140017437207357,4.654325885624315
m2_2_0.5k.tif,219,15.272752047722149,15.04967669568637,4.910283838180531,4.409747369645428
m2_2_0.5k.tif,220,43.85002043937078,29.690694785767494,10.856658699069031,7.472053269406745
m2_2_0.5k.tif,221,14.686066405244594,14.385432839857465,4.701574308791662,4.324220219156743
m2_2_0.5k.tif,222,21.196384502414876,17.592685974061723,5.6016264781665255,5.195004807879024
m2_2_0.5k.tif,223,15.87836303350543,15.666714275857355,5.073309264749144,4.496327359069855
m2_2_0.5k.tif,224,18.944268649033297,16.606096952341876,5.409120145703442,4.911271931998448
m2_2_0.5k.tif,225,19.30385017184212,17.659445936113944,5.725268081541698,4.957663300833574
m2_2_0.5k.tif,226,16.237944556314254,17.98179103242748,5.852766130930476,4.546954270092935
m2_2_0.5k.tif,227,17.619494617632366,15.92229954927348,5.091926975993152,4.736437195341862
m2_2_0.5k.tif,228,18.262956290027105,16.60609688276447,5.506214668515528,4.822148706980353
m2_2_0.5k.tif,229,17.184211721600633,16.33095813168626,5.506214668515528,4.677565382658315
m2_2_0.5k.tif,230,16.597526079123078,15.438781777244598,5.020812412670794,4.597023661970064
m2_2_0.5k.tif,231,18.69823918605884,16.425370798964448,5.4056202293579005,4.8792763345199806
m2_2_0.5k.tif,232,18.565761782918745,17.545479605633926,6.109073333894001,4.861960723838166
m2_2_0.5k.tif,233,15.670184257142427,15.096882994536761,5.0583657587548645,4.466754780540358
m2_2_0.5k.tif,234,20.32581871035141,17.59268604363913,5.804059879446031,5.087203176710881
m2_2_0.5k.tif,235,21.688443428363794,18.076203746090606,5.888227996272979,5.2549580242609215
m2_2_0.5k.tif,236,20.47722145679723,17.431513460693658,5.6821330219884185,5.1061147779004745
m2_2_0.5k.tif,237,20.344744053657138,17.317547199791044,5.774638941500323,5.089570969800089
m2_2_0.5k.tif,238,20.533997486714412,17.934584687192153,6.423180552225361,5.113188595346082
m2_2_0.5k.tif,239,16.80570485548608,15.780680513567498,5.13633415659303,4.62576350445552
m2_2_0.5k.tif,240,22.369755787369986,19.699383895220926,5.852766130930476,5.336858408703358
m2_2_0.5k.tif,241,21.745219458280978,18.484862374888323,6.478920546827515,5.261831746001374
m2_2_0.5k.tif,242,19.663431694650946,18.551622267363136,5.929864067754153,5.003624568133419
m2_2_0.5k.tif,243,21.347787248860698,17.52592617435678,5.968039552598431,5.213525382871221
m2_2_0.5k.tif,244,15.25382670441642,15.324815539534455,4.960135713611659,4.407014337235611
m2_2_0.5k.tif,245,18.811791245893204,17.337100747030533,6.109073333894001,4.894069525617099
m2_2_0.5k.tif,246,21.17745915910915,17.639892365681987,5.952162856333991,5.19268509139459
m2_2_0.5k.tif,247,19.436327574982215,16.606096975534342,5.571136600496636,4.9746458037627
m2_2_0.5k.tif,248,14.137231449378493,14.727331576180367,4.805093009816525,4.242650366742739
m2_2_0.5k.tif,249,19.947311844236857,17.042408309558024,5.4056202293579005,5.039613700597146
m2_2_0.5k.tif,250,18.28188163333283,16.264198285596382,5.395106857533871,4.824646582675961
m2_2_0.5k.tif,251,17.089585005071996,16.122579203505463,5.4056202293579005,4.664668844791742
m2_2_0.5k.tif,252,16.80570485548608,16.4921307378242,5.6151243928645185,4.62576350445552
m2_2_0.5k.tif,253,16.010840436645523,16.169785571933257,5.502776507288308,4.515045424841468
m2_2_0.5k.tif,254,18.130478886887012,16.586543474679793,5.381057076240985,4.804627215900366
m2_2_0.5k.tif,255,22.937516086541812,18.14296363856542,5.748360584705899,5.404160669279178
m2_2_0.5k.tif,256,16.900331572014718,15.599954313805132,5.342229656710499,4.638768206822294
m2_2_0.5k.tif,257,17.846598737301097,15.98905937217089,5.238487166473253,4.7668642996578345
m2_2_0.5k.tif,258,15.480930824085151,14.707778028940877,4.677360031195062,4.439699687426474
m2_2_0.5k.tif,259,15.367378764250786,15.163642956588983,5.191308974368224,4.423387202310858
m2_2_0.5k.tif,260,19.436327574982215,17.156374616845575,5.381057076240985,4.9746458037627
m2_2_0.5k.tif,261,18.717164529364567,17.706652258156804,5.9170841734418484,4.881744979420912
m2_2_0.5k.tif,262,17.05173431846054,15.666714252664885,4.960135713611659,4.659500235066165
m2_2_0.5k.tif,263,19.530954291510852,18.987933670964225,6.381797457920905,4.986740754276941
m2_2_0.5k.tif,264,15.34845342094506,15.599954336997602,5.106772275644626,4.420662602605286
m2_2_0.5k.tif,265,17.070659661766268,15.713920551515276,5.482102258212207,4.662085256199868
m2_2_0.5k.tif,266,10.97669911732199,12.734599892731307,4.478935577128926,3.738444514344691
m2_2_0.5k.tif,267,16.57860073581735,16.264198262403912,5.381057076240985,4.594402034347682
m2_2_0.5k.tif,268,18.565761782918745,16.378164476921587,5.180360683149552,4.861960723838166
m2_2_0.5k.tif,269,20.193341307211316,17.089614770755695,5.6016264781665255,5.070597666219978
m2_2_0.5k.tif,270,22.464382503898623,18.32368976875038,6.152291167642762,5.348134268323902
m2_2_0.5k.tif,271,17.070659661766268,15.713920551515276,5.238487166473253,4.662085256199868
m2_2_0.5k.tif,272,20.40152008357432,17.525926127971843,5.804059879446031,5.096667748942974
m2_2_0.5k.tif,273,20.231191993822772,17.706652188579397,5.6151243928645185,5.075347641656143
m2_2_0.5k.tif,274,19.512028948205124,16.700509689197467,5.342229656710499,4.984324112141184
m2_2_0.5k.tif,275,15.651258913836699,16.055819287838176,5.7844625475947495,4.464056649952552
m2_2_0.5k.tif,276,20.363669396962866,17.59268604363913,5.7844625475947495,5.091937661846065
m2_2_0.5k.tif,277,17.411315841269364,15.941853073320502,5.13633415659303,4.708372951984361
m2_2_0.5k.tif,278,10.030431952035611,12.184322297805014,4.104090099169064,3.573673545821841
m2_2_0.5k.tif,279,22.01017426456116,17.867824817909806,5.839817517433321,5.293791104695335
m2_2_0.5k.tif,280,19.038895365561935,16.88123581938243,5.7615147451209525,4.923522566974633
m2_2_0.5k.tif,281,18.52791109630729,17.317547176598577,5.672132193429281,4.857002068061724
m2_2_0.5k.tif,282,15.1024239579706,14.546605445995406,4.624460826460978,4.385088756757827
m2_2_0.5k.tif,283,9.614074399309605,12.506667463695956,4.3503268044742995,3.498716866399301
m2_2_0.5k.tif,284,14.932095868219053,14.888504159125837,4.863813229571985,4.360290695033192
m2_2_0.5k.tif,285,8.554255174188862,12.506667440503488,4.677360031195062,3.3002448338771226
m2_2_0.5k.tif,286,12.396099865251557,13.721188984028561,4.832584571351838,3.97280814398638
m2_2_0.5k.tif,287,14.667141061938866,14.593811884000608,4.769513880206717,4.321433096586068
m2_2_0.5k.tif,288,17.240987751517814,15.599954336997602,5.047129093802664,4.685286266123668
m2_2_0.5k.tif,289,17.789822707383916,15.941853050128032,5.180360683149552,4.759275760540541
m2_2_0.5k.tif,290,21.063907099274786,17.478719689966642,5.7844625475947495,5.178744972039499
m2_2_0.5k.tif,291,19.360626201759302,16.767269488902407,5.342229656710499,4.964948629232299
m2_2_0.5k.tif,292,14.572514345410228,14.613365338470222,4.805093009816525,4.307470432956766
m2_2_0.5k.tif,293,17.297763781435,16.397718000968606,5.409120145703442,4.692994447259732
m2_2_0.5k.tif,294,14.686066405244594,15.163642979781452,5.238487166473253,4.324220219156743
m2_2_0.5k.tif,295,15.708034943753882,15.48598802971005,4.863813229571985,4.472146158218582
m2_2_0.5k.tif,296,18.887492619116113,16.65330334396214,5.564338383686806,4.903906861223217
m2_2_0.5k.tif,297,13.796575269875397,14.33822647142967,4.952498856559477,4.191222401104546
m2_2_0.5k.tif,298,17.865524080606825,16.264198262403912,5.22039216536916,4.769391129572718
m2_2_0.5k.tif,299,19.057820708867663,17.31754710702117,5.6016264781665255,4.925969037966339
m2_2_0.5k.tif,300,21.347787248860698,17.43151341430872,5.6016264781665255,5.213525382871221
m2_2_0.5k.tif,301,19.568804978122305,16.653303251192266,5.478648965108453,4.9915705285366485
m2_2_0.5k.tif,302,12.52857726839165,15.163642910204047,4.805093009816525,3.9939804728348753
m2_2_0.5k.tif,303,16.50289936259444,15.941853050128032,5.665455166755267,4.583900530251496
m2_2_0.5k.tif,304,16.919256915320446,15.713920597900213,5.238487166473253,4.641364774731658
m2_2_0.5k.tif,305,16.162243183091345,15.552747991762274,5.151051476604563,4.5363429271097
m2_2_0.5k.tif,306,16.02976577995125,16.606096952341876,5.6151243928645185,4.517713103316369
m2_2_0.5k.tif,307,19.62558100803949,18.095757293330095,6.034265532790204,4.998806440325456
m2_2_0.5k.tif,308,16.408272646065804,15.277609194299128,5.106772275644626,4.570739720632454
m2_2_0.5k.tif,309,18.944268649033297,16.861682179373062,5.571136600496636,4.911271931998448
m2_2_0.5k.tif,310,16.12439249647989,15.61950788423709,5.256519877862372,4.531027936500626
m2_2_0.5k.tif,311,18.67931384275311,16.31140460763924,5.42658586808613,4.8768064399883855
m2_2_0.5k.tif,312,21.820920831503887,18.55162224417067,5.7844625475947495,5.270982764647028
m2_2_0.5k.tif,313,13.62624718012385,14.613365338470222,4.863813229571985,4.165270310084291
m2_2_0.5k.tif,314,15.556632197308062,14.935710504361165,4.921832934114209,4.4505414610486325
m2_2_0.5k.tif,315,15.367378764250786,15.230402872256269,4.982976060259026,4.423387202310858
m2_2_0.5k.tif,316,17.297763781435,16.169785571933257,5.395106857533871,4.692994447259732
m2_2_0.5k.tif,317,17.638419960938094,15.941853073320502,5.0583657587548645,4.738980249052788
m2_2_0.5k.tif,318,20.40152008357432,17.82061847267448,5.955341581717497,5.096667748942974
m2_2_0.5k.tif,319,19.814834441096764,16.928442164617756,5.419606333534677,5.022850862088648
m2_2_0.5k.tif,320,18.546836439613017,16.88123579618996,5.564338383686806,4.859482028431673
m2_2_0.5k.tif,321,21.10175778588624,17.639892412066924,5.804059879446031,5.183395844078809
m2_2_0.5k.tif,322,17.184211721600633,15.713920621092683,5.352846884123582,4.677565382658315
m2_2_0.5k.tif,323,18.92534330572757,16.653303274384733,5.4056202293579005,4.908818136225992
m2_2_0.5k.tif,324,13.058486880952023,14.291020149386812,4.832584571351838,4.077570586909986
m2_2_0.5k.tif,325,15.272752047722149,15.04967674207131,4.971569003572233,4.409747369645428
m2_2_0.5k.tif,326,18.3954336931672,16.33095813168626,5.4056202293579005,4.839606763022599
m2_2_0.5k.tif,327,18.357583006555743,16.814475834137735,5.665455166755267,4.834625179856759
m2_2_0.5k.tif,328,14.156156792684222,14.385432793472528,4.769513880206717,4.245489209727995
m2_2_0.5k.tif,329,23.524201729019367,18.646034888256384,5.993354786283799,5.4728369151396015
m2_2_0.5k.tif,330,13.739799239958215,15.780680467182561,5.073309264749144,4.182589596056125
m2_2_0.5k.tif,331,18.357583006555743,16.653303274384733,5.611752957920606,4.834625179856759
m2_2_0.5k.tif,332,20.420445426880047,17.47871973635158,5.748360584705899,5.099031147052348
m2_2_0.5k.tif,333,19.32277551514785,16.700509666004997,5.492449110308601,4.96009293258973
m2_2_0.5k.tif,334,20.38259474026859,19.035139993007082,6.059304086535968,5.094303254383361
m2_2_0.5k.tif,335,10.143984011869977,13.835155221738704,4.445003758286329,3.59384495840793
m2_2_0.5k.tif,336,16.200093869702798,15.875093157653216,5.381057076240985,4.54165169771167
m2_2_0.5k.tif,337,16.97603294523763,16.216991893976115,5.238487166473253,4.649145777301835
m2_2_0.5k.tif,338,16.957107601931902,15.32481560911186,4.986772613998559,4.646553557542293
m2_2_0.5k.tif,339,18.28188163333283,16.558890583914078,5.7844625475947495,4.824646582675961
m2_2_0.5k.tif,340,16.80570485548608,15.39157543200927,4.986772613998559,4.62576350445552
m2_2_0.5k.tif,341,20.09871459068268,17.753858580199662,5.533643055769608,5.058703214777754
m2_2_0.5k.tif,342,15.670184257142427,15.163642979781452,4.805093009816525,4.466754780540358
m2_2_0.5k.tif,343,12.85030810458902,13.721188984028561,4.3503268044742995,4.0449376312612655
m2_2_0.5k.tif,344,14.799618465078959,14.68012523094504,4.709618068836656,4.340905375233517
m2_2_0.5k.tif,345,16.673227452345987,15.666714206279948,5.180360683149552,4.6074952556341096
m2_2_0.5k.tif,346,17.770897364078188,16.055819357415583,5.140017437207357,4.75674355724315
m2_2_0.5k.tif,347,15.197050674499238,15.04967669568637,4.879352608554262,4.398805051615337
m2_2_0.5k.tif,348,13.531620463595212,14.365879315810446,4.705597907567247,4.15078236945723
m2_2_0.5k.tif,349,9.159866159972143,12.962532414536533,4.319767181162358,3.4150701046037044
m2_2_0.5k.tif,350,19.530954291510852,17.042408309558024,5.774638941500323,4.986740754276941
m2_2_0.5k.tif,351,8.365001741131586,12.962532414536533,4.541874525264106,3.2635335157750753
m2_2_0.5k.tif,352,18.3954336931672,16.264198239211442,5.313813339979636,4.839606763022599
m2_2_0.5k.tif,353,20.041938560765495,17.156374593653105,5.665455166755267,5.051553100653219
m2_2_0.5k.tif,354,12.509651925085922,13.332083902470334,4.445003758286329,3.9909627312080667
m2_2_0.5k.tif,355,16.843555542097537,15.647160728617866,4.8987075144024015,4.630969767785328
m2_2_0.5k.tif,356,12.736756044754655,13.493256439030867,4.3066038173499335,4.027026380324103
m2_2_0.5k.tif,357,15.972989750034069,15.485988168864864,5.571136600496636,4.509705333765478
m2_2_0.5k.tif,358,22.18050235431271,17.820618426289542,5.9170841734418484,5.314234913851882
m2_2_0.5k.tif,359,14.440036942270135,14.271466694917198,4.863813229571985,4.2878463198131245
m2_2_0.5k.tif,360,18.660388499447382,16.103025633073504,5.313813339979636,4.874335293926512
m2_2_0.5k.tif,361,15.140274644582055,16.264198239211442,5.450943862304242,4.390580416714057
m2_2_0.5k.tif,362,16.27579524292571,15.391575408816802,5.13633415659303,4.552250665913012
m2_2_0.5k.tif,363,14.250783509212859,14.982916733634148,4.986772613998559,4.259655045586385
m2_2_0.5k.tif,364,0.7570137322291027,3.4351856328170127,1.2304582335285523,0.9817636272451986
m2_2_0.5k.tif,365,11.809414222774004,15.096883087306637,4.733667338753478,3.877655630480062
m2_2_0.5k.tif,366,20.817877636300327,17.59268602044666,5.804059879446031,5.148411895331933
m2_2_0.5k.tif,367,12.282547805417192,14.727331529795428,5.180360683149552,3.9545702138105043
m2_2_0.5k.tif,368,22.71041196687308,19.377038706137515,6.475998823771689,5.377340847802888
m2_2_0.5k.tif,369,13.796575269875397,15.344369086773943,5.191308974368224,4.191222401104546
m2_2_0.5k.tif,370,15.859437690199703,15.324815516341985,5.001930012522351,4.493646984847113
m2_2_0.5k.tif,371,16.862480885403265,16.150232094271175,5.140017437207357,4.63357070579874
m2_2_0.5k.tif,372,12.131145058971372,13.398843794945149,4.410810913912309,3.930121322809377
m2_2_0.5k.tif,373,16.219019213008526,16.53933703667459,5.774638941500323,4.544303757323209
m2_2_0.5k.tif,374,16.33257127284289,15.733474145139702,5.238487166473253,4.560183725661618
m2_2_0.5k.tif,375,17.089585005071996,15.438781730859661,4.986772613998559,4.664668844791742
m2_2_0.5k.tif,376,29.920967766355286,20.752732832608057,6.927818604966871,6.172241033601141
m2_2_0.5k.tif,377,15.424154794167968,17.156374593653105,6.525490206711448,4.4315509506324195
m2_2_0.5k.tif,378,13.436993747066573,14.224260256911995,4.491593922418365,4.136243682512464
m2_2_0.5k.tif,379,15.424154794167968,16.055819334223113,5.530221946907353,4.4315509506324195
m2_2_0.5k.tif,380,16.010840436645523,15.096883040921698,5.106772275644626,4.515045424841468
m2_2_0.5k.tif,381,15.87836303350543,15.599954383382538,5.238487166473253,4.496327359069855
m2_2_0.5k.tif,382,10.181834698481433,12.345494857558018,4.104090099169064,3.600543650070525
m2_2_0.5k.tif,383,10.295386758315798,13.284877557235006,4.249091375066451,3.620565363176092
m2_2_0.5k.tif,384,12.52857726839165,13.768395306071419,4.785359484921729,3.9939804728348753
m2_3_0.5k.tif,1,9.511576482830385,11.583839453035786,3.8253358792359426,3.480016567591689
m2_3_0.5k.tif,2,16.74687825182102,15.379893251003757,5.241935483870968,4.617660407726384
m2_3_0.5k.tif,3,13.982830385015609,14.573441686168794,4.702380560359114,4.219418513672977
m2_3_0.5k.tif,4,15.120967741935484,14.573441638100531,5.100447838981258,4.38778008606824
m2_3_0.5k.tif,5,16.259105098855358,15.379893251003757,5.100447838981258,4.5499159963528735
m2_3_0.5k.tif,6,11.950442247658689,13.669151067733765,4.702380560359114,3.9007403972570134
m2_3_0.5k.tif,7,20.892950052029136,17.09063543427375,5.616285595638757,5.157686517463045
m2_3_0.5k.tif,8,18.047606659729446,16.186344911975244,5.6017919312297595,4.793633954213986
m2_3_0.5k.tif,9,13.088579604578563,14.3372374676889,5.052404873444221,4.082266176643011
m2_3_0.5k.tif,10,8.86121227887617,11.249796277092349,3.9713136297564935,3.3589352312537866
m2_3_0.5k.tif,11,11.38137356919875,12.960538460362342,4.20980101165748,3.80673283823641
m2_3_0.5k.tif,12,22.51886056191467,17.89708709524524,5.8154052830064344,5.354615184101174
m2_3_0.5k.tif,13,14.795785639958376,14.43507642515244,5.100447838981258,4.340343232075047
m2_3_0.5k.tif,14,12.92598855359001,14.003194291745462,5.100447838981258,4.056831248798115
m2_3_0.5k.tif,15,16.01521852237253,15.143689080592125,4.9219982321506865,4.515662691151737
m2_3_0.5k.tif,16,12.43821540062435,14.003194291745462,5.100447838981258,3.9795511950481095
m2_3_0.5k.tif,17,14.226716961498438,14.003194243677202,4.702380560359114,4.256056699238662
m2_3_0.5k.tif,18,17.23465140478668,16.186344911975244,5.616285595638757,4.684425227100954
m2_3_0.5k.tif,19,10.568418314255982,12.154086751322593,4.032258064516129,3.668259549570347
m2_3_0.5k.tif,20,12.194328824141518,12.96053841229408,4.342874844463309,3.9403428379267735
m2_3_0.5k.tif,21,14.064125910509885,14.003194243677202,4.702380560359114,4.231666488677435
m2_3_0.5k.tif,22,16.42169614984391,15.37989329907202,5.1638098688974585,4.57260898498947
m2_3_0.5k.tif,23,14.145421436004161,14.239398510225358,5.052404873444221,4.243879115769552
m2_3_0.5k.tif,24,13.738943808532778,14.337237419620637,5.100447838981258,4.182459391305343
m2_3_0.5k.tif,25,13.41376170655567,14.003194291745462,4.702380560359114,4.132666433241486
m2_3_0.5k.tif,26,17.153355879292402,15.950140597358827,5.730915485303184,4.673363995071483
m2_3_0.5k.tif,27,12.519510926118626,13.43294684925387,4.597481552819104,3.992535083362221
m2_3_0.5k.tif,28,17.641129032258064,15.811775384410735,5.409841881047878,4.7393441632409985
m2_3_0.5k.tif,29,18.69797086368366,16.04797955482237,5.484463914812679,4.879241325241859
m2_3_0.5k.tif,30,11.218782518210197,13.098903721378695,4.719637060774042,3.7794440789577446
m2_3_0.5k.tif,31,12.600806451612902,13.669151115802027,4.597481552819104,4.0054768841858905
m2_3_0.5k.tif,32,11.543964620187305,13.098903721378695,4.508201567539899,3.833827364064025
m2_3_0.5k.tif,33,19.348335067637876,16.52038803985042,5.484463914812679,4.963372374998942
m2_3_0.5k.tif,34,16.828173777315296,15.477732160399038,5.257421294518266,4.628854752414806
m2_3_0.5k.tif,35,17.23465140478668,16.186344911975244,5.484463914812679,4.684425227100954
m2_3_0.5k.tif,36,20.730359001040583,16.952270125189134,5.484463914812679,5.1375785012670505
m2_3_0.5k.tif,37,19.348335067637876,16.520388087918683,5.409841881047878,4.963372374998942
m2_3_0.5k.tif,38,6.015868886576483,9.539054093822356,3.2509103823784473,2.767605853861975
m2_3_0.5k.tif,39,13.007284079084286,13.432946897322132,4.702380560359114,4.069568583903484
m2_3_0.5k.tif,40,14.551899063475545,14.671280595564074,4.719637060774042,4.304422532536931
m2_3_0.5k.tif,41,17.803720083246617,15.950140693495351,5.257421294518266,4.7611343662393315
m2_3_0.5k.tif,42,13.576352757544225,13.864828982660848,4.597481552819104,4.157637454634492
m2_3_0.5k.tif,43,19.673517169614982,17.522517471544205,6.56404056294343,5.00490759598816
m2_3_0.5k.tif,44,19.429630593132153,16.756592306398577,5.484463914812679,4.97378869784111
m2_3_0.5k.tif,45,21.78720083246618,17.660882828697083,5.616285595638757,5.266908549517715
m2_3_0.5k.tif,46,9.755463059313215,12.29245210847547,3.9917318292788972,3.5243497761034814
m2_3_0.5k.tif,47,18.29149323621228,16.28418391750705,5.730915485303184,4.825914682275395
m2_3_0.5k.tif,48,13.657648283038501,13.766989977129045,4.9219982321506865,4.170066891795493
m2_3_0.5k.tif,49,21.868496357960456,17.424678514080664,5.616285595638757,5.276725722154994
m2_3_0.5k.tif,50,12.356919875130073,13.432946897322132,4.361553962254826,3.9665248059402702
m2_3_0.5k.tif,51,19.104448491155047,16.284183773302264,5.409841881047878,4.931991413140803
m2_3_0.5k.tif,52,12.275624349635795,13.196742678842236,4.508201567539899,3.953455495926337
m2_3_0.5k.tif,53,12.031737773152965,13.432946897322132,4.508201567539899,3.913985733834775
m2_3_0.5k.tif,54,19.99869927159209,17.326839700821907,5.994382559402624,5.046100945864771
m2_3_0.5k.tif,55,14.714490114464098,15.47773225653556,5.052404873444221,4.328402787905756
m2_3_0.5k.tif,56,15.771331945889697,14.907484814043968,5.241935483870968,4.48114756581969
m2_3_0.5k.tif,57,16.665582726326743,15.616097517551914,5.257421294518266,4.606438859163818
m2_3_0.5k.tif,58,18.29149323621228,16.61822699731396,5.8154052830064344,4.825914682275395
m2_3_0.5k.tif,59,14.714490114464098,14.671280547495812,5.052404873444221,4.328402787905756
m2_3_0.5k.tif,60,3.4144120707596253,7.592107692072468,2.5819049344487293,2.0850334458977464
m2_3_0.5k.tif,61,19.2670395421436,16.756592306398577,5.484463914812679,4.9529341460424545
m2_3_0.5k.tif,62,11.137486992715921,12.862699502898801,4.361553962254826,3.7657255433846233
m2_3_0.5k.tif,63,11.706555671175858,13.432946897322132,4.987627772924589,3.860731745820316
m2_3_0.5k.tif,64,16.259105098855358,15.241527941919143,5.3797032516638446,4.5499159963528735
m2_3_0.5k.tif,65,18.047606659729446,16.047979650958894,5.409841881047878,4.793633954213986
m2_3_0.5k.tif,66,19.75481269510926,16.756592306398577,5.8154052830064344,5.01523765361616
m2_3_0.5k.tif,67,16.74687825182102,15.379893251003757,5.1638098688974585,4.617660407726384
m2_3_0.5k.tif,68,14.95837669094693,14.573441686168794,4.9219982321506865,4.364126112746782
m2_3_0.5k.tif,69,16.01521852237253,15.143689032523863,5.241935483870968,4.515662691151737
m2_3_0.5k.tif,70,11.86914672216441,13.432946897322132,4.872195957094585,3.88744993137191
m2_3_0.5k.tif,71,15.852627471383974,15.47773225653556,4.987627772924589,4.492682070269503
m2_3_0.5k.tif,72,13.820239334027054,13.766990025197305,4.702380560359114,4.194815280532338
m2_3_0.5k.tif,73,12.356919875130073,13.432946897322132,4.702380560359114,3.9665248059402702
m2_3_0.5k.tif,74,17.559833506763788,15.713936426947194,5.1638098688974585,4.728411405512128
m2_3_0.5k.tif,75,18.454084287200832,16.284183869438788,5.730915485303184,4.847315739287045
m2_3_0.5k.tif,76,13.90153485952133,14.003194291745462,4.872195957094585,4.207134882037529
m2_3_0.5k.tif,77,22.193678459937566,18.231130223120413,5.8154052830064344,5.315813113563108
m2_3_0.5k.tif,78,18.210197710718003,16.04797960289063,5.257421294518266,4.815178485033747
m2_3_0.5k.tif,79,15.20226326742976,14.809645856580426,5.241935483870968,4.399559382661672
m2_3_0.5k.tif,80,15.852627471383974,15.143689080592125,5.241935483870968,4.492682070269503
m2_3_0.5k.tif,81,24.469953173777313,19.037581932160162,6.2985884483118175,5.5817660322402425
m2_3_0.5k.tif,82,15.039672216441206,14.671280643632334,4.872195957094585,4.375969081909478
m2_3_0.5k.tif,83,13.90153485952133,14.3372374676889,4.872195957094585,4.207134882037529
m2_3_0.5k.tif,84,20.405176899063473,17.5630439193018,5.8710563623229985,5.097124497714769
m2_3_0.5k.tif,85,15.364854318418313,15.143689032523863,4.872195957094585,4.423023865785153
m2_3_0.5k.tif,86,16.259105098855358,14.907484765975706,5.100447838981258,4.5499159963528735
m2_3_0.5k.tif,87,14.551899063475545,14.337237419620637,4.702380560359114,4.304422532536931
m2_3_0.5k.tif,88,10.89360041623309,12.154086751322593,3.9713136297564935,3.724266751253379
m2_3_0.5k.tif,89,15.44614984391259,14.90748486211223,4.9219982321506865,4.434709550260803
m2_3_0.5k.tif,90,23.73829344432882,18.46733448966857,6.259747861395171,5.497684415992512
m2_3_0.5k.tif,91,13.41376170655567,14.003194291745462,4.855481684996893,4.132666433241486
m2_3_0.5k.tif,92,13.820239334027054,14.101033249209005,4.597481552819104,4.194815280532338
m2_3_0.5k.tif,93,15.527445369406868,15.282054341608479,5.1638098688974585,4.446364523185623
m2_3_0.5k.tif,94,17.803720083246617,16.89495751934667,5.8154052830064344,4.7611343662393315
m2_3_0.5k.tif,95,14.226716961498438,14.475602728705253,4.9219982321506865,4.256056699238662
m2_3_0.5k.tif,96,12.43821540062435,15.616097517551914,4.872195957094585,3.9795511950481095
m2_3_0.5k.tif,97,20.161290322580644,16.854431215793856,5.616285595638757,5.066572027672756
m2_3_0.5k.tif,98,15.771331945889697,15.379893251003757,5.6017919312297595,4.48114756581969
m2_3_0.5k.tif,99,15.852627471383974,15.143689032523863,5.257421294518266,4.492682070269503
m2_3_0.5k.tif,100,16.828173777315296,15.616097469483652,5.1638098688974585,4.628854752414806
m2_3_0.5k.tif,101,16.340400624349634,15.616097469483652,5.409841881047878,4.561276603291791
m2_3_0.5k.tif,102,10.731009365244537,12.626495284418906,4.342874844463309,3.6963692292238233
m2_3_0.5k.tif,103,20.974245577523412,17.660882828697083,6.154974807449092,5.1677111848757
m2_3_0.5k.tif,104,11.38137356919875,13.098903721378695,4.561979233461598,3.80673283823641
m2_3_0.5k.tif,105,15.527445369406868,15.477732160399038,5.484463914812679,4.446364523185623
m2_3_0.5k.tif,106,13.088579604578563,14.003194291745462,4.702380560359114,4.082266176643011
m2_3_0.5k.tif,107,18.94185744016649,16.618227093450486,5.484463914812679,4.910959370994219
m2_3_0.5k.tif,108,17.397242455775235,15.71393633081067,5.257421294518266,4.70646970287056
m2_3_0.5k.tif,109,16.74687825182102,15.713936426947194,5.100447838981258,4.617660407726384
m2_3_0.5k.tif,110,11.86914672216441,14.573441686168794,5.257421294518266,3.88744993137191
m2_3_0.5k.tif,111,18.616675338189385,16.756592306398577,5.424848406078109,4.868622724352195
m2_3_0.5k.tif,112,17.803720083246617,15.950140645427089,5.409841881047878,4.7611343662393315
m2_3_0.5k.tif,113,17.153355879292402,15.143688936387338,5.052404873444221,4.673363995071483
m2_3_0.5k.tif,114,15.608740894901144,14.907484814043968,5.100447838981258,4.4579890254365875
m2_3_0.5k.tif,115,21.78720083246618,17.660882828697083,5.953557685577984,5.266908549517715
m2_3_0.5k.tif,116,16.01521852237253,15.143689032523863,5.100447838981258,4.515662691151737
m2_3_0.5k.tif,117,12.682101977107179,14.573441686168794,5.100447838981258,4.0183770041668385
m2_3_0.5k.tif,118,17.47853798126951,16.756592258330315,6.1417525047289585,4.717453311046951
m2_3_0.5k.tif,119,15.608740894901144,15.379893251003757,4.9219982321506865,4.4579890254365875
m2_3_0.5k.tif,120,14.308012486992714,14.573441686168794,4.9219982321506865,4.268199539033248
m2_3_0.5k.tif,121,12.600806451612902,13.530785806717411,4.719637060774042,4.0054768841858905
m2_3_0.5k.tif,122,15.283558792924037,14.573441638100531,4.9219982321506865,4.4113072256912345
m2_3_0.5k.tif,123,14.226716961498438,14.475602728705253,5.100447838981258,4.256056699238662
m2_3_0.5k.tif,124,14.308012486992714,14.101033249209005,4.719637060774042,4.268199539033248
m2_3_0.5k.tif,125,19.592221644120706,17.09063543427375,5.616285595638757,4.994556173125962
m2_3_0.5k.tif,126,8.37343912591051,11.249796229024087,4.151463766527017,3.265178987519964
m2_3_0.5k.tif,127,12.194328824141518,13.432946897322132,4.597481552819104,3.9403428379267735
m2_3_0.5k.tif,128,16.259105098855358,15.379893251003757,5.484463914812679,4.5499159963528735
m2_3_0.5k.tif,129,14.470603537981269,14.573441638100531,4.9219982321506865,4.292382166203553
m2_3_0.5k.tif,130,10.731009365244537,12.626495284418906,4.286349118038165,3.6963692292238233
m2_3_0.5k.tif,131,14.145421436004161,14.239398510225358,5.052404873444221,4.243879115769552
m2_3_0.5k.tif,132,17.072060353798125,15.713936475015457,5.241935483870968,4.66227652038799
m2_3_0.5k.tif,133,22.600156087408948,18.133291313725135,5.730915485303184,5.364271846921648
m2_3_0.5k.tif,134,14.064125910509885,14.337237419620637,5.257421294518266,4.231666488677435
m2_3_0.5k.tif,135,21.949791883454733,17.66088278062882,6.154974807449092,5.2865246641552215
m2_3_0.5k.tif,136,4.064776274713839,7.926150868015904,2.9077026415032172,2.2749579981764367
m2_3_0.5k.tif,137,21.705905306971903,17.563043823165277,5.994382559402624,5.257073044110521
m2_3_0.5k.tif,138,21.05554110301769,17.090635386205488,5.773314944869497,5.17771644339073
m2_3_0.5k.tif,139,12.43821540062435,14.671280595564074,5.052404873444221,3.9795511950481095
m2_3_0.5k.tif,140,14.145421436004161,14.101033201140742,5.052404873444221,4.243879115769552
m2_3_0.5k.tif,141,17.23465140478668,15.713936475015457,5.257421294518266,4.684425227100954
m2_3_0.5k.tif,142,6.097164412070759,9.302849875342462,3.2509103823784473,2.786243140897867
m2_3_0.5k.tif,143,14.633194588969822,14.907484910180491,5.484463914812679,4.316429313272834
m2_3_0.5k.tif,144,36.74557752341311,26.393485357684472,9.097188848934257,6.840023566987262
m2_3_0.5k.tif,145,21.78720083246618,17.660882876765342,6.259747861395171,5.266908549517715
m2_3_0.5k.tif,146,12.682101977107179,13.766990073265568,4.872195957094585,4.0183770041668385
m2_3_0.5k.tif,147,16.74687825182102,16.186344863906985,5.994382559402624,4.617660407726384
m2_3_0.5k.tif,148,9.186394380853278,11.583839453035786,3.9713136297564935,3.420011783493631
m2_3_0.5k.tif,149,17.96631113423517,15.950140597358827,5.484463914812679,4.782825295693318
m2_3_0.5k.tif,150,12.031737773152965,13.432946897322132,4.508201567539899,3.913985733834775
m2_3_0.5k.tif,151,21.05554110301769,17.424678514080664,5.994382559402624,5.17771644339073
m2_3_0.5k.tif,152,14.714490114464098,14.809645904648688,4.872195957094585,4.328402787905756
m2_3_0.5k.tif,153,15.852627471383974,15.4777322084673,5.1638098688974585,4.492682070269503
m2_3_0.5k.tif,154,13.16987513007284,13.766990025197305,4.508201567539899,4.094924396717587
m2_3_0.5k.tif,155,16.828173777315296,15.616097469483652,5.484463914812679,4.628854752414806
m2_3_0.5k.tif,156,13.251170655567117,13.530785806717411,4.702380560359114,4.107543608131535
m2_3_0.5k.tif,157,18.454084287200832,15.950140597358827,5.409841881047878,4.847315739287045
m2_3_0.5k.tif,158,16.909469302809573,15.379893251003757,5.052404873444221,4.640022090122252
m2_3_0.5k.tif,159,8.37343912591051,11.249796277092349,4.032258064516129,3.265178987519964
m2_3_0.5k.tif,160,15.039672216441206,14.809645904648688,5.1638098688974585,4.375969081909478
m2_3_0.5k.tif,161,15.69003642039542,14.809645856580426,5.257421294518266,4.4695832947582925
m2_3_0.5k.tif,162,17.23465140478668,15.713936475015457,5.257421294518266,4.684425227100954
m2_3_0.5k.tif,163,15.771331945889697,14.907484814043968,4.872195957094585,4.48114756581969
m2_3_0.5k.tif,164,16.096514047866805,14.907484765975706,5.100447838981258,4.527109256261558
m2_3_0.5k.tif,165,19.592221644120706,16.756592210262053,5.8154052830064344,4.994556173125962
m2_3_0.5k.tif,166,17.72242455775234,16.04797960289063,5.616285595638757,4.750251759171913
m2_3_0.5k.tif,167,20.730359001040583,17.09063543427375,5.484463914812679,5.1375785012670505
m2_3_0.5k.tif,168,16.828173777315296,15.616097517551914,5.257421294518266,4.628854752414806
m2_3_0.5k.tif,169,19.348335067637876,16.52038803985042,5.484463914812679,4.963372374998942
m2_3_0.5k.tif,170,14.795785639958376,14.90748486211223,5.100447838981258,4.340343232075047
m2_3_0.5k.tif,171,12.113033298647242,13.530785854785673,4.508201567539899,3.9271863977320303
m2_3_0.5k.tif,172,10.649713839750259,13.196742678842236,4.508201567539899,3.6823412119035606
m2_3_0.5k.tif,173,20.649063475546306,17.188474439805553,5.773314944869497,5.127494922358486
m2_3_0.5k.tif,174,16.828173777315296,16.284183821370526,5.241935483870968,4.628854752414806
m2_3_0.5k.tif,175,14.064125910509885,14.003194243677202,4.702380560359114,4.231666488677435
m2_3_0.5k.tif,176,20.974245577523412,17.18847429560077,5.484463914812679,5.1677111848757
m2_3_0.5k.tif,177,14.308012486992714,14.239398510225358,4.702380560359114,4.268199539033248
m2_3_0.5k.tif,178,7.885665972944849,10.443344664189123,3.606561254031919,3.1686498312886933
m2_3_0.5k.tif,179,7.560483870967742,10.915753101148914,3.9713136297564935,3.1026290532141463
m2_3_0.5k.tif,180,16.42169614984391,15.713936426947194,5.257421294518266,4.57260898498947
m2_3_0.5k.tif,181,20.56776795005203,17.897086999108716,6.375559798726571,5.117391474271117
m2_3_0.5k.tif,182,11.950442247658689,13.196742678842236,4.508201567539899,3.9007403972570134
m2_3_0.5k.tif,183,14.714490114464098,14.337237419620637,4.719637060774042,4.328402787905756
m2_3_0.5k.tif,184,37.07075962539022,26.72752853362791,10.200895677962516,6.8702224933708305
m2_3_0.5k.tif,185,20.079994797086368,17.229000743358366,5.730915485303184,5.056346846659818
m2_3_0.5k.tif,186,13.332466181061394,13.766990025197305,4.597481552819104,4.120124169314751
m2_3_0.5k.tif,187,18.454084287200832,16.284183869438788,5.484463914812679,4.847315739287045
m2_3_0.5k.tif,188,10.731009365244537,12.626495284418906,4.597481552819104,3.6963692292238233
m2_3_0.5k.tif,189,13.90153485952133,14.003194291745462,4.9219982321506865,4.207134882037529
m2_3_0.5k.tif,190,18.616675338189385,16.284183821370526,5.484463914812679,4.868622724352195
m2_3_0.5k.tif,191,36.257804370447445,27.533980098462873,9.694205871105893,6.7944735137996615
m2_3_0.5k.tif,192,19.348335067637876,16.854431263862118,5.616285595638757,4.963372374998942
m2_3_0.5k.tif,193,18.372788761706556,16.382022778834067,5.484463914812679,4.83662704769249
m2_3_0.5k.tif,194,10.243236212278875,12.626495284418906,4.361553962254826,3.6113838637753104
m2_3_0.5k.tif,195,10.40582726326743,13.766990025197305,4.872195957094585,3.6399327970822988
m2_3_0.5k.tif,196,16.340400624349634,15.4777322084673,5.100447838981258,4.561276603291791
m2_3_0.5k.tif,197,20.405176899063473,17.090635386205488,5.6017919312297595,5.097124497714769
m2_3_0.5k.tif,198,17.397242455775235,15.852301736031809,5.257421294518266,4.70646970287056
m2_3_0.5k.tif,199,19.2670395421436,16.284183773302264,5.257421294518266,4.9529341460424545
m2_3_0.5k.tif,200,13.576352757544225,14.003194291745462,4.855481684996893,4.157637454634492
m2_3_0.5k.tif,201,26.258454734651405,19.037581836023637,6.154974807449092,5.782153833287076
m2_3_0.5k.tif,202,16.828173777315296,15.950140645427089,5.616285595638757,4.628854752414806
m2_3_0.5k.tif,203,10.243236212278875,12.626495284418906,4.508201567539899,3.6113838637753104
m2_3_0.5k.tif,204,6.178459937565036,10.679548882669017,4.032258064516129,2.8047565880250196
m2_3_0.5k.tif,205,11.137486992715921,13.669151115802027,4.719637060774042,3.7657255433846233
m2_3_0.5k.tif,206,21.705905306971903,17.5630439193018,5.8154052830064344,5.257073044110521
m2_3_0.5k.tif,207,13.657648283038501,13.766990025197305,4.508201567539899,4.170066891795493
m2_3_0.5k.tif,208,12.275624349635795,13.530785854785673,4.597481552819104,3.953455495926337
m2_3_0.5k.tif,209,14.145421436004161,14.10103315307248,4.872195957094585,4.243879115769552
m2_3_0.5k.tif,210,4.146071800208117,8.162355086495799,3.0708762523644793,2.2975949537149227
m2_3_0.5k.tif,211,8.454734651404786,11.151957319628808,4.032258064516129,3.280991084780822
m2_3_0.5k.tif,212,9.755463059313215,12.960538460362342,4.508201567539899,3.5243497761034814
m2_3_0.5k.tif,213,16.828173777315296,15.143689032523863,5.052404873444221,4.628854752414806
m2_3_0.5k.tif,214,18.128902185223723,15.950140693495351,5.257421294518266,4.804418296200129
m2_3_0.5k.tif,215,17.559833506763788,15.713936475015457,5.257421294518266,4.728411405512128
m2_3_0.5k.tif,216,23.413111342351716,18.467334393532045,6.711014910118242,5.459899195623448
m2_3_0.5k.tif,217,22.193678459937566,17.56304387123354,5.8154052830064344,5.315813113563108
m2_3_0.5k.tif,218,14.95837669094693,14.573441638100531,4.9219982321506865,4.364126112746782
m2_3_0.5k.tif,219,22.274973985431842,17.994925956572256,5.8710563623229985,5.3255401356293275
m2_3_0.5k.tif,220,18.29149323621228,16.284183869438788,5.257421294518266,4.825914682275395
m2_3_0.5k.tif,221,12.92598855359001,13.530785854785673,4.719637060774042,4.056831248798115
m2_3_0.5k.tif,222,17.559833506763788,16.047979650958894,5.484463914812679,4.728411405512128
m2_3_0.5k.tif,223,16.259105098855358,15.990666997048162,5.702474041826997,4.5499159963528735
m2_3_0.5k.tif,224,20.24258584807492,17.09063543427375,5.994382559402624,5.076776614099281
m2_3_0.5k.tif,225,14.877081165452653,14.809645856580426,5.100447838981258,4.352250917638941
m2_3_0.5k.tif,226,12.844693028095733,13.766990025197305,4.9219982321506865,4.04405379580385
m2_3_0.5k.tif,227,19.429630593132153,16.756592306398577,5.484463914812679,4.97378869784111
m2_3_0.5k.tif,228,15.364854318418313,14.809645904648688,5.1638098688974585,4.423023865785153
m2_3_0.5k.tif,229,19.83610822060354,16.854431215793856,5.484463914812679,5.025546477759277
m2_3_0.5k.tif,230,13.007284079084286,13.766990073265568,4.508201567539899,4.069568583903484
m2_3_0.5k.tif,231,13.90153485952133,14.003194291745462,4.597481552819104,4.207134882037529
m2_3_0.5k.tif,232,14.308012486992714,14.711806899116885,5.241935483870968,4.268199539033248
m2_3_0.5k.tif,233,9.511576482830385,12.39029101787075,4.702380560359114,3.480016567591689
m2_3_0.5k.tif,234,18.69797086368366,16.520388087918683,5.484463914812679,4.879241325241859
m2_3_0.5k.tif,235,19.02315296566077,16.520388087918683,5.616285595638757,4.921486627171233
m2_3_0.5k.tif,236,11.056191467221643,12.626495284418906,4.508201567539899,3.751956848130063
m2_3_0.5k.tif,237,11.706555671175858,13.098903721378695,4.361553962254826,3.860731745820316
m2_3_0.5k.tif,238,17.315946930280955,15.477732112330775,5.100447838981258,4.695460401938149
m2_3_0.5k.tif,239,14.714490114464098,14.809645904648688,5.100447838981258,4.328402787905756
m2_3_0.5k.tif,240,14.877081165452653,14.337237419620637,4.872195957094585,4.352250917638941
m2_3_0.5k.tif,241,16.502991675338187,15.616097517551914,5.1638098688974585,4.583913350781816
m2_3_0.5k.tif,242,15.527445369406868,14.671280547495812,5.100447838981258,4.446364523185623
m2_3_0.5k.tif,243,12.519510926118626,13.432946897322132,4.508201567539899,3.992535083362221
m2_3_0.5k.tif,244,17.559833506763788,15.713936475015457,5.257421294518266,4.728411405512128
m2_3_0.5k.tif,245,9.91805411030177,12.29245210847547,4.151463766527017,3.553597993591753
m2_3_0.5k.tif,246,8.86121227887617,12.056247889995575,4.032258064516129,3.3589352312537866
m2_3_0.5k.tif,247,15.69003642039542,15.143689032523863,4.987627772924589,4.4695832947582925
m2_3_0.5k.tif,248,19.104448491155047,16.284183773302264,5.484463914812679,4.931991413140803
m2_3_0.5k.tif,249,21.868496357960456,17.424678562148927,5.773314944869497,5.276725722154994
m2_3_0.5k.tif,250,23.8195889698231,18.231130223120413,5.994382559402624,5.5070902131448936
m2_3_0.5k.tif,251,18.372788761706556,16.047979506754107,5.241935483870968,4.83662704769249
m2_3_0.5k.tif,252,15.771331945889697,15.241528038055666,5.100447838981258,4.48114756581969
m2_3_0.5k.tif,253,15.44614984391259,14.907484814043968,5.100447838981258,4.434709550260803
m2_3_0.5k.tif,254,20.161290322580644,16.854431167725593,5.773314944869497,5.066572027672756
m2_3_0.5k.tif,255,18.210197710718003,16.047979699027152,5.484463914812679,4.815178485033747
m2_3_0.5k.tif,256,11.625260145681581,13.33510793985859,4.597481552819104,3.8473030729740345
m2_3_0.5k.tif,257,9.430280957336107,11.34763518648763,3.8253358792359426,3.46511278789642
m2_3_0.5k.tif,258,17.153355879292402,15.47773225653556,5.409841881047878,4.673363995071483
m2_3_0.5k.tif,259,18.616675338189385,16.284183821370526,5.257421294518266,4.868622724352195
m2_3_0.5k.tif,260,13.495057232049946,13.766990025197305,4.508201567539899,4.145170747545901
m2_3_0.5k.tif,261,19.429630593132153,16.6182269492457,5.616285595638757,4.97378869784111
m2_3_0.5k.tif,262,11.38137356919875,12.960538460362342,4.361553962254826,3.80673283823641
m2_3_0.5k.tif,263,18.047606659729446,15.713936426947194,5.100447838981258,4.793633954213986
m2_3_0.5k.tif,264,15.039672216441206,14.337237371552375,4.872195957094585,4.375969081909478
m2_3_0.5k.tif,265,11.462669094693027,12.724334193814185,4.342874844463309,3.820304121346463
m2_3_0.5k.tif,266,11.218782518210197,12.626495284418906,4.508201567539899,3.7794440789577446
m2_3_0.5k.tif,267,6.341050988553589,9.539054093822356,3.4686795431623496,2.841421629010455
m2_3_0.5k.tif,268,12.92598855359001,13.530785806717411,4.597481552819104,4.056831248798115
m2_3_0.5k.tif,269,17.397242455775235,15.713936475015457,5.100447838981258,4.70646970287056
m2_3_0.5k.tif,270,9.999349635796046,12.056247889995575,4.286349118038165,3.5681321973728317
m2_3_0.5k.tif,271,10.731009365244537,14.101033249209005,4.597481552819104,3.6963692292238233
m2_3_0.5k.tif,272,11.706555671175858,12.96053841229408,4.342874844463309,3.860731745820316
m2_3_0.5k.tif,273,14.470603537981269,14.573441686168794,5.052404873444221,4.292382166203553
m2_3_0.5k.tif,274,10.568418314255982,12.29245210847547,4.151463766527017,3.668259549570347
m2_3_0.5k.tif,275,16.096514047866805,14.907484765975706,5.052404873444221,4.527109256261558
m2_3_0.5k.tif,276,15.364854318418313,14.809645904648688,5.052404873444221,4.423023865785153
m2_3_0.5k.tif,277,20.81165452653486,16.854431167725593,5.616285595638757,5.147642327760422
m2_3_0.5k.tif,278,8.210848074921955,11.249796277092349,3.8253358792359426,3.2333228210005904
m2_3_0.5k.tif,279,14.389308012486993,14.337237419620637,4.597481552819104,4.280307930847145
m2_3_0.5k.tif,280,13.495057232049946,13.766989977129045,4.702380560359114,4.145170747545901
m2_3_0.5k.tif,281,18.372788761706556,16.04797960289063,5.100447838981258,4.83662704769249
m2_3_0.5k.tif,282,15.20226326742976,14.809645856580426,5.100447838981258,4.399559382661672
m2_3_0.5k.tif,283,17.641129032258064,15.950140693495351,5.257421294518266,4.7393441632409985
m2_3_0.5k.tif,284,17.153355879292402,15.47773225653556,5.257421294518266,4.673363995071483
m2_3_0.5k.tif,285,9.267689906347554,11.486000495572243,3.9713136297564935,3.4351112466854152
m2_3_0.5k.tif,286,18.69797086368366,16.520388087918683,5.6017919312297595,4.879241325241859
m2_3_0.5k.tif,287,18.53537981269511,16.186344863906985,5.6017919312297595,4.857980913322864
m2_3_0.5k.tif,288,14.389308012486993,14.809645904648688,5.257421294518266,4.280307930847145
m2_3_0.5k.tif,289,16.17780957336108,15.143689032523863,4.9219982321506865,4.538526952216811
m2_3_0.5k.tif,290,12.194328824141518,13.432946897322132,4.597481552819104,3.9403428379267735
m2_3_0.5k.tif,291,15.20226326742976,15.143689080592125,5.100447838981258,4.399559382661672
m2_3_0.5k.tif,292,13.332466181061394,15.045850123128583,4.9219982321506865,4.120124169314751
m2_3_0.5k.tif,293,9.592872008324662,12.29245210847547,4.342874844463309,3.4948567908545236
m2_3_0.5k.tif,294,16.17780957336108,15.143689032523863,5.6017919312297595,4.538526952216811
m2_3_0.5k.tif,295,18.128902185223723,16.284183821370526,5.616285595638757,4.804418296200129
m2_3_0.5k.tif,296,11.462669094693027,12.862699502898801,4.286349118038165,3.820304121346463
m2_3_0.5k.tif,297,10.161940686784598,12.056247889995575,4.032258064516129,3.5970244277273613
m2_3_0.5k.tif,298,12.43821540062435,13.530785758649149,4.508201567539899,3.9795511950481095
m2_3_0.5k.tif,299,11.543964620187305,12.96053841229408,4.342874844463309,3.833827364064025
m2_3_0.5k.tif,300,20.892950052029136,17.090635386205488,5.994382559402624,5.157686517463045
m2_3_0.5k.tif,301,12.763397502601457,14.003194291745462,4.855481684996893,4.031235843446299
m2_3_0.5k.tif,302,12.682101977107179,14.239398510225358,5.241935483870968,4.0183770041668385
m2_3_0.5k.tif,303,15.852627471383974,15.143689080592125,5.257421294518266,4.492682070269503
m2_3_0.5k.tif,304,12.356919875130073,13.432946897322132,4.508201567539899,3.9665248059402702
m2_3_0.5k.tif,305,11.625260145681581,13.196742678842236,4.361553962254826,3.8473030729740345
m2_3_0.5k.tif,306,9.34898543184183,11.583839404967524,3.8253358792359426,3.450144628124155
m2_3_0.5k.tif,307,11.706555671175858,12.96053841229408,4.342874844463309,3.860731745820316
m2_3_0.5k.tif,308,11.787851196670134,13.196742678842236,4.597481552819104,3.874113871720103
m2_3_0.5k.tif,309,6.666233090530697,10.207140397640966,4.032258064516129,2.9133677394530513
m2_3_0.5k.tif,310,22.600156087408948,17.99492605270878,5.8154052830064344,5.364271846921648
m2_3_0.5k.tif,311,18.128902185223723,16.756592258330315,6.1417525047289585,4.804418296200129
m2_3_0.5k.tif,312,15.69003642039542,15.282054341608479,5.257421294518266,4.4695832947582925
m2_3_0.5k.tif,313,19.104448491155047,16.618227045382223,5.484463914812679,4.931991413140803
m2_3_0.5k.tif,314,36.50169094693028,26.01891568591518,9.41340123381351,6.817286583629378
m2_3_0.5k.tif,315,21.21813215400624,17.090635482342012,5.773314944869497,5.19766918184463
m2_3_0.5k.tif,316,12.519510926118626,13.432946897322132,4.702380560359114,3.992535083362221
m2_3_0.5k.tif,317,10.974895941727366,12.862699502898801,4.361553962254826,3.7381374389340927
m2_3_0.5k.tif,318,19.185744016649323,16.520388087918683,5.257421294518266,4.942473872178179
m2_3_0.5k.tif,319,18.047606659729446,16.186344911975244,5.257421294518266,4.793633954213986
m2_3_0.5k.tif,320,19.02315296566077,16.520388087918683,5.484463914812679,4.921486627171233
m2_3_0.5k.tif,321,13.820239334027054,14.101033201140742,4.9219982321506865,4.194815280532338
m2_3_0.5k.tif,322,17.885015608740893,16.186344863906985,5.257421294518266,4.771992155405804
m2_3_0.5k.tif,323,12.600806451612902,13.530785854785673,4.597481552819104,4.0054768841858905
m2_3_0.5k.tif,324,14.714490114464098,14.475602728705253,5.052404873444221,4.328402787905756
m2_3_0.5k.tif,325,22.844042663891777,17.897086999108716,6.1417525047289585,5.39313809217641
m2_3_0.5k.tif,326,12.763397502601457,14.003194243677202,4.855481684996893,4.031235843446299
m2_3_0.5k.tif,327,23.413111342351716,18.46733448966857,6.259747861395171,5.459899195623448
m2_3_0.5k.tif,328,16.42169614984391,15.713936475015457,5.424848406078109,4.57260898498947
m2_3_0.5k.tif,329,20.161290322580644,16.854431215793856,5.484463914812679,5.066572027672756
m2_3_0.5k.tif,330,18.454084287200832,15.950140597358827,5.409841881047878,4.847315739287045
m2_3_0.5k.tif,331,18.53537981269511,16.520388087918683,5.616285595638757,4.857980913322864
m2_3_0.5k.tif,332,7.560483870967742,10.915753101148914,4.151463766527017,3.1026290532141463
m2_3_0.5k.tif,333,20.405176899063473,17.09063543427375,5.6017919312297595,5.097124497714769
m2_3_0.5k.tif,334,17.885015608740893,16.186344911975244,5.241935483870968,4.771992155405804
m2_3_0.5k.tif,335,15.039672216441206,14.809645856580426,5.100447838981258,4.375969081909478
m2_3_0.5k.tif,336,16.909469302809573,15.713936475015457,5.409841881047878,4.640022090122252
m2_3_0.5k.tif,337,10.487122788761706,12.724334241882447,4.597481552819104,3.6541236220391755
m2_3_0.5k.tif,338,16.096514047866805,15.713936426947194,5.484463914812679,4.527109256261558
m2_3_0.5k.tif,339,13.576352757544225,14.003194291745462,4.597481552819104,4.157637454634492
m2_3_0.5k.tif,340,17.23465140478668,16.04797960289063,5.424848406078109,4.684425227100954
m2_3_0.5k.tif,341,12.600806451612902,13.669151115802027,4.597481552819104,4.0054768841858905
m2_3_0.5k.tif,342,18.210197710718003,16.186344815838723,5.616285595638757,4.815178485033747
m2_3_0.5k.tif,343,13.007284079084286,13.766989977129045,5.052404873444221,4.069568583903484
m2_3_0.5k.tif,344,8.61732570239334,11.34763523455589,4.508201567539899,3.3123888440444174
m2_3_0.5k.tif,345,15.120967741935484,14.907484814043968,4.855481684996893,4.38778008606824
m2_3_0.5k.tif,346,15.120967741935484,14.573441638100531,4.9219982321506865,4.38778008606824
m2_3_0.5k.tif,347,16.584287200832467,15.37989329907202,4.9219982321506865,4.5951899074298455
m2_3_0.5k.tif,348,15.364854318418313,14.809645904648688,5.257421294518266,4.423023865785153
m2_3_0.5k.tif,349,12.275624349635795,13.196742630773976,4.508201567539899,3.953455495926337
m2_3_0.5k.tif,350,14.470603537981269,14.573441686168794,5.257421294518266,4.292382166203553
m2_3_0.5k.tif,351,15.69003642039542,15.143689080592125,5.1638098688974585,4.4695832947582925
m2_3_0.5k.tif,352,11.462669094693027,12.862699502898801,4.286349118038165,3.820304121346463
m2_3_0.5k.tif,353,8.86121227887617,11.249796229024087,3.9713136297564935,3.3589352312537866
m2_3_0.5k.tif,354,13.982830385015609,14.907484814043968,4.719637060774042,4.219418513672977
m2_3_0.5k.tif,355,15.44614984391259,14.907484814043968,5.241935483870968,4.434709550260803
m2_3_0.5k.tif,356,14.633194588969822,14.90748486211223,5.100447838981258,4.316429313272834
m2_3_0.5k.tif,357,8.942507804370447,11.486000495572243,3.9713136297564935,3.3743080128564538
m2_3_0.5k.tif,358,19.429630593132153,16.756592306398577,5.6017919312297595,4.97378869784111
m2_3_0.5k.tif,359,14.714490114464098,14.3372374676889,4.702380560359114,4.328402787905756
m2_3_0.5k.tif,360,11.86914672216441,13.766990073265568,5.100447838981258,3.88744993137191
m2_3_0.5k.tif,361,15.771331945889697,14.907484765975706,5.052404873444221,4.48114756581969
m2_3_0.5k.tif,362,17.641129032258064,15.950140693495351,5.257421294518266,4.7393441632409985
m2_3_0.5k.tif,363,16.74687825182102,15.241527941919143,5.241935483870968,4.617660407726384
m2_3_0.5k.tif,364,21.462018730489074,17.326839604685382,5.773314944869497,5.227455495506915
m2_3_0.5k.tif,365,14.145421436004161,14.573441686168794,5.241935483870968,4.243879115769552
m2_3_0.5k.tif,366,15.608740894901144,14.907484814043968,5.100447838981258,4.4579890254365875
m2_3_0.5k.tif,367,17.23465140478668,15.713936426947194,5.409841881047878,4.684425227100954
m2_3_0.5k.tif,368,5.7719823100936525,8.830441438382671,3.0708762523644793,2.7109253270282188
m2_3_0.5k.tif,369,14.308012486992714,14.239398510225358,4.872195957094585,4.268199539033248
m2_3_0.5k.tif,370,13.251170655567117,14.003194291745462,4.872195957094585,4.107543608131535
m2_3_0.5k.tif,371,17.885015608740893,16.04797960289063,5.257421294518266,4.771992155405804
m2_3_0.5k.tif,372,8.37343912591051,12.390291065939012,4.9219982321506865,3.265178987519964
m2_3_0.5k.tif,373,14.714490114464098,14.809645904648688,4.9219982321506865,4.328402787905756
m2_3_0.5k.tif,374,15.527445369406868,15.616097517551914,4.9219982321506865,4.446364523185623
m2_3_0.5k.tif,375,25.445499479708637,19.0375818840919,6.259747861395171,5.691943092925565
m2_3_0.5k.tif,376,13.982830385015609,13.766989977129045,4.702380560359114,4.219418513672977
m2_3_0.5k.tif,377,14.470603537981269,14.573441638100531,5.052404873444221,4.292382166203553
m2_3_0.5k.tif,378,11.950442247658689,13.530785854785673,4.361553962254826,3.9007403972570134
m2_3_0.5k.tif,379,19.99869927159209,16.520388087918683,5.409841881047878,5.046100945864771
m2_3_0.5k.tif,380,12.519510926118626,13.432946897322132,4.597481552819104,3.992535083362221
m2_3_0.5k.tif,381,16.259105098855358,15.241527941919143,5.100447838981258,4.5499159963528735
m2_3_0.5k.tif,382,12.682101977107179,13.766990073265568,5.052404873444221,4.0183770041668385
m2_3_0.5k.tif,383,16.259105098855358,14.907484814043968,4.9219982321506865,4.5499159963528735
m2_3_0.5k.tif,384,15.20226326742976,14.671280547495812,5.052404873444221,4.399559382661672
m2_3_0.5k.tif,385,20.649063475546306,17.326839652753645,5.8710563623229985,5.127494922358486
m2_3_0.5k.tif,386,18.53537981269511,16.047979699027152,5.484463914812679,4.857980913322864
m2_3_0.5k.tif,387,14.95837669094693,14.711806947185147,4.9219982321506865,4.364126112746782
m2_3_0.5k.tif,388,21.624609781477627,17.660882876765342,5.616285595638757,5.247219102843346
m2_3_0.5k.tif,389,19.99869927159209,16.99279652487847,5.773314944869497,5.046100945864771
m2_3_0.5k.tif,390,16.340400624349634,15.616097517551914,5.257421294518266,4.561276603291791
m2_3_0.5k.tif,391,23.900884495317378,18.467334441600308,6.259747861395171,5.516479973097483
m2_3_0.5k.tif,392,12.43821540062435,13.530785854785673,4.361553962254826,3.9795511950481095
m2_3_0.5k.tif,393,17.641129032258064,16.422549130455142,5.424848406078109,4.7393441632409985
m2_3_0.5k.tif,394,12.113033298647242,13.196742630773976,4.342874844463309,3.9271863977320303
m2_3_0.5k.tif,395,18.53537981269511,16.186344911975244,5.484463914812679,4.857980913322864
m2_3_0.5k.tif,396,14.551899063475545,14.3372374676889,4.719637060774042,4.304422532536931
m2_3_0.5k.tif,397,17.153355879292402,15.4777322084673,5.100447838981258,4.673363995071483
m2_3_0.5k.tif,398,10.40582726326743,12.29245210847547,4.508201567539899,3.6399327970822988
m2_3_0.5k.tif,399,14.633194588969822,14.573441638100531,4.9219982321506865,4.316429313272834
m2_3_0.5k.tif,400,19.51092611862643,17.799248137781696,5.730915485303184,4.984183251912124
m2_3_0.5k.tif,401,15.039672216441206,14.337237419620637,4.872195957094585,4.375969081909478
m2_3_0.5k.tif,402,18.454084287200832,16.756592306398577,5.8710563623229985,4.847315739287045
m2_3_0.5k.tif,403,19.348335067637876,16.520388087918683,5.257421294518266,4.963372374998942
m2_3_0.5k.tif,404,10.487122788761706,12.390291065939012,4.342874844463309,3.6541236220391755
m2_3_0.5k.tif,405,16.74687825182102,15.713936475015457,5.100447838981258,4.617660407726384
m2_3_0.5k.tif,406,18.94185744016649,18.369495484136767,6.259747861395171,4.910959370994219
m2_3_0.5k.tif,407,20.81165452653486,17.326839700821907,5.730915485303184,5.147642327760422
m2_3_0.5k.tif,408,14.877081165452653,15.143689080592125,5.100447838981258,4.352250917638941
m2_3_0.5k.tif,409,5.609391259105099,8.830441438382671,3.0708762523644793,2.6724705373463666
m2_3_0.5k.tif,410,4.7151404786680535,8.73260248091913,3.0708762523644793,2.450204749897782
m2_3_0.5k.tif,411,15.20226326742976,15.143689032523863,4.987627772924589,4.399559382661672
m2_3_0.5k.tif,412,45.76938085327783,30.246851761494913,10.675969592640103,7.633831648683232
m2_3_0.5k.tif,413,22.35626951092612,17.8970871433135,5.953557685577984,5.33524942379156
m2_3_0.5k.tif,414,19.83610822060354,16.99279652487847,5.484463914812679,5.025546477759277
m2_3_0.5k.tif,415,19.104448491155047,17.09063543427375,5.616285595638757,4.931991413140803
m2_3_0.5k.tif,416,58.614073881373564,33.472658116971296,13.208338188838063,8.638851587091498
m2_3_0.5k.tif,417,14.714490114464098,14.809645904648688,4.9219982321506865,4.328402787905756
m2_3_0.5k.tif,418,17.23465140478668,15.713936426947194,5.241935483870968,4.684425227100954
m2_3_0.5k.tif,419,39.26573881373569,27.631818959789893,9.975255545849178,7.07069242796564
m2_3_0.5k.tif,420,18.779266389177938,16.756592258330315,5.484463914812679,4.88983686719887
m2_3_0.5k.tif,421,19.83610822060354,17.326839700821907,5.616285595638757,5.025546477759277
m2_3_0.5k.tif,422,16.17780957336108,15.143689032523863,5.100447838981258,4.538526952216811
m2_3_0.5k.tif,423,17.153355879292402,15.811775384410735,5.409841881047878,4.673363995071483
m2_3_0.5k.tif,424,22.925338189386054,18.46733448966857,6.259747861395171,5.402725900797998
m2_3_0.5k.tif,425,20.405176899063473,17.09063543427375,5.616285595638757,5.097124497714769
m2_3_0.5k.tif,426,19.83610822060354,17.660882876765342,5.616285595638757,5.025546477759277
m2_3_0.5k.tif,427,16.096514047866805,15.37989329907202,5.1638098688974585,4.527109256261558
m2_3_0.5k.tif,428,22.193678459937566,17.424678610217185,5.616285595638757,5.315813113563108
m2_3_0.5k.tif,429,17.23465140478668,15.713936378878932,5.3797032516638446,4.684425227100954
m2_3_0.5k.tif,430,17.072060353798125,15.713936378878932,5.484463914812679,4.66227652038799
m2_3_0.5k.tif,431,17.072060353798125,15.379893251003757,5.100447838981258,4.66227652038799
m2_3_0.5k.tif,432,14.714490114464098,14.671280547495812,5.241935483870968,4.328402787905756
m2_3_0.5k.tif,433,10.812304890738814,12.724334241882447,4.508201567539899,3.7103442099921216
m2_3_0.5k.tif,434,14.145421436004161,14.239398510225358,4.855481684996893,4.243879115769552
m2_3_0.5k.tif,435,18.779266389177938,16.284183773302264,5.484463914812679,4.88983686719887
m2_3_0.5k.tif,436,19.51092611862643,16.520388087918683,5.484463914812679,4.984183251912124
m2_3_0.5k.tif,437,12.43821540062435,13.669151115802027,4.597481552819104,3.9795511950481095
m2_3_0.5k.tif,438,11.625260145681581,12.862699454830539,4.508201567539899,3.8473030729740345
m2_3_0.5k.tif,439,22.681451612903224,18.56517339906385,6.168168766442885,5.373911157206223
m2_3_0.5k.tif,440,12.031737773152965,13.294581588237516,4.872195957094585,3.913985733834775
m2_3_0.5k.tif,441,7.804370447450572,10.679548882669017,3.804024650022824,3.152274270341419
m2_3_0.5k.tif,442,20.079994797086368,16.95227022132566,5.773314944869497,5.056346846659818
m2_3_0.5k.tif,443,15.039672216441206,14.671280595564074,4.987627772924589,4.375969081909478
m2_3_0.5k.tif,444,23.413111342351716,17.99492600464052,5.8710563623229985,5.459899195623448
m2_3_0.5k.tif,445,13.820239334027054,14.573441686168794,5.100447838981258,4.194815280532338
m2_3_0.5k.tif,446,20.24258584807492,17.424678658285448,5.994382559402624,5.076776614099281
m2_3_0.5k.tif,447,20.323881373569197,16.854431167725593,5.773314944869497,5.086960729879355
m2_3_0.5k.tif,448,11.86914672216441,13.432946897322132,4.719637060774042,3.88744993137191
m2_3_0.5k.tif,449,12.113033298647242,13.196742678842236,4.508201567539899,3.9271863977320303
m2_3_0.5k.tif,450,14.633194588969822,14.239398462157096,4.9219982321506865,4.316429313272834
m2_3_0.5k.tif,451,24.713839750260146,18.801377617543743,6.375559798726571,5.609513176050039
m2_3_0.5k.tif,452,19.104448491155047,16.61822699731396,5.8154052830064344,4.931991413140803
m2_3_0.5k.tif,453,18.69797086368366,16.04797960289063,5.3797032516638446,4.879241325241859
m2_3_0.5k.tif,454,14.064125910509885,14.003194243677202,4.597481552819104,4.231666488677435
m2_3_0.5k.tif,455,20.323881373569197,16.854431215793856,5.6017919312297595,5.086960729879355
m2_3_0.5k.tif,456,15.283558792924037,14.435076329015917,4.719637060774042,4.4113072256912345
m2_3_0.5k.tif,457,14.064125910509885,14.3372374676889,4.719637060774042,4.231666488677435
m2_4_0.5k.tif,1,15.933922996878252,14.90748486211223,5.100447838981258,4.504187036790369
m2_4_0.5k.tif,2,9.755463059313215,12.626495236350644,4.597481552819104,3.5243497761034814
m2_4_0.5k.tif,3,16.909469302809573,15.37989329907202,5.052404873444221,4.640022090122252
m2_4_0.5k.tif,4,20.649063475546306,17.326839700821907,5.616285595638757,5.127494922358486
m2_4_0.5k.tif,5,13.820239334027054,14.711806947185147,4.9219982321506865,4.194815280532338
m2_4_0.5k.tif,6,13.088579604578563,14.003194243677202,4.719637060774042,4.082266176643011
m2_4_0.5k.tif,7,23.8195889698231,18.703538660080202,6.375559798726571,5.5070902131448936
m2_4_0.5k.tif,8,20.161290322580644,16.99279652487847,5.484463914812679,5.066572027672756
m2_4_0.5k.tif,9,12.600806451612902,13.530785806717411,4.508201567539899,4.0054768841858905
m2_4_0.5k.tif,10,17.559833506763788,16.186344863906985,5.730915485303184,4.728411405512128
m2_4_0.5k.tif,11,15.852627471383974,15.950140645427089,5.1638098688974585,4.492682070269503
m2_4_0.5k.tif,12,19.592221644120706,16.756592258330315,5.484463914812679,4.994556173125962
m2_4_0.5k.tif,13,20.730359001040583,17.56304387123354,5.773314944869497,5.1375785012670505
m2_4_0.5k.tif,14,16.096514047866805,15.379893251003757,5.1638098688974585,4.527109256261558
m2_4_0.5k.tif,15,20.161290322580644,16.854431215793856,5.484463914812679,5.066572027672756
m2_4_0.5k.tif,16,18.69797086368366,16.52038803985042,5.484463914812679,4.879241325241859
m2_4_0.5k.tif,17,13.90153485952133,14.003194291745462,4.9219982321506865,4.207134882037529
m2_4_0.5k.tif,18,18.29149323621228,16.284183821370526,5.257421294518266,4.825914682275395
m2_4_0.5k.tif,19,21.299427679500518,17.326839700821907,5.8154052830064344,5.207616883159394
m2_4_0.5k.tif,20,20.24258584807492,16.756592258330315,5.8154052830064344,5.076776614099281
m2_4_0.5k.tif,21,14.877081165452653,15.4777322084673,4.905453653466306,4.352250917638941
m2_4_0.5k.tif,22,19.83610822060354,16.520388087918683,5.484463914812679,5.025546477759277
m2_4_0.5k.tif,23,16.01521852237253,15.143689032523863,5.052404873444221,4.515662691151737
m2_4_0.5k.tif,24,18.047606659729446,16.04797960289063,5.257421294518266,4.793633954213986
m2_4_0.5k.tif,25,9.674167533818938,12.056247889995575,4.342874844463309,3.5096342639157316
m2_4_0.5k.tif,26,15.44614984391259,14.90748486211223,5.132226637644297,4.434709550260803
m2_4_0.5k.tif,27,16.584287200832467,15.37989329907202,5.052404873444221,4.5951899074298455
m2_4_0.5k.tif,28,16.584287200832467,15.713936475015457,5.730915485303184,4.5951899074298455
m2_4_0.5k.tif,29,14.389308012486993,14.337237419620637,4.9219982321506865,4.280307930847145
m2_4_0.5k.tif,30,20.405176899063473,17.424678610217185,5.8154052830064344,5.097124497714769
m2_4_0.5k.tif,31,20.48647242455775,16.854431167725593,5.616285595638757,5.107268039086393
m2_4_0.5k.tif,32,17.153355879292402,15.950140693495351,5.773314944869497,4.673363995071483
m2_4_0.5k.tif,33,14.633194588969822,14.907484765975706,5.1638098688974585,4.316429313272834
m2_4_0.5k.tif,34,10.812304890738814,12.390291065939012,4.032258064516129,3.7103442099921216
m2_4_0.5k.tif,35,18.616675338189385,16.284183773302264,5.616285595638757,4.868622724352195
m2_4_0.5k.tif,36,16.01521852237253,15.616097517551914,5.3797032516638446,4.515662691151737
m2_4_0.5k.tif,37,11.706555671175858,12.626495284418906,4.342874844463309,3.860731745820316
m2_4_0.5k.tif,38,9.999349635796046,12.39029101787075,4.151463766527017,3.5681321973728317
m2_4_0.5k.tif,39,15.20226326742976,14.337237323484112,4.719637060774042,4.399559382661672
m2_4_0.5k.tif,40,11.706555671175858,12.960538460362342,4.342874844463309,3.860731745820316
m2_4_0.5k.tif,41,13.007284079084286,13.766990025197305,5.052404873444221,4.069568583903484
m2_4_0.5k.tif,42,15.771331945889697,15.713936426947194,5.241935483870968,4.48114756581969
m2_4_0.5k.tif,43,11.787851196670134,13.196742678842236,4.361553962254826,3.874113871720103
m2_4_0.5k.tif,44,20.892950052029136,17.09063543427375,5.616285595638757,5.157686517463045
m2_4_0.5k.tif,45,20.161290322580644,16.99279647681021,5.773314944869497,5.066572027672756
m2_4_0.5k.tif,46,11.950442247658689,13.196742630773976,4.597481552819104,3.9007403972570134
m2_4_0.5k.tif,47,13.982830385015609,14.239398462157096,4.855481684996893,4.219418513672977
m2_4_0.5k.tif,48,14.389308012486993,14.3372374676889,4.987627772924589,4.280307930847145
m2_4_0.5k.tif,49,24.795135275754422,19.0375818840919,6.375559798726571,5.6187317741771885
m2_4_0.5k.tif,50,21.380723204994798,17.09063543427375,5.616285595638757,5.217545618356978
m2_4_0.5k.tif,51,16.01521852237253,15.143689032523863,5.052404873444221,4.515662691151737
m2_4_0.5k.tif,52,16.096514047866805,15.241527989987404,5.241935483870968,4.527109256261558
m2_4_0.5k.tif,53,11.462669094693027,13.196742678842236,4.719637060774042,3.820304121346463
m2_4_0.5k.tif,54,21.949791883454733,17.66088278062882,5.616285595638757,5.2865246641552215
m2_4_0.5k.tif,55,10.243236212278875,12.960538460362342,4.597481552819104,3.6113838637753104
m2_4_0.5k.tif,56,7.560483870967742,11.583839453035786,3.9713136297564935,3.1026290532141463
m2_4_0.5k.tif,57,15.120967741935484,14.907484814043968,5.257421294518266,4.38778008606824
m2_4_0.5k.tif,58,7.479188345473465,10.679548882669017,3.8253358792359426,3.085903168276537
m2_4_0.5k.tif,59,9.91805411030177,12.48812997533429,4.342874844463309,3.553597993591753
m2_4_0.5k.tif,60,21.462018730489074,17.660882828697083,5.730915485303184,5.227455495506915
m2_4_0.5k.tif,61,14.551899063475545,14.3372374676889,4.872195957094585,4.304422532536931
m2_4_0.5k.tif,62,21.624609781477627,17.66088278062882,5.953557685577984,5.247219102843346
m2_4_0.5k.tif,63,16.096514047866805,15.241527989987404,5.241935483870968,4.527109256261558
m2_4_0.5k.tif,64,21.136836628511965,17.66088273256056,5.953557685577984,5.1877024053070055
m2_4_0.5k.tif,65,11.950442247658689,13.196742678842236,4.872195957094585,3.9007403972570134
m2_4_0.5k.tif,66,13.738943808532778,14.003194291745462,4.872195957094585,4.182459391305343
m2_4_0.5k.tif,67,17.47853798126951,16.422549130455142,5.702474041826997,4.717453311046951
m2_4_0.5k.tif,68,17.153355879292402,15.616097517551914,5.409841881047878,4.673363995071483
m2_4_0.5k.tif,69,18.210197710718003,16.520388087918683,5.6017919312297595,4.815178485033747
m2_4_0.5k.tif,70,20.48647242455775,16.854431167725593,5.484463914812679,5.107268039086393
m2_4_0.5k.tif,71,20.24258584807492,17.09063543427375,5.616285595638757,5.076776614099281
m2_4_0.5k.tif,72,16.340400624349634,15.811775432478997,5.1638098688974585,4.561276603291791
m2_4_0.5k.tif,73,17.72242455775234,15.713936475015457,5.100447838981258,4.750251759171913
m2_4_0.5k.tif,74,22.7627471383975,18.133291313725135,6.048387096774194,5.383533208164956
m2_4_0.5k.tif,75,12.031737773152965,13.43294684925387,4.9219982321506865,3.913985733834775
m2_4_0.5k.tif,76,19.592221644120706,17.09063543427375,5.773314944869497,4.994556173125962
m2_4_0.5k.tif,77,9.430280957336107,11.820043623447418,4.20980101165748,3.46511278789642
m2_4_0.5k.tif,78,20.48647242455775,16.85443111965733,5.484463914812679,5.107268039086393
m2_4_0.5k.tif,79,15.69003642039542,15.00532377150751,4.987627772924589,4.4695832947582925
m2_4_0.5k.tif,80,13.495057232049946,13.766989977129045,4.9219982321506865,4.145170747545901
m2_4_0.5k.tif,81,20.974245577523412,17.188474439805553,5.484463914812679,5.1677111848757
m2_4_0.5k.tif,82,23.250520291363163,18.133291313725135,6.048387096774194,5.440908184359565
m2_4_0.5k.tif,83,13.088579604578563,13.530785758649149,4.702380560359114,4.082266176643011
m2_4_0.5k.tif,84,15.283558792924037,14.90748486211223,5.052404873444221,4.4113072256912345
m2_4_0.5k.tif,85,13.41376170655567,14.475602728705253,4.9219982321506865,4.132666433241486
m2_4_0.5k.tif,86,14.551899063475545,15.143689080592125,5.257421294518266,4.304422532536931
m2_4_0.5k.tif,87,10.40582726326743,12.626495284418906,4.342874844463309,3.6399327970822988
m2_4_0.5k.tif,88,16.42169614984391,15.37989329907202,5.1638098688974585,4.57260898498947
m2_4_0.5k.tif,89,8.86121227887617,11.72220471405214,4.342874844463309,3.3589352312537866
m2_4_0.5k.tif,90,20.730359001040583,17.090635482342012,5.616285595638757,5.1375785012670505
m2_4_0.5k.tif,91,11.86914672216441,13.432946897322132,4.719637060774042,3.88744993137191
m2_4_0.5k.tif,92,6.666233090530697,9.873097269765793,3.4686795431623496,2.9133677394530513
m2_4_0.5k.tif,93,10.568418314255982,12.960538460362342,4.719637060774042,3.668259549570347
m2_4_0.5k.tif,94,13.982830385015609,14.10103315307248,4.872195957094585,4.219418513672977
m2_4_0.5k.tif,95,11.38137356919875,13.098903721378695,4.719637060774042,3.80673283823641
m2_4_0.5k.tif,96,18.210197710718003,16.047979506754107,5.616285595638757,4.815178485033747
m2_4_0.5k.tif,97,19.99869927159209,17.326839700821907,5.8710563623229985,5.046100945864771
m2_4_0.5k.tif,98,13.982830385015609,14.573441686168794,4.9219982321506865,4.219418513672977
m2_4_0.5k.tif,99,24.226066597294484,18.467334441600308,5.994382559402624,5.553880265639777
m2_4_0.5k.tif,100,16.259105098855358,14.907484765975706,5.052404873444221,4.5499159963528735
m2_4_0.5k.tif,101,16.828173777315296,15.143689032523863,5.052404873444221,4.628854752414806
m2_4_0.5k.tif,102,20.161290322580644,16.854431263862118,5.3797032516638446,5.066572027672756
m2_4_0.5k.tif,103,4.7151404786680535,9.539054093822356,3.4686795431623496,2.450204749897782
m2_4_0.5k.tif,104,19.348335067637876,16.854431263862118,5.3797032516638446,4.963372374998942
m2_4_0.5k.tif,105,26.33975026014568,19.27378605450353,6.1417525047289585,5.791097618730475
m2_4_0.5k.tif,106,21.05554110301769,17.89708709524524,6.56404056294343,5.17771644339073
m2_4_0.5k.tif,107,12.682101977107179,13.432946897322132,4.508201567539899,4.0183770041668385
m2_4_0.5k.tif,108,16.99076482830385,15.47773225653556,5.100447838981258,4.651162615378204
m2_4_0.5k.tif,109,22.193678459937566,18.231130319256938,6.2985884483118175,5.315813113563108
m2_4_0.5k.tif,110,15.933922996878252,14.907484765975706,5.100447838981258,4.504187036790369
m2_4_0.5k.tif,111,8.536030176899063,13.196742678842236,4.719637060774042,3.2967273433331687
m2_4_0.5k.tif,112,18.210197710718003,16.04797960289063,5.241935483870968,4.815178485033747
m2_4_0.5k.tif,113,17.559833506763788,15.713936426947194,5.241935483870968,4.728411405512128
m2_4_0.5k.tif,114,18.454084287200832,16.284183725234,5.773314944869497,4.847315739287045
m2_4_0.5k.tif,115,21.949791883454733,17.660882876765342,5.8710563623229985,5.2865246641552215
m2_4_0.5k.tif,116,23.006633714880333,17.897087047176978,5.8154052830064344,5.412296724776172
m2_4_0.5k.tif,117,10.974895941727366,14.337237419620637,5.052404873444221,3.7381374389340927
m2_4_0.5k.tif,118,17.072060353798125,15.713936426947194,5.3797032516638446,4.66227652038799
m2_4_0.5k.tif,119,14.389308012486993,15.143689080592125,5.424848406078109,4.280307930847145
m2_4_0.5k.tif,120,5.446800208116545,8.968806699399025,3.1492942241559088,2.6334542747588574
m2_4_0.5k.tif,121,24.06347554630593,18.467334441600308,5.994382559402624,5.53521170772395
m2_4_0.5k.tif,122,17.559833506763788,15.713936426947194,5.409841881047878,4.728411405512128
m2_4_0.5k.tif,123,19.51092611862643,16.520387991782158,5.409841881047878,4.984183251912124
m2_4_0.5k.tif,124,17.641129032258064,15.950140645427089,5.484463914812679,4.7393441632409985
m2_4_0.5k.tif,125,15.933922996878252,15.37989329907202,4.9219982321506865,4.504187036790369
m2_4_0.5k.tif,126,18.53537981269511,17.326839700821907,5.773314944869497,4.857980913322864
m2_4_0.5k.tif,127,19.83610822060354,16.854431215793856,5.773314944869497,5.025546477759277
m2_4_0.5k.tif,128,18.128902185223723,16.284183821370526,5.484463914812679,4.804418296200129
m2_4_0.5k.tif,129,20.56776795005203,17.229000743358366,5.702474041826997,5.117391474271117
m2_4_0.5k.tif,130,18.047606659729446,15.852301687963548,5.6017919312297595,4.793633954213986
m2_4_0.5k.tif,131,20.56776795005203,17.424678610217185,5.8154052830064344,5.117391474271117
m2_4_0.5k.tif,132,20.24258584807492,17.090635482342012,5.8154052830064344,5.076776614099281
m2_4_0.5k.tif,133,4.552549427679501,8.260194043959341,2.704920940523939,2.4075892425168735
m2_4_0.5k.tif,134,19.673517169614982,16.854431263862118,5.3797032516638446,5.00490759598816
m2_4_0.5k.tif,135,31.62395941727367,21.122893498789878,7.0535708405386695,6.345461030624394
m2_4_0.5k.tif,136,18.69797086368366,16.520388087918683,5.257421294518266,4.879241325241859
m2_4_0.5k.tif,137,10.89360041623309,12.626495284418906,4.597481552819104,3.724266751253379
m2_4_0.5k.tif,138,15.933922996878252,15.241528038055666,4.987627772924589,4.504187036790369
m2_4_0.5k.tif,139,5.1216181061394375,8.968806699399025,3.4686795431623496,2.5536340195431966
m2_4_0.5k.tif,140,16.17780957336108,15.143689080592125,5.100447838981258,4.538526952216811
m2_4_0.5k.tif,141,16.828173777315296,15.950140645427089,5.257421294518266,4.628854752414806
m2_4_0.5k.tif,142,21.21813215400624,18.231130223120413,5.8710563623229985,5.19766918184463
m2_4_0.5k.tif,143,22.112382934443286,18.46733448966857,6.048387096774194,5.306068260064146
m2_4_0.5k.tif,144,18.860561914672214,16.382022778834067,5.3797032516638446,4.900409499795564
m2_4_0.5k.tif,145,15.20226326742976,14.809645904648688,5.1638098688974585,4.399559382661672
m2_4_0.5k.tif,146,18.128902185223723,17.229000695290104,6.2985884483118175,4.804418296200129
m2_4_0.5k.tif,147,16.665582726326743,15.1436889844556,5.052404873444221,4.606438859163818
m2_4_0.5k.tif,148,8.86121227887617,12.39029101787075,4.597481552819104,3.3589352312537866
m2_4_0.5k.tif,149,21.136836628511965,17.326839700821907,5.8154052830064344,5.1877024053070055
m2_4_0.5k.tif,150,15.039672216441206,14.671280643632334,5.052404873444221,4.375969081909478
m2_4_0.5k.tif,151,15.771331945889697,15.045850075060322,5.1638098688974585,4.48114756581969
m2_4_0.5k.tif,152,7.966961498439126,11.820043623447418,3.9713136297564935,3.1849411974470114
m2_4_0.5k.tif,153,15.20226326742976,14.809645856580426,5.241935483870968,4.399559382661672
m2_4_0.5k.tif,154,24.06347554630593,18.46733448966857,5.994382559402624,5.53521170772395
m2_4_0.5k.tif,155,23.250520291363163,18.663012308459127,6.168168766442885,5.440908184359565
m2_4_0.5k.tif,156,21.868496357960456,17.424678562148927,5.773314944869497,5.276725722154994
m2_4_0.5k.tif,157,13.576352757544225,13.86482903072911,4.719637060774042,4.157637454634492
m2_4_0.5k.tif,158,15.364854318418313,14.671280595564074,5.052404873444221,4.423023865785153
m2_4_0.5k.tif,159,16.340400624349634,15.47773225653556,5.052404873444221,4.561276603291791
m2_4_0.5k.tif,160,17.885015608740893,16.04797955482237,5.257421294518266,4.771992155405804
m2_4_0.5k.tif,161,5.7719823100936525,9.77525831230225,3.606561254031919,2.7109253270282188
m2_4_0.5k.tif,162,22.112382934443286,17.799248089713434,6.154974807449092,5.306068260064146
m2_4_0.5k.tif,163,20.81165452653486,17.18847439173729,5.484463914812679,5.147642327760422
m2_4_0.5k.tif,164,25.03902185223725,18.801377617543743,6.154974807449092,5.646297263141248
m2_4_0.5k.tif,165,19.02315296566077,16.99279652487847,5.8710563623229985,4.921486627171233
m2_4_0.5k.tif,166,12.92598855359001,14.003194243677202,5.052404873444221,4.056831248798115
m2_4_0.5k.tif,167,18.616675338189385,15.950140645427089,5.409841881047878,4.868622724352195
m2_4_0.5k.tif,168,13.007284079084286,13.766990025197305,4.719637060774042,4.069568583903484
m2_4_0.5k.tif,169,17.72242455775234,16.04797960289063,5.257421294518266,4.750251759171913
m2_4_0.5k.tif,170,23.8195889698231,18.36949553220503,6.048387096774194,5.5070902131448936
m2_4_0.5k.tif,171,18.616675338189385,15.950140597358827,5.409841881047878,4.868622724352195
m2_4_0.5k.tif,172,14.877081165452653,15.477732304603823,5.3797032516638446,4.352250917638941
m2_4_0.5k.tif,173,21.21813215400624,17.5630439193018,5.8154052830064344,5.19766918184463
m2_4_0.5k.tif,174,17.803720083246617,15.950140645427089,5.241935483870968,4.7611343662393315
m2_4_0.5k.tif,175,10.40582726326743,12.154086799390855,4.20980101165748,3.6399327970822988
m2_4_0.5k.tif,176,12.356919875130073,15.379893251003757,5.241935483870968,3.9665248059402702
m2_4_0.5k.tif,177,17.153355879292402,15.811775336342473,5.409841881047878,4.673363995071483
m2_4_0.5k.tif,178,17.96631113423517,15.950140645427089,5.409841881047878,4.782825295693318
m2_4_0.5k.tif,179,20.161290322580644,16.854431215793856,5.616285595638757,5.066572027672756
m2_4_0.5k.tif,180,14.226716961498438,14.337237419620637,4.872195957094585,4.256056699238662
m2_4_0.5k.tif,181,14.714490114464098,14.809645856580426,5.1638098688974585,4.328402787905756
m2_4_0.5k.tif,182,16.74687825182102,15.57557116593084,5.100447838981258,4.617660407726384
m2_4_0.5k.tif,183,23.900884495317378,18.467334441600308,5.994382559402624,5.516479973097483
m2_4_0.5k.tif,184,7.723074921956295,12.528656326955364,4.508201567539899,3.135813195582158
m2_4_0.5k.tif,185,8.698621227887617,11.249796277092349,3.8253358792359426,3.327976642348809
m2_4_0.5k.tif,186,22.437565036420395,17.994925956572256,5.773314944869497,5.344941074692733
m2_4_0.5k.tif,187,21.380723204994798,17.424678610217185,5.6017919312297595,5.217545618356978
m2_4_0.5k.tif,188,20.405176899063473,17.229000743358366,5.8154052830064344,5.097124497714769
m2_4_0.5k.tif,189,19.51092611862643,16.52038803985042,5.616285595638757,4.984183251912124
m2_4_0.5k.tif,190,16.42169614984391,15.713936378878932,5.257421294518266,4.57260898498947
m2_4_0.5k.tif,191,18.69797086368366,16.186344863906985,5.409841881047878,4.879241325241859
m2_4_0.5k.tif,192,15.44614984391259,15.379893251003757,5.052404873444221,4.434709550260803
m2_4_0.5k.tif,193,15.039672216441206,15.143689080592125,5.052404873444221,4.375969081909478
m2_4_0.5k.tif,194,14.95837669094693,15.045850123128583,5.052404873444221,4.364126112746782
m2_4_0.5k.tif,195,12.113033298647242,13.33510793985859,4.597481552819104,3.9271863977320303
m2_4_0.5k.tif,196,19.75481269510926,17.090635482342012,5.8710563623229985,5.01523765361616
m2_4_0.5k.tif,197,14.714490114464098,15.616097469483652,5.257421294518266,4.328402787905756
m2_4_0.5k.tif,198,20.405176899063473,17.424678610217185,5.730915485303184,5.097124497714769
m2_4_0.5k.tif,199,22.600156087408948,17.799248089713434,6.048387096774194,5.364271846921648
m2_4_0.5k.tif,200,18.860561914672214,16.658753348935036,5.8154052830064344,4.900409499795564
m2_4_0.5k.tif,201,18.210197710718003,16.047979650958894,5.409841881047878,4.815178485033747
m2_4_0.5k.tif,202,12.519510926118626,14.711806947185147,5.241935483870968,3.992535083362221
m2_4_0.5k.tif,203,14.633194588969822,14.435076377084178,4.719637060774042,4.316429313272834
m2_4_0.5k.tif,204,24.144771071800207,18.565173350995586,6.168168766442885,5.544553843835735
m2_4_0.5k.tif,205,19.51092611862643,16.52038803985042,5.484463914812679,4.984183251912124
m2_4_0.5k.tif,206,15.20226326742976,15.143689080592125,5.100447838981258,4.399559382661672
m2_4_0.5k.tif,207,17.885015608740893,16.04797960289063,5.241935483870968,4.771992155405804
m2_4_0.5k.tif,208,19.917403746097815,16.756592306398577,5.6017919312297595,5.035834198818306
m2_4_0.5k.tif,209,19.83610822060354,16.854431215793856,5.409841881047878,5.025546477759277
m2_4_0.5k.tif,210,12.113033298647242,13.530785854785673,4.508201567539899,3.9271863977320303
m2_4_0.5k.tif,211,16.17780957336108,15.616097517551914,5.052404873444221,4.538526952216811
m2_4_0.5k.tif,212,22.437565036420395,17.99492605270878,5.8710563623229985,5.344941074692733
m2_4_0.5k.tif,213,25.445499479708637,19.037581836023637,6.375559798726571,5.691943092925565
m2_4_0.5k.tif,214,23.169224765868886,17.897086999108716,6.1417525047289585,5.431387777793219
m2_4_0.5k.tif,215,17.072060353798125,16.186344911975244,5.8154052830064344,4.66227652038799
m2_4_0.5k.tif,216,11.706555671175858,13.43294684925387,4.872195957094585,3.860731745820316
m2_4_0.5k.tif,217,21.05554110301769,17.09063543427375,5.616285595638757,5.17771644339073
m2_4_0.5k.tif,218,17.803720083246617,16.284183821370526,5.8154052830064344,4.7611343662393315
m2_4_0.5k.tif,219,20.405176899063473,17.09063543427375,5.616285595638757,5.097124497714769
m2_4_0.5k.tif,220,20.81165452653486,17.660882828697083,5.994382559402624,5.147642327760422
m2_4_0.5k.tif,221,15.120967741935484,15.045850123128583,5.257421294518266,4.38778008606824
m2_4_0.5k.tif,222,18.860561914672214,16.52038803985042,5.773314944869497,4.900409499795564
m2_4_0.5k.tif,223,20.161290322580644,18.133291313725135,6.375559798726571,5.066572027672756
m2_4_0.5k.tif,224,23.656997918834545,18.231130271188675,5.8710563623229985,5.488262499186567
m2_4_0.5k.tif,225,17.153355879292402,15.477732112330775,5.100447838981258,4.673363995071483
m2_4_0.5k.tif,226,15.364854318418313,17.89708709524524,5.257421294518266,4.423023865785153
m2_4_0.5k.tif,227,13.007284079084286,13.905355334281921,4.9219982321506865,4.069568583903484
m2_4_0.5k.tif,228,19.673517169614982,16.854431263862118,5.6017919312297595,5.00490759598816
m2_4_0.5k.tif,229,21.78720083246618,17.326839652753645,5.616285595638757,5.266908549517715
m2_4_0.5k.tif,230,21.21813215400624,17.09063543427375,5.773314944869497,5.19766918184463
m2_4_0.5k.tif,231,22.112382934443286,17.660882876765342,5.773314944869497,5.306068260064146
m2_4_0.5k.tif,232,22.193678459937566,17.42467870635371,5.8154052830064344,5.315813113563108
m2_4_0.5k.tif,233,16.502991675338187,15.143689080592125,5.100447838981258,4.583913350781816
m2_4_0.5k.tif,234,16.17780957336108,15.47773225653556,5.409841881047878,4.538526952216811
m2_4_0.5k.tif,235,19.83610822060354,17.326839700821907,5.6017919312297595,5.025546477759277
m2_4_0.5k.tif,236,15.608740894901144,15.713936426947194,5.3797032516638446,4.4579890254365875
m2_4_0.5k.tif,237,13.982830385015609,14.239398510225358,5.052404873444221,4.219418513672977
m2_4_0.5k.tif,238,15.933922996878252,15.045850123128583,5.052404873444221,4.504187036790369
m2_4_0.5k.tif,239,15.039672216441206,14.809645904648688,5.052404873444221,4.375969081909478
m2_4_0.5k.tif,240,14.308012486992714,14.90748486211223,4.987627772924589,4.268199539033248
m2_4_0.5k.tif,241,11.38137356919875,13.432946897322132,4.719637060774042,3.80673283823641
m2_4_0.5k.tif,242,19.51092611862643,16.520388087918683,5.484463914812679,4.984183251912124
m2_4_0.5k.tif,243,22.681451612903224,18.231130223120413,6.048387096774194,5.373911157206223
m2_4_0.5k.tif,244,9.91805411030177,12.154086799390855,4.508201567539899,3.553597993591753
m2_4_0.5k.tif,245,17.072060353798125,15.713936475015457,5.100447838981258,4.66227652038799
m2_4_0.5k.tif,246,14.795785639958376,14.435076329015917,4.872195957094585,4.340343232075047
m2_4_0.5k.tif,247,14.877081165452653,14.671280595564074,5.100447838981258,4.352250917638941
m2_4_0.5k.tif,248,21.05554110301769,17.090635386205488,5.616285595638757,5.17771644339073
m2_4_0.5k.tif,249,13.16987513007284,14.101033249209005,4.9219982321506865,4.094924396717587
m2_4_0.5k.tif,250,14.877081165452653,14.671280547495812,4.987627772924589,4.352250917638941
m2_4_0.5k.tif,251,14.064125910509885,14.003194243677202,4.702380560359114,4.231666488677435
m2_4_0.5k.tif,252,17.072060353798125,16.04797960289063,5.8154052830064344,4.66227652038799
m2_4_0.5k.tif,253,15.120967741935484,14.90748486211223,5.100447838981258,4.38778008606824
m2_4_0.5k.tif,254,20.892950052029136,17.090635482342012,5.616285595638757,5.157686517463045
m2_4_0.5k.tif,255,16.99076482830385,15.616097517551914,5.257421294518266,4.651162615378204
m2_4_0.5k.tif,256,20.161290322580644,16.854431167725593,5.8710563623229985,5.066572027672756
m2_4_0.5k.tif,257,19.429630593132153,16.618227045382223,5.616285595638757,4.97378869784111
m2_4_0.5k.tif,258,13.007284079084286,13.766990073265568,4.702380560359114,4.069568583903484
m2_4_0.5k.tif,259,13.657648283038501,14.239398462157096,4.702380560359114,4.170066891795493
m2_4_0.5k.tif,260,17.641129032258064,15.950140693495351,5.484463914812679,4.7393441632409985
m2_4_0.5k.tif,261,17.153355879292402,15.950140693495351,5.1638098688974585,4.673363995071483
m2_4_0.5k.tif,262,21.21813215400624,17.424678562148927,5.953557685577984,5.19766918184463
m2_4_0.5k.tif,263,14.226716961498438,14.671280547495812,5.257421294518266,4.256056699238662
m2_4_0.5k.tif,264,13.90153485952133,14.003194291745462,4.597481552819104,4.207134882037529
m2_4_0.5k.tif,265,19.429630593132153,16.284183725234,5.616285595638757,4.97378869784111
m2_4_0.5k.tif,266,15.527445369406868,14.809645904648688,4.9219982321506865,4.446364523185623
m2_4_0.5k.tif,267,16.42169614984391,15.713936475015457,5.3797032516638446,4.57260898498947
m2_4_0.5k.tif,268,17.072060353798125,15.852301736031809,5.484463914812679,4.66227652038799
m2_4_0.5k.tif,269,18.372788761706556,16.186344863906985,5.484463914812679,4.83662704769249
m2_4_0.5k.tif,270,23.006633714880333,17.897086999108716,5.8154052830064344,5.412296724776172
m2_4_0.5k.tif,271,25.03902185223725,18.80137756947548,6.154974807449092,5.646297263141248
m2_4_0.5k.tif,272,22.193678459937566,17.424678514080664,5.616285595638757,5.315813113563108
m2_4_0.5k.tif,273,18.53537981269511,16.04797955482237,5.100447838981258,4.857980913322864
m2_4_0.5k.tif,274,16.828173777315296,15.616097517551914,5.257421294518266,4.628854752414806
m2_4_0.5k.tif,275,21.462018730489074,17.660882876765342,5.994382559402624,5.227455495506915
m2_4_0.5k.tif,276,17.072060353798125,15.713936523083717,5.484463914812679,4.66227652038799
m2_4_0.5k.tif,277,19.51092611862643,16.520387991782158,5.616285595638757,4.984183251912124
m2_4_0.5k.tif,278,20.323881373569197,16.854431215793856,5.773314944869497,5.086960729879355
m2_4_0.5k.tif,279,23.656997918834545,18.231130223120413,5.994382559402624,5.488262499186567
m2_4_0.5k.tif,280,24.469953173777313,19.0375818840919,6.154974807449092,5.5817660322402425
m2_4_0.5k.tif,281,12.682101977107179,14.239398510225358,5.052404873444221,4.0183770041668385
m2_4_0.5k.tif,282,8.210848074921955,10.777387792064298,3.804024650022824,3.2333228210005904
m2_4_0.5k.tif,283,16.584287200832467,15.713936475015457,5.1638098688974585,4.5951899074298455
m2_4_0.5k.tif,284,14.877081165452653,14.809645856580426,4.987627772924589,4.352250917638941
m2_4_0.5k.tif,285,11.543964620187305,12.960538460362342,4.508201567539899,3.833827364064025
m2_4_0.5k.tif,286,19.348335067637876,16.854431263862118,5.484463914812679,4.963372374998942
m2_4_0.5k.tif,287,19.917403746097815,16.756592306398577,5.484463914812679,5.035834198818306
m2_4_0.5k.tif,288,14.145421436004161,14.90748486211223,5.484463914812679,4.243879115769552
m2_4_0.5k.tif,289,20.24258584807492,16.756592306398577,5.773314944869497,5.076776614099281
m2_4_0.5k.tif,290,21.54331425598335,17.897087047176978,5.953557685577984,5.237346621656312
m2_4_0.5k.tif,291,19.673517169614982,16.854431167725593,5.773314944869497,5.00490759598816
m2_4_0.5k.tif,292,7.2353017689906345,10.109301488245688,3.4686795431623496,3.035172537166735
m2_4_0.5k.tif,293,21.624609781477627,17.326839652753645,5.773314944869497,5.247219102843346
m2_4_0.5k.tif,294,13.576352757544225,14.003194291745462,4.872195957094585,4.157637454634492
m2_4_0.5k.tif,295,45.28160770031217,29.244722185596345,10.968927829625358,7.593045079098483
m2_4_0.5k.tif,296,15.283558792924037,15.045850123128583,5.484463914812679,4.4113072256912345
m2_4_0.5k.tif,297,15.44614984391259,14.573441638100531,4.872195957094585,4.434709550260803
m2_4_0.5k.tif,298,14.470603537981269,14.573441638100531,4.872195957094585,4.292382166203553
m2_4_0.5k.tif,299,20.649063475546306,17.188474439805553,5.8710563623229985,5.127494922358486
m2_4_0.5k.tif,300,14.877081165452653,15.143689080592125,5.100447838981258,4.352250917638941
m2_4_0.5k.tif,301,36.33909989594173,26.963732752107806,9.309190629528384,6.802086371665273
m2_4_0.5k.tif,302,20.161290322580644,16.854431215793856,5.484463914812679,5.066572027672756
m2_4_0.5k.tif,303,18.860561914672214,16.186344863906985,5.409841881047878,4.900409499795564
m2_4_0.5k.tif,304,15.44614984391259,14.907484910180491,5.257421294518266,4.434709550260803
m2_4_0.5k.tif,305,23.8195889698231,18.23113017505215,5.8710563623229985,5.5070902131448936
m2_4_0.5k.tif,306,19.75481269510926,16.756592258330315,5.730915485303184,5.01523765361616
m2_4_0.5k.tif,307,15.039672216441206,16.756592306398577,5.953557685577984,4.375969081909478
m2_4_0.5k.tif,308,16.502991675338187,15.616097469483652,5.1638098688974585,4.583913350781816
m2_4_0.5k.tif,309,15.364854318418313,15.1436889844556,5.1638098688974585,4.423023865785153
m2_4_0.5k.tif,310,18.29149323621228,16.284183869438788,5.257421294518266,4.825914682275395
m2_4_0.5k.tif,311,11.38137356919875,12.960538364225819,4.508201567539899,3.80673283823641
m2_4_0.5k.tif,312,17.23465140478668,15.713936475015457,5.303607434663672,4.684425227100954
m2_4_0.5k.tif,313,18.454084287200832,16.284183773302264,5.484463914812679,4.847315739287045
m2_4_0.5k.tif,314,11.787851196670134,13.669151067733765,4.702380560359114,3.874113871720103
m2_4_0.5k.tif,315,20.161290322580644,16.85443111965733,5.616285595638757,5.066572027672756
m2_4_0.5k.tif,316,20.48647242455775,16.854431167725593,5.616285595638757,5.107268039086393
m2_4_0.5k.tif,317,21.462018730489074,17.660882876765342,5.8154052830064344,5.227455495506915
m2_4_0.5k.tif,318,14.308012486992714,15.241528038055666,5.100447838981258,4.268199539033248
m2_4_0.5k.tif,319,20.48647242455775,17.326839700821907,6.048387096774194,5.107268039086393
m2_4_0.5k.tif,320,19.917403746097815,16.756592258330315,5.616285595638757,5.035834198818306
m2_4_0.5k.tif,321,5.7719823100936525,10.44334461612086,3.804024650022824,2.7109253270282188
m2_4_0.5k.tif,322,12.92598855359001,14.003194291745462,4.719637060774042,4.056831248798115
m2_4_0.5k.tif,323,19.673517169614982,16.520388087918683,5.616285595638757,5.00490759598816
m2_4_0.5k.tif,324,11.86914672216441,14.907484814043968,4.872195957094585,3.88744993137191
m2_4_0.5k.tif,325,14.308012486992714,14.907484814043968,5.100447838981258,4.268199539033248
m2_4_0.5k.tif,326,22.51886056191467,17.563043823165277,5.953557685577984,5.354615184101174
m2_4_0.5k.tif,327,48.696019771071796,27.631819055926414,9.282955188081724,7.874115699158474
m2_4_0.5k.tif,328,9.836758584807491,13.530785806717411,4.597481552819104,3.5390041003352906
m2_4_0.5k.tif,329,18.53537981269511,16.520388087918683,5.484463914812679,4.857980913322864
m2_4_0.5k.tif,330,13.982830385015609,14.239398510225358,4.702380560359114,4.219418513672977
m2_4_0.5k.tif,331,5.446800208116545,10.44334461612086,4.151463766527017,2.6334542747588574
m2_4_0.5k.tif,332,23.169224765868886,17.897087047176978,5.8154052830064344,5.431387777793219
m2_4_0.5k.tif,333,16.096514047866805,15.37989329907202,5.484463914812679,4.527109256261558
m2_4_0.5k.tif,334,8.86121227887617,12.056247841927313,4.508201567539899,3.3589352312537866
m2_4_0.5k.tif,335,11.300078043704474,13.530785806717411,4.987627772924589,3.793112999086383
m2_4_0.5k.tif,336,5.3655046826222685,9.873097221697531,3.606561254031919,2.6137277477534573
m2_4_0.5k.tif,337,13.657648283038501,13.766989977129045,4.719637060774042,4.170066891795493
m2_4_0.5k.tif,338,18.779266389177938,16.422549130455142,5.484463914812679,4.88983686719887
m2_4_0.5k.tif,339,16.584287200832467,15.713936475015457,5.257421294518266,4.5951899074298455
m2_4_0.5k.tif,340,13.90153485952133,14.3372374676889,4.719637060774042,4.207134882037529
m2_4_0.5k.tif,341,12.92598855359001,13.669151115802027,4.597481552819104,4.056831248798115
m2_4_0.5k.tif,342,18.047606659729446,16.186344911975244,5.616285595638757,4.793633954213986
m2_4_0.5k.tif,343,17.153355879292402,17.229000743358366,6.2985884483118175,4.673363995071483
m2_4_0.5k.tif,344,16.665582726326743,15.47773225653556,5.257421294518266,4.606438859163818
m2_4_0.5k.tif,345,15.039672216441206,14.809645904648688,5.257421294518266,4.375969081909478
m2_4_0.5k.tif,346,10.731009365244537,13.098903721378695,4.719637060774042,3.6963692292238233
m2_4_0.5k.tif,347,12.031737773152965,13.766990073265568,4.286349118038165,3.913985733834775
m2_4_0.5k.tif,348,15.283558792924037,15.518258512020111,5.6017919312297595,4.4113072256912345
m2_4_0.5k.tif,349,15.20226326742976,15.143689032523863,5.6017919312297595,4.399559382661672
m2_4_0.5k.tif,350,9.105098855359001,11.486000495572243,4.032258064516129,3.4048453593909294
m2_4_0.5k.tif,351,16.259105098855358,15.241527941919143,5.241935483870968,4.5499159963528735
m2_4_0.5k.tif,352,12.519510926118626,14.239398462157096,5.052404873444221,3.992535083362221
m2_4_0.5k.tif,353,16.909469302809573,15.713936475015457,5.424848406078109,4.640022090122252
m2_4_0.5k.tif,354,18.128902185223723,15.950140693495351,5.409841881047878,4.804418296200129
m2_4_0.5k.tif,355,13.332466181061394,13.905355334281921,4.9219982321506865,4.120124169314751
m2_4_0.5k.tif,356,17.072060353798125,15.713936378878932,5.484463914812679,4.66227652038799
m2_4_0.5k.tif,357,20.56776795005203,17.09063543427375,5.953557685577984,5.117391474271117
m2_4_0.5k.tif,358,23.169224765868886,18.231130271188675,5.994382559402624,5.431387777793219
m2_4_0.5k.tif,359,25.28290842872008,18.565173302927324,5.994382559402624,5.67372882832484
m2_4_0.5k.tif,360,17.23465140478668,15.71393633081067,5.257421294518266,4.684425227100954
m2_4_0.5k.tif,361,18.53537981269511,16.520388087918683,5.484463914812679,4.857980913322864
m2_4_0.5k.tif,362,24.388657648283036,18.467334393532045,5.994382559402624,5.572486281795734
m2_4_0.5k.tif,363,9.34898543184183,11.72220471405214,4.151463766527017,3.450144628124155
m2_4_0.5k.tif,364,14.145421436004161,14.573441686168794,4.872195957094585,4.243879115769552
m2_4_0.5k.tif,365,10.812304890738814,12.39029101787075,4.20980101165748,3.7103442099921216
m2_4_0.5k.tif,366,11.056191467221643,12.960538460362342,4.719637060774042,3.751956848130063
m2_4_0.5k.tif,367,20.323881373569197,17.18847434366903,5.6017919312297595,5.086960729879355
m2_4_0.5k.tif,368,7.2353017689906345,10.44334461612086,3.8253358792359426,3.035172537166735
m2_4_0.5k.tif,369,24.388657648283036,18.46733448966857,6.154974807449092,5.572486281795734
m2_4_0.5k.tif,370,4.064776274713839,7.926150868015904,2.9355281811614993,2.2749579981764367
m2_4_0.5k.tif,371,17.885015608740893,16.04797960289063,5.484463914812679,4.771992155405804
m2_4_0.5k.tif,372,19.185744016649323,16.854431215793856,5.616285595638757,4.942473872178179
m2_4_0.5k.tif,373,15.852627471383974,15.143689032523863,5.100447838981258,4.492682070269503
m2_4_0.5k.tif,374,21.136836628511965,17.52251756768073,6.168168766442885,5.1877024053070055
m2_4_0.5k.tif,375,21.136836628511965,17.326839652753645,5.953557685577984,5.1877024053070055
m2_4_0.5k.tif,376,23.006633714880333,17.897087047176978,5.8154052830064344,5.412296724776172
m2_4_0.5k.tif,377,15.527445369406868,14.671280643632334,4.719637060774042,4.446364523185623
m2_4_0.5k.tif,378,15.120967741935484,14.907484814043968,5.100447838981258,4.38778008606824
m2_4_0.5k.tif,379,17.96631113423517,15.950140693495351,5.484463914812679,4.782825295693318
m2_4_0.5k.tif,380,22.437565036420395,17.66088273256056,5.8710563623229985,5.344941074692733
m2_4_0.5k.tif,381,15.852627471383974,15.616097469483652,5.616285595638757,4.492682070269503
m2_4_0.5k.tif,382,18.860561914672214,16.520388087918683,5.773314944869497,4.900409499795564
m2_4_0.5k.tif,383,13.820239334027054,14.573441686168794,5.257421294518266,4.194815280532338
m2_4_0.5k.tif,384,18.616675338189385,16.284183821370526,5.484463914812679,4.868622724352195
m2_4_0.5k.tif,385,23.413111342351716,17.994925956572256,5.8710563623229985,5.459899195623448
m2_4_0.5k.tif,386,17.803720083246617,15.950140693495351,5.257421294518266,4.7611343662393315
m2_4_0.5k.tif,387,18.69797086368366,16.04797960289063,5.257421294518266,4.879241325241859
m2_4_0.5k.tif,388,15.771331945889697,15.37989329907202,5.257421294518266,4.48114756581969
m2_4_0.5k.tif,389,19.51092611862643,16.854431215793856,5.409841881047878,4.984183251912124
m2_4_0.5k.tif,390,19.104448491155047,16.756592306398577,5.616285595638757,4.931991413140803
m2_4_0.5k.tif,391,37.23335067637877,25.114625163616672,8.723107924509652,6.88527228685672
m2_4_0.5k.tif,392,18.372788761706556,16.520388087918683,5.424848406078109,4.83662704769249
m2_4_0.5k.tif,393,4.552549427679501,9.539054093822356,3.4686795431623496,2.4075892425168735
m2_4_0.5k.tif,394,13.576352757544225,13.864828886524323,4.872195957094585,4.157637454634492
m2_4_0.5k.tif,395,14.470603537981269,14.573441686168794,5.1638098688974585,4.292382166203553
m2_4_0.5k.tif,396,19.348335067637876,16.520388087918683,5.8154052830064344,4.963372374998942
m2_4_0.5k.tif,397,16.502991675338187,15.477732304603823,5.484463914812679,4.583913350781816
m2_4_0.5k.tif,398,20.24258584807492,18.231130223120413,5.994382559402624,5.076776614099281
m2_4_0.5k.tif,399,23.169224765868886,17.897086999108716,5.994382559402624,5.431387777793219
m2_4_0.5k.tif,400,19.02315296566077,16.520388087918683,5.484463914812679,4.921486627171233
m2_4_0.5k.tif,401,42.11108220603538,29.480926548281023,11.203583862459519,7.322396816365356
m2_4_0.5k.tif,402,13.16987513007284,14.239398510225358,5.1638098688974585,4.094924396717587
m2_4_0.5k.tif,403,22.03108740894901,17.56304387123354,5.994382559402624,5.296305476706458
m2_4_0.5k.tif,404,11.787851196670134,12.724334193814185,4.342874844463309,3.874113871720103
m2_4_0.5k.tif,405,15.20226326742976,14.671280547495812,5.100447838981258,4.399559382661672
m2_4_0.5k.tif,406,23.494406867845992,18.231130223120413,5.994382559402624,5.469369973245448
m2_4_0.5k.tif,407,10.324531737773153,12.390291065939012,4.597481552819104,3.6256864300992757
m2_4_0.5k.tif,408,20.730359001040583,17.09063543427375,5.616285595638757,5.1375785012670505
m2_4_0.5k.tif,409,19.592221644120706,16.756592306398577,5.616285595638757,4.994556173125962
m2_4_0.5k.tif,410,24.388657648283036,18.467334441600308,5.953557685577984,5.572486281795734
m2_4_0.5k.tif,411,16.340400624349634,15.477732160399038,5.100447838981258,4.561276603291791
m2_4_0.5k.tif,412,24.388657648283036,18.467334441600308,6.154974807449092,5.572486281795734
m2_4_0.5k.tif,413,16.340400624349634,15.143689080592125,5.257421294518266,4.561276603291791
m2_4_0.5k.tif,414,11.706555671175858,13.294581636305779,4.508201567539899,3.860731745820316
m2_4_0.5k.tif,415,18.372788761706556,16.520388087918683,5.484463914812679,4.83662704769249
m2_4_0.5k.tif,416,16.828173777315296,16.088505954511703,5.484463914812679,4.628854752414806
m2_4_0.5k.tif,417,13.088579604578563,14.003194291745462,5.052404873444221,4.082266176643011
m2_4_0.5k.tif,418,18.616675338189385,16.284183869438788,5.409841881047878,4.868622724352195
m2_4_0.5k.tif,419,21.54331425598335,17.424678562148927,5.6017919312297595,5.237346621656312
m2_4_0.5k.tif,420,13.90153485952133,15.282054341608479,5.257421294518266,4.207134882037529
m2_4_0.5k.tif,421,11.787851196670134,13.058377465894145,4.872195957094585,3.874113871720103
m2_4_0.5k.tif,422,9.91805411030177,12.29245210847547,4.151463766527017,3.553597993591753
m2_4_0.5k.tif,423,15.120967741935484,15.713936378878932,5.409841881047878,4.38778008606824
m2_4_0.5k.tif,424,15.852627471383974,15.1436889844556,5.100447838981258,4.492682070269503
m2_4_0.5k.tif,425,12.356919875130073,13.43294684925387,4.597481552819104,3.9665248059402702
m2_4_0.5k.tif,426,14.389308012486993,14.809645904648688,5.100447838981258,4.280307930847145
m2_4_0.5k.tif,427,13.16987513007284,13.766990073265568,4.702380560359114,4.094924396717587
m2_4_0.5k.tif,428,16.665582726326743,15.47773225653556,5.257421294518266,4.606438859163818
m2_4_0.5k.tif,429,6.015868886576483,9.873097269765793,3.804024650022824,2.767605853861975
m2_4_0.5k.tif,430,22.274973985431842,17.660882828697083,5.8154052830064344,5.3255401356293275
m2_4_0.5k.tif,431,17.803720083246617,16.284183821370526,5.409841881047878,4.7611343662393315
m2_4_0.5k.tif,432,17.641129032258064,15.81177548054726,5.241935483870968,4.7393441632409985
m2_4_0.5k.tif,433,19.348335067637876,16.520388087918683,5.484463914812679,4.963372374998942
m2_4_0.5k.tif,434,20.892950052029136,17.42467870635371,6.154974807449092,5.157686517463045
m2_4_0.5k.tif,435,19.02315296566077,16.52038803985042,5.484463914812679,4.921486627171233
m2_4_0.5k.tif,436,21.868496357960456,17.424678514080664,5.616285595638757,5.276725722154994
m2_4_0.5k.tif,437,23.33181581685744,17.897086999108716,5.953557685577984,5.450411961356704
m2_4_0.5k.tif,438,15.771331945889697,14.907484765975706,5.241935483870968,4.48114756581969
m2_4_0.5k.tif,439,18.29149323621228,16.284183869438788,5.484463914812679,4.825914682275395
m2_4_0.5k.tif,440,15.120967741935484,14.573441638100531,4.719637060774042,4.38778008606824
m2_4_0.5k.tif,441,4.633844953173777,8.968806699399025,3.4451628005312624,2.428990456661432
m2_4_0.5k.tif,442,10.568418314255982,13.766990025197305,5.100447838981258,3.668259549570347
m2_4_0.5k.tif,443,17.885015608740893,15.713936378878932,5.100447838981258,4.771992155405804
m2_4_0.5k.tif,444,16.584287200832467,15.37989329907202,5.052404873444221,4.5951899074298455
m2_4_0.5k.tif,445,16.502991675338187,15.4777322084673,5.484463914812679,4.583913350781816
m2_4_0.5k.tif,446,21.05554110301769,17.09063543427375,5.616285595638757,5.17771644339073
m2_4_0.5k.tif,447,22.35626951092612,17.758721786160624,5.994382559402624,5.33524942379156
m2_4_0.5k.tif,448,16.42169614984391,15.379893251003757,5.1638098688974585,4.57260898498947
m2_4_0.5k.tif,449,16.584287200832467,15.379893251003757,5.257421294518266,4.5951899074298455
m2_4_0.5k.tif,450,17.153355879292402,15.477732160399038,5.100447838981258,4.673363995071483
m2_4_0.5k.tif,451,10.974895941727366,12.390291065939012,4.342874844463309,3.7381374389340927
m2_4_0.5k.tif,452,18.210197710718003,16.520388087918683,5.3797032516638446,4.815178485033747
m2_4_0.5k.tif,453,20.56776795005203,17.09063543427375,5.6017919312297595,5.117391474271117
m2_4_0.5k.tif,454,14.551899063475545,14.337237419620637,5.100447838981258,4.304422532536931
m2_4_0.5k.tif,455,11.950442247658689,14.003194291745462,5.484463914812679,3.9007403972570134
m2_4_0.5k.tif,456,15.608740894901144,15.379893251003757,5.257421294518266,4.4579890254365875
m2_4_0.5k.tif,457,11.137486992715921,14.003194291745462,4.872195957094585,3.7657255433846233
m2_4_0.5k.tif,458,15.69003642039542,15.143689032523863,5.100447838981258,4.4695832947582925
m2_4_0.5k.tif,459,12.763397502601457,14.003194291745462,4.719637060774042,4.031235843446299
m2_4_0.5k.tif,460,19.2670395421436,16.284183821370526,5.484463914812679,4.9529341460424545
m2_4_0.5k.tif,461,21.624609781477627,17.660882876765342,5.953557685577984,5.247219102843346
m2_4_0.5k.tif,462,19.75481269510926,16.61822699731396,5.773314944869497,5.01523765361616
m2_4_0.5k.tif,463,16.42169614984391,15.518258560088373,5.257421294518266,4.57260898498947
m2_5_0.5k.tif,1,11.625260145681581,13.669151067733765,4.702380560359114,3.8473030729740345
m2_5_0.5k.tif,2,19.592221644120706,16.618227045382223,5.616285595638757,4.994556173125962
m2_5_0.5k.tif,3,11.950442247658689,13.196742678842236,4.361553962254826,3.9007403972570134
m2_5_0.5k.tif,4,11.950442247658689,13.196742630773976,4.597481552819104,3.9007403972570134
m2_5_0.5k.tif,5,13.251170655567117,13.530785758649149,4.508201567539899,4.107543608131535
m2_5_0.5k.tif,6,16.74687825182102,15.713936426947194,5.484463914812679,4.617660407726384
m2_5_0.5k.tif,7,18.94185744016649,16.6182269492457,5.3797032516638446,4.910959370994219
m2_5_0.5k.tif,8,10.080645161290322,12.292452060407207,4.286349118038165,3.582607438137482
m2_5_0.5k.tif,9,21.462018730489074,17.66088273256056,5.773314944869497,5.227455495506915
m2_5_0.5k.tif,10,35.93262226847034,24.642216822793408,8.852620322621028,6.7639363996306
m2_5_0.5k.tif,11,9.999349635796046,11.917882532842698,4.20980101165748,3.5681321973728317
m2_5_0.5k.tif,12,7.316597294484911,10.679548882669017,4.032258064516129,3.052176437927613
m2_5_0.5k.tif,13,14.95837669094693,15.713936475015457,5.424848406078109,4.364126112746782
m2_5_0.5k.tif,14,19.83610822060354,17.326839700821907,5.6017919312297595,5.025546477759277
m2_5_0.5k.tif,15,12.519510926118626,13.294581588237516,4.702380560359114,3.992535083362221
m2_5_0.5k.tif,16,18.779266389177938,16.284183773302264,5.6017919312297595,4.88983686719887
m2_5_0.5k.tif,17,16.502991675338187,15.143689032523863,4.9219982321506865,4.583913350781816
m2_5_0.5k.tif,18,15.852627471383974,14.809645856580426,4.9219982321506865,4.492682070269503
m2_5_0.5k.tif,19,21.380723204994798,17.090635386205488,5.8154052830064344,5.217545618356978
m2_5_0.5k.tif,20,20.405176899063473,16.618226901177437,5.484463914812679,5.097124497714769
m2_5_0.5k.tif,21,18.210197710718003,16.186344911975244,5.257421294518266,4.815178485033747
m2_5_0.5k.tif,22,50.15933922996878,31.85975489116484,11.412073950068473,7.99154892654622
m2_5_0.5k.tif,23,17.885015608740893,16.047979650958894,5.409841881047878,4.771992155405804
m2_5_0.5k.tif,24,11.300078043704474,13.530785806717411,4.597481552819104,3.793112999086383
m2_5_0.5k.tif,25,19.673517169614982,16.658753348935036,5.8154052830064344,5.00490759598816
m2_5_0.5k.tif,26,13.90153485952133,14.337237419620637,4.9219982321506865,4.207134882037529
m2_5_0.5k.tif,27,14.145421436004161,14.239398462157096,4.872195957094585,4.243879115769552
m2_5_0.5k.tif,28,14.064125910509885,14.003194291745462,4.702380560359114,4.231666488677435
m2_5_0.5k.tif,29,9.592872008324662,11.820043623447418,4.20980101165748,3.4948567908545236
m2_5_0.5k.tif,30,13.576352757544225,14.003194243677202,4.855481684996893,4.157637454634492
m2_5_0.5k.tif,31,5.446800208116545,9.77525831230225,3.606561254031919,2.6334542747588574
m2_5_0.5k.tif,32,15.44614984391259,15.045850123128583,5.424848406078109,4.434709550260803
m2_5_0.5k.tif,33,20.161290322580644,16.854431167725593,5.616285595638757,5.066572027672756
m2_5_0.5k.tif,34,19.99869927159209,16.854431167725593,5.773314944869497,5.046100945864771
m2_5_0.5k.tif,35,18.69797086368366,16.520388087918683,5.257421294518266,4.879241325241859
m2_5_0.5k.tif,36,23.250520291363163,18.133291265656872,5.994382559402624,5.440908184359565
m2_5_0.5k.tif,37,12.763397502601457,13.669151115802027,4.872195957094585,4.031235843446299
m2_5_0.5k.tif,38,11.218782518210197,12.960538460362342,4.20980101165748,3.7794440789577446
m2_5_0.5k.tif,39,6.015868886576483,10.345505706725582,3.804024650022824,2.767605853861975
m2_5_0.5k.tif,40,15.283558792924037,15.379893202935495,5.484463914812679,4.4113072256912345
m2_5_0.5k.tif,41,14.714490114464098,14.337237419620637,4.719637060774042,4.328402787905756
m2_5_0.5k.tif,42,10.731009365244537,12.154086799390855,4.361553962254826,3.6963692292238233
m2_5_0.5k.tif,43,17.397242455775235,15.713936426947194,5.052404873444221,4.70646970287056
m2_5_0.5k.tif,44,22.600156087408948,18.133291265656872,6.311482194555858,5.364271846921648
m2_5_0.5k.tif,45,19.348335067637876,16.854431167725593,5.616285595638757,4.963372374998942
m2_5_0.5k.tif,46,4.30866285119667,8.496398214370974,2.8512370209134983,2.342212613550477
m2_5_0.5k.tif,47,17.72242455775234,16.047979650958894,5.409841881047878,4.750251759171913
m2_5_0.5k.tif,48,22.112382934443286,17.660882876765342,5.773314944869497,5.306068260064146
m2_5_0.5k.tif,49,21.949791883454733,17.660882876765342,6.259747861395171,5.2865246641552215
m2_5_0.5k.tif,50,13.251170655567117,13.530785806717411,4.508201567539899,4.107543608131535
m2_5_0.5k.tif,51,22.925338189386054,18.133291265656872,6.154974807449092,5.402725900797998
m2_5_0.5k.tif,52,6.422346514047867,10.915753101148914,4.151463766527017,2.8595778624961
m2_5_0.5k.tif,53,17.72242455775234,16.186344911975244,5.484463914812679,4.750251759171913
m2_5_0.5k.tif,54,8.454734651404786,11.013592058612454,3.804024650022824,3.280991084780822
m2_5_0.5k.tif,55,16.01521852237253,15.143689032523863,4.9219982321506865,4.515662691151737
m2_5_0.5k.tif,56,8.536030176899063,12.528656326955364,4.597481552819104,3.2967273433331687
m2_5_0.5k.tif,57,6.015868886576483,9.539054093822356,3.2509103823784473,2.767605853861975
m2_5_0.5k.tif,58,18.047606659729446,16.99279652487847,6.501820764756895,4.793633954213986
m2_5_0.5k.tif,59,19.673517169614982,16.99279647681021,5.994382559402624,5.00490759598816
m2_5_0.5k.tif,60,3.6582986472424555,7.355903473592574,2.5819049344487293,2.158214656636417
m2_5_0.5k.tif,61,17.96631113423517,15.950140693495351,5.484463914812679,4.782825295693318
m2_5_0.5k.tif,62,25.28290842872008,18.70353861201194,6.154974807449092,5.67372882832484
m2_5_0.5k.tif,63,23.8195889698231,18.231130223120413,5.994382559402624,5.5070902131448936
m2_5_0.5k.tif,64,3.820889698231009,7.355903473592574,2.5819049344487293,2.2056536128456172
m2_5_0.5k.tif,65,17.153355879292402,15.477732160399038,5.257421294518266,4.673363995071483
m2_5_0.5k.tif,66,17.803720083246617,15.950140645427089,5.1638098688974585,4.7611343662393315
m2_5_0.5k.tif,67,7.154006243496357,10.345505706725582,3.4686795431623496,3.018072837507706
m2_5_0.5k.tif,68,19.51092611862643,16.52038803985042,5.409841881047878,4.984183251912124
m2_5_0.5k.tif,69,19.99869927159209,17.326839652753645,6.154974807449092,5.046100945864771
m2_5_0.5k.tif,70,17.72242455775234,16.186344911975244,5.484463914812679,4.750251759171913
m2_5_0.5k.tif,71,12.682101977107179,14.239398510225358,4.9219982321506865,4.0183770041668385
m2_5_0.5k.tif,72,23.494406867845992,18.56517344713211,6.1019136896861115,5.469369973245448
m2_5_0.5k.tif,73,19.2670395421436,16.284183773302264,5.409841881047878,4.9529341460424545
m2_5_0.5k.tif,74,13.495057232049946,14.239398462157096,5.052404873444221,4.145170747545901
m2_5_0.5k.tif,75,13.41376170655567,13.864828934592586,4.719637060774042,4.132666433241486
m2_5_0.5k.tif,76,4.877731529656607,8.73260248091913,3.4214844250961973,2.492091625956062
m2_5_0.5k.tif,77,8.942507804370447,12.154086847459116,4.361553962254826,3.3743080128564538
m2_5_0.5k.tif,78,8.048257023933402,10.915753101148914,3.7175582489084222,3.201149654274936
m2_5_0.5k.tif,79,13.657648283038501,13.766990025197305,4.508201567539899,4.170066891795493
m2_5_0.5k.tif,80,24.144771071800207,18.565173302927324,6.048387096774194,5.544553843835735
m2_5_0.5k.tif,81,19.348335067637876,16.520387991782158,5.484463914812679,4.963372374998942
m2_5_0.5k.tif,82,18.29149323621228,16.284183821370526,5.409841881047878,4.825914682275395
m2_5_0.5k.tif,83,8.048257023933402,11.72220471405214,4.286349118038165,3.201149654274936
m2_5_0.5k.tif,84,23.006633714880333,18.231130223120413,6.259747861395171,5.412296724776172
m2_5_0.5k.tif,85,15.20226326742976,15.1436889844556,5.100447838981258,4.399559382661672
m2_5_0.5k.tif,86,14.470603537981269,14.711806947185147,4.9219982321506865,4.292382166203553
m2_5_0.5k.tif,87,14.389308012486993,14.809645856580426,5.052404873444221,4.280307930847145
m2_5_0.5k.tif,88,15.933922996878252,15.37989329907202,5.052404873444221,4.504187036790369
m2_5_0.5k.tif,89,16.42169614984391,15.379893251003757,5.1638098688974585,4.57260898498947
m2_5_0.5k.tif,90,21.299427679500518,17.326839700821907,5.730915485303184,5.207616883159394
m2_5_0.5k.tif,91,9.91805411030177,11.820043623447418,4.151463766527017,3.553597993591753
m2_5_0.5k.tif,92,9.999349635796046,12.056247889995575,4.361553962254826,3.5681321973728317
m2_5_0.5k.tif,93,15.771331945889697,15.37989329907202,5.1638098688974585,4.48114756581969
m2_5_0.5k.tif,94,14.226716961498438,14.671280547495812,4.719637060774042,4.256056699238662
m2_5_0.5k.tif,95,18.047606659729446,16.186344863906985,5.424848406078109,4.793633954213986
m2_5_0.5k.tif,96,9.511576482830385,11.72220471405214,4.032258064516129,3.480016567591689
m2_5_0.5k.tif,97,17.885015608740893,16.04797960289063,5.1638098688974585,4.771992155405804
m2_5_0.5k.tif,98,18.372788761706556,16.04797960289063,5.484463914812679,4.83662704769249
m2_5_0.5k.tif,99,7.2353017689906345,10.443344664189123,3.4686795431623496,3.035172537166735
m2_5_0.5k.tif,100,20.405176899063473,17.424678610217185,6.1417525047289585,5.097124497714769
m2_5_0.5k.tif,101,3.983480749219563,8.496398214370974,3.4686795431623496,2.2520935183951845
m2_5_0.5k.tif,102,14.551899063475545,14.809645856580426,5.1638098688974585,4.304422532536931
m2_5_0.5k.tif,103,17.885015608740893,16.186344911975244,5.6017919312297595,4.771992155405804
m2_5_0.5k.tif,104,18.53537981269511,16.186344863906985,5.424848406078109,4.857980913322864
m2_5_0.5k.tif,105,19.83610822060354,16.520387991782158,5.409841881047878,5.025546477759277
m2_5_0.5k.tif,106,17.47853798126951,15.950140693495351,5.257421294518266,4.717453311046951
m2_5_0.5k.tif,107,9.674167533818938,12.528656278887103,4.597481552819104,3.5096342639157316
m2_5_0.5k.tif,108,14.226716961498438,14.3372374676889,4.9219982321506865,4.256056699238662
m2_5_0.5k.tif,109,12.519510926118626,14.101033249209005,4.987627772924589,3.992535083362221
m2_5_0.5k.tif,110,3.820889698231009,7.68994664953601,2.704920940523939,2.2056536128456172
m2_5_0.5k.tif,111,5.528095733610821,9.066645656862567,3.2509103823784473,2.653034130032073
m2_5_0.5k.tif,112,12.92598855359001,14.003194291745462,4.702380560359114,4.056831248798115
m2_5_0.5k.tif,113,17.72242455775234,15.713936426947194,5.100447838981258,4.750251759171913
m2_5_0.5k.tif,114,16.42169614984391,15.045850123128583,5.052404873444221,4.57260898498947
m2_5_0.5k.tif,115,19.83610822060354,16.658753348935036,5.6017919312297595,5.025546477759277
m2_5_0.5k.tif,116,8.698621227887617,12.39029101787075,4.361553962254826,3.327976642348809
m2_5_0.5k.tif,117,13.41376170655567,14.003194291745462,4.597481552819104,4.132666433241486
m2_5_0.5k.tif,118,16.74687825182102,15.57557116593084,5.484463914812679,4.617660407726384
m2_5_0.5k.tif,119,13.41376170655567,14.003194243677202,4.702380560359114,4.132666433241486
m2_5_0.5k.tif,120,16.99076482830385,15.4777322084673,5.100447838981258,4.651162615378204
m2_5_0.5k.tif,121,17.23465140478668,16.52038803985042,5.484463914812679,4.684425227100954
m2_5_0.5k.tif,122,18.29149323621228,16.422549130455142,5.6017919312297595,4.825914682275395
m2_5_0.5k.tif,123,20.81165452653486,17.188474439805553,5.484463914812679,5.147642327760422
m2_5_0.5k.tif,124,16.909469302809573,15.37989329907202,4.9219982321506865,4.640022090122252
m2_5_0.5k.tif,125,20.079994797086368,17.424678610217185,5.616285595638757,5.056346846659818
m2_5_0.5k.tif,126,14.470603537981269,14.101033201140742,4.597481552819104,4.292382166203553
m2_5_0.5k.tif,127,18.779266389177938,16.422549034318617,5.6017919312297595,4.88983686719887
m2_5_0.5k.tif,128,13.251170655567117,14.003194291745462,4.719637060774042,4.107543608131535
m2_5_0.5k.tif,129,8.454734651404786,11.820043623447418,4.361553962254826,3.280991084780822
m2_5_0.5k.tif,130,13.332466181061394,14.573441638100531,5.100447838981258,4.120124169314751
m2_5_0.5k.tif,131,17.803720083246617,16.088505954511703,5.484463914812679,4.7611343662393315
m2_5_0.5k.tif,132,19.429630593132153,16.6182269492457,5.616285595638757,4.97378869784111
m2_5_0.5k.tif,133,15.44614984391259,14.907484814043968,4.987627772924589,4.434709550260803
m2_5_0.5k.tif,134,45.36290322580645,28.536109482088396,9.694205871105893,7.599858041509135
m2_5_0.5k.tif,135,13.738943808532778,14.671280643632334,4.719637060774042,4.182459391305343
m2_5_0.5k.tif,136,15.039672216441206,14.809645904648688,4.855481684996893,4.375969081909478
m2_5_0.5k.tif,137,21.868496357960456,17.424678562148927,5.773314944869497,5.276725722154994
m2_5_0.5k.tif,138,3.983480749219563,8.162355086495799,2.9077026415032172,2.2520935183951845
m2_5_0.5k.tif,139,14.877081165452653,15.282054341608479,5.8154052830064344,4.352250917638941
m2_5_0.5k.tif,140,18.69797086368366,16.04797960289063,5.773314944869497,4.879241325241859
m2_5_0.5k.tif,141,18.047606659729446,16.04797955482237,5.409841881047878,4.793633954213986
m2_5_0.5k.tif,142,20.56776795005203,17.090635386205488,5.8710563623229985,5.117391474271117
m2_5_0.5k.tif,143,11.462669094693027,13.196742678842236,4.597481552819104,3.820304121346463
m2_5_0.5k.tif,144,3.5770031217481786,7.926150868015904,3.1492942241559088,2.134099769516624
m2_5_0.5k.tif,145,7.072710718002081,10.109301440177425,3.7175582489084222,3.000875701296619
m2_5_0.5k.tif,146,14.95837669094693,14.573441686168794,5.052404873444221,4.364126112746782
m2_5_0.5k.tif,147,10.324531737773153,12.862699502898801,4.361553962254826,3.6256864300992757
m2_5_0.5k.tif,148,21.868496357960456,17.89708709524524,5.994382559402624,5.276725722154994
m2_5_0.5k.tif,149,6.341050988553589,11.151957319628808,4.20980101165748,2.841421629010455
m2_5_0.5k.tif,150,12.682101977107179,15.37989329907202,5.241935483870968,4.0183770041668385
m2_5_0.5k.tif,151,6.178459937565036,9.539054093822356,3.2509103823784473,2.8047565880250196
m2_5_0.5k.tif,152,16.909469302809573,16.186344911975244,5.484463914812679,4.640022090122252
m2_5_0.5k.tif,153,16.340400624349634,15.811775384410735,5.484463914812679,4.561276603291791
m2_5_0.5k.tif,154,18.53537981269511,16.186344911975244,5.484463914812679,4.857980913322864
m2_5_0.5k.tif,155,15.120967741935484,14.573441638100531,4.719637060774042,4.38778008606824
m2_5_0.5k.tif,156,16.259105098855358,15.379893251003757,5.257421294518266,4.5499159963528735
m2_5_0.5k.tif,157,13.820239334027054,14.239398462157096,5.1638098688974585,4.194815280532338
m2_5_0.5k.tif,158,14.714490114464098,14.337237371552375,5.100447838981258,4.328402787905756
m2_5_0.5k.tif,159,13.088579604578563,14.003194243677202,5.052404873444221,4.082266176643011
m2_5_0.5k.tif,160,18.047606659729446,16.520388087918683,5.257421294518266,4.793633954213986
m2_5_0.5k.tif,161,11.625260145681581,13.196742582705713,4.597481552819104,3.8473030729740345
m2_5_0.5k.tif,162,8.779916753381894,11.013592058612454,3.804024650022824,3.34349176907744
m2_5_0.5k.tif,163,16.01521852237253,15.143689032523863,5.257421294518266,4.515662691151737
m2_5_0.5k.tif,164,14.389308012486993,14.671280595564074,5.100447838981258,4.280307930847145
m2_5_0.5k.tif,165,14.064125910509885,15.005323819575771,5.409841881047878,4.231666488677435
m2_5_0.5k.tif,166,7.397892819979188,10.443344664189123,3.606561254031919,3.0690861320774023
m2_5_0.5k.tif,167,19.592221644120706,16.6182269492457,5.616285595638757,4.994556173125962
m2_5_0.5k.tif,168,22.51886056191467,18.36949553220503,5.994382559402624,5.354615184101174
m2_5_0.5k.tif,169,20.56776795005203,17.090635482342012,5.730915485303184,5.117391474271117
m2_5_0.5k.tif,170,19.51092611862643,16.520388087918683,5.409841881047878,4.984183251912124
m2_5_0.5k.tif,171,15.20226326742976,15.282054293540217,5.616285595638757,4.399559382661672
m2_5_0.5k.tif,172,17.641129032258064,15.950140645427089,5.409841881047878,4.7393441632409985
m2_5_0.5k.tif,173,6.259755463059313,10.109301488245688,3.804024650022824,2.823148631570624
m2_5_0.5k.tif,174,15.20226326742976,14.809645904648688,4.855481684996893,4.399559382661672
m2_5_0.5k.tif,175,14.389308012486993,14.337237419620637,4.9219982321506865,4.280307930847145
m2_5_0.5k.tif,176,23.73829344432882,18.133291265656872,5.8154052830064344,5.497684415992512
m2_5_0.5k.tif,177,13.251170655567117,13.669151115802027,4.9219982321506865,4.107543608131535
m2_5_0.5k.tif,178,25.120317377731528,18.565173350995586,5.994382559402624,5.655455902190883
m2_5_0.5k.tif,179,14.877081165452653,14.809645904648688,4.9219982321506865,4.352250917638941
m2_5_0.5k.tif,180,19.592221644120706,16.756592306398577,5.616285595638757,4.994556173125962
m2_5_0.5k.tif,181,11.543964620187305,12.96053841229408,4.508201567539899,3.833827364064025
m2_5_0.5k.tif,182,21.705905306971903,17.5630439193018,5.8154052830064344,5.257073044110521
m2_5_0.5k.tif,183,18.128902185223723,16.284183821370526,5.3797032516638446,4.804418296200129
m2_5_0.5k.tif,184,20.730359001040583,17.09063543427375,5.616285595638757,5.1375785012670505
m2_5_0.5k.tif,185,15.120967741935484,14.90748486211223,4.987627772924589,4.38778008606824
m2_5_0.5k.tif,186,11.056191467221643,12.96053841229408,4.342874844463309,3.751956848130063
m2_5_0.5k.tif,187,19.104448491155047,16.284183725234,5.616285595638757,4.931991413140803
m2_5_0.5k.tif,188,13.41376170655567,14.3372374676889,4.719637060774042,4.132666433241486
m2_5_0.5k.tif,189,20.892950052029136,17.897087047176978,6.048387096774194,5.157686517463045
m2_5_0.5k.tif,190,16.340400624349634,15.477732112330775,5.616285595638757,4.561276603291791
m2_5_0.5k.tif,191,9.674167533818938,12.39029101787075,4.112112510961923,3.5096342639157316
m2_5_0.5k.tif,192,21.949791883454733,18.133291265656872,5.8710563623229985,5.2865246641552215
m2_5_0.5k.tif,193,15.120967741935484,14.90748486211223,5.052404873444221,4.38778008606824
m2_5_0.5k.tif,194,16.909469302809573,16.186344911975244,5.484463914812679,4.640022090122252
m2_5_0.5k.tif,195,7.641779396462018,11.82004367151568,4.112112510961923,3.1192652531834875
m2_5_0.5k.tif,196,16.502991675338187,15.616097517551914,5.1638098688974585,4.583913350781816
m2_5_0.5k.tif,197,12.600806451612902,14.3372374676889,5.1638098688974585,4.0054768841858905
m2_5_0.5k.tif,198,18.53537981269511,16.186344911975244,5.257421294518266,4.857980913322864
m2_5_0.5k.tif,199,15.44614984391259,14.90748486211223,4.719637060774042,4.434709550260803
m2_5_0.5k.tif,200,17.885015608740893,16.186344911975244,5.6017919312297595,4.771992155405804
m2_5_0.5k.tif,201,18.372788761706556,16.186344911975244,5.409841881047878,4.83662704769249
m2_5_0.5k.tif,202,21.705905306971903,17.56304387123354,5.8154052830064344,5.257073044110521
m2_5_0.5k.tif,203,21.78720083246618,18.133291265656872,5.953557685577984,5.266908549517715
m2_5_0.5k.tif,204,10.974895941727366,13.058377369757622,4.597481552819104,3.7381374389340927
m2_5_0.5k.tif,205,19.02315296566077,16.658753348935036,5.484463914812679,4.921486627171233
m2_5_0.5k.tif,206,16.99076482830385,15.47773225653556,5.409841881047878,4.651162615378204
m2_5_0.5k.tif,207,11.137486992715921,12.724334193814185,4.342874844463309,3.7657255433846233
m2_5_0.5k.tif,208,10.487122788761706,12.862699502898801,4.597481552819104,3.6541236220391755
m2_5_0.5k.tif,209,17.23465140478668,15.713936426947194,5.257421294518266,4.684425227100954
m2_5_0.5k.tif,210,21.299427679500518,17.18847434366903,5.8710563623229985,5.207616883159394
m2_5_0.5k.tif,211,24.55124869927159,18.93974292662836,6.375559798726571,5.591030380577476
m2_5_0.5k.tif,212,5.609391259105099,9.77525831230225,3.4686795431623496,2.6724705373463666
m2_5_0.5k.tif,213,20.079994797086368,16.618227045382223,5.616285595638757,5.056346846659818
m2_5_0.5k.tif,214,16.259105098855358,15.37989329907202,5.052404873444221,4.5499159963528735
m2_5_0.5k.tif,215,20.730359001040583,17.090635482342012,5.953557685577984,5.1375785012670505
m2_5_0.5k.tif,216,17.47853798126951,15.811775336342473,5.409841881047878,4.717453311046951
m2_5_0.5k.tif,217,16.340400624349634,15.47773225653556,5.1638098688974585,4.561276603291791
m2_5_0.5k.tif,218,18.69797086368366,16.52038803985042,5.616285595638757,4.879241325241859
m2_5_0.5k.tif,219,23.73829344432882,17.994925956572256,5.8710563623229985,5.497684415992512
m2_5_0.5k.tif,220,8.454734651404786,11.486000495572243,4.342874844463309,3.280991084780822
m2_5_0.5k.tif,221,21.21813215400624,17.424678610217185,5.616285595638757,5.19766918184463
m2_5_0.5k.tif,222,17.885015608740893,16.186344911975244,5.484463914812679,4.771992155405804
m2_5_0.5k.tif,223,5.040322580645161,9.066645656862567,3.0708762523644793,2.533286013836378
m2_5_0.5k.tif,224,20.730359001040583,17.090635482342012,5.616285595638757,5.1375785012670505
m2_5_0.5k.tif,225,21.54331425598335,17.5630439193018,5.730915485303184,5.237346621656312
m2_5_0.5k.tif,226,15.69003642039542,15.143689032523863,5.1638098688974585,4.4695832947582925
m2_5_0.5k.tif,227,17.885015608740893,15.909614389942538,5.484463914812679,4.771992155405804
m2_5_0.5k.tif,228,12.763397502601457,13.669151115802027,4.719637060774042,4.031235843446299
m2_5_0.5k.tif,229,17.641129032258064,15.811775336342473,5.100447838981258,4.7393441632409985
m2_5_0.5k.tif,230,12.43821540062435,13.530785854785673,4.597481552819104,3.9795511950481095
m2_5_0.5k.tif,231,25.364203954214357,18.80137752140722,6.154974807449092,5.68284325802091
m2_5_0.5k.tif,232,19.2670395421436,16.618227045382223,5.484463914812679,4.9529341460424545
m2_5_0.5k.tif,233,15.44614984391259,15.37989329907202,4.9219982321506865,4.434709550260803
m2_5_0.5k.tif,234,16.665582726326743,16.284183821370526,5.6017919312297595,4.606438859163818
m2_5_0.5k.tif,235,20.56776795005203,17.229000695290104,5.994382559402624,5.117391474271117
m2_5_0.5k.tif,236,10.731009365244537,14.239398510225358,4.597481552819104,3.6963692292238233
m2_5_0.5k.tif,237,5.1216181061394375,8.496398262439236,2.9077026415032172,2.5536340195431966
m2_5_0.5k.tif,238,16.74687825182102,15.379893251003757,5.257421294518266,4.617660407726384
m2_5_0.5k.tif,239,15.608740894901144,15.241527941919143,5.100447838981258,4.4579890254365875
m2_5_0.5k.tif,240,21.54331425598335,17.424678562148927,5.616285595638757,5.237346621656312
m2_5_0.5k.tif,241,19.99869927159209,17.326839652753645,5.773314944869497,5.046100945864771
m2_5_0.5k.tif,242,20.649063475546306,17.326839700821907,5.484463914812679,5.127494922358486
m2_5_0.5k.tif,243,17.559833506763788,15.575571213999103,5.100447838981258,4.728411405512128
m2_5_0.5k.tif,244,7.397892819979188,10.77738784013256,3.8253358792359426,3.0690861320774023
m2_5_0.5k.tif,245,16.17780957336108,15.143689032523863,5.100447838981258,4.538526952216811
m2_5_0.5k.tif,246,22.7627471383975,17.99492605270878,5.773314944869497,5.383533208164956
m2_5_0.5k.tif,247,15.44614984391259,14.57344159003227,4.9219982321506865,4.434709550260803
m2_5_0.5k.tif,248,16.259105098855358,15.713936426947194,5.3797032516638446,4.5499159963528735
m2_5_0.5k.tif,249,20.48647242455775,17.326839652753645,5.953557685577984,5.107268039086393
m2_5_0.5k.tif,250,12.275624349635795,13.196742582705713,4.561979233461598,3.953455495926337
m2_5_0.5k.tif,251,13.495057232049946,13.766989977129045,4.702380560359114,4.145170747545901
m2_5_0.5k.tif,252,20.56776795005203,17.090635386205488,5.8154052830064344,5.117391474271117
m2_5_0.5k.tif,253,20.24258584807492,17.5630439193018,6.154974807449092,5.076776614099281
m2_5_0.5k.tif,254,16.01521852237253,15.143689080592125,4.987627772924589,4.515662691151737
m2_5_0.5k.tif,255,11.056191467221643,14.573441686168794,5.3797032516638446,3.751956848130063
m2_5_0.5k.tif,256,19.185744016649323,16.854431215793856,5.773314944869497,4.942473872178179
m2_5_0.5k.tif,257,6.666233090530697,9.873097269765793,3.2509103823784473,2.9133677394530513
m2_5_0.5k.tif,258,8.210848074921955,11.388161538108703,4.032258064516129,3.2333228210005904
m2_5_0.5k.tif,259,20.730359001040583,17.424678610217185,5.8710563623229985,5.1375785012670505
m2_5_0.5k.tif,260,14.308012486992714,14.573441686168794,5.257421294518266,4.268199539033248
m2_5_0.5k.tif,261,15.771331945889697,15.379893251003757,5.241935483870968,4.48114756581969
m2_5_0.5k.tif,262,23.73829344432882,18.467334441600308,6.1417525047289585,5.497684415992512
m2_5_0.5k.tif,263,18.779266389177938,16.284183869438788,5.484463914812679,4.88983686719887
m2_5_0.5k.tif,264,10.731009365244537,12.626495284418906,4.719637060774042,3.6963692292238233
m2_5_0.5k.tif,265,7.641779396462018,10.679548882669017,3.606561254031919,3.1192652531834875
m2_5_0.5k.tif,266,15.283558792924037,15.045850123128583,5.052404873444221,4.4113072256912345
m2_5_0.5k.tif,267,23.250520291363163,17.99492600464052,5.773314944869497,5.440908184359565
m2_5_0.5k.tif,268,14.064125910509885,14.948011165665042,5.6017919312297595,4.231666488677435
m2_5_0.5k.tif,269,13.088579604578563,14.809645904648688,4.9219982321506865,4.082266176643011
m2_5_0.5k.tif,270,24.957726326742975,18.703538708148464,5.994382559402624,5.637123744063723
m2_5_0.5k.tif,271,16.828173777315296,15.616097517551914,5.409841881047878,4.628854752414806
m2_5_0.5k.tif,272,11.137486992715921,13.196742630773976,4.9219982321506865,3.7657255433846233
m2_5_0.5k.tif,273,18.454084287200832,15.950140645427089,5.409841881047878,4.847315739287045
m2_5_0.5k.tif,274,10.080645161290322,12.626495236350644,4.342874844463309,3.582607438137482
m2_5_0.5k.tif,275,18.454084287200832,16.14581851228591,5.3797032516638446,4.847315739287045
m2_5_0.5k.tif,276,22.925338189386054,17.99492600464052,5.8710563623229985,5.402725900797998
m2_5_0.5k.tif,277,12.356919875130073,13.766990025197305,4.719637060774042,3.9665248059402702
m2_5_0.5k.tif,278,15.527445369406868,15.47773225653556,5.409841881047878,4.446364523185623
m2_5_0.5k.tif,279,19.51092611862643,16.52038803985042,5.616285595638757,4.984183251912124
m2_5_0.5k.tif,280,20.649063475546306,17.326839604685382,5.994382559402624,5.127494922358486
m2_5_0.5k.tif,281,21.949791883454733,17.660882876765342,5.773314944869497,5.2865246641552215
m2_5_0.5k.tif,282,18.047606659729446,16.186344911975244,5.6017919312297595,4.793633954213986
m2_5_0.5k.tif,283,14.470603537981269,14.711806947185147,5.409841881047878,4.292382166203553
m2_5_0.5k.tif,284,19.348335067637876,16.52038803985042,5.484463914812679,4.963372374998942
m2_5_0.5k.tif,285,18.047606659729446,15.713936426947194,5.257421294518266,4.793633954213986
m2_5_0.5k.tif,286,17.885015608740893,16.186344911975244,5.616285595638757,4.771992155405804
m2_5_0.5k.tif,287,21.299427679500518,17.326839652753645,5.730915485303184,5.207616883159394
m2_5_0.5k.tif,288,14.551899063475545,14.337237419620637,5.052404873444221,4.304422532536931
m2_5_0.5k.tif,289,13.576352757544225,14.003194291745462,4.597481552819104,4.157637454634492
m2_5_0.5k.tif,290,4.064776274713839,7.453742431056115,2.704920940523939,2.2749579981764367
m2_5_0.5k.tif,291,15.771331945889697,14.90748486211223,4.872195957094585,4.48114756581969
m2_5_0.5k.tif,292,15.933922996878252,14.90748486211223,4.9219982321506865,4.504187036790369
m2_5_0.5k.tif,293,9.592872008324662,12.29245210847547,4.286349118038165,3.4948567908545236
m2_5_0.5k.tif,294,19.99869927159209,16.854431215793856,5.484463914812679,5.046100945864771
m2_5_0.5k.tif,295,15.20226326742976,14.671280595564074,4.719637060774042,4.399559382661672
m2_5_0.5k.tif,296,19.592221644120706,16.284183773302264,5.409841881047878,4.994556173125962
m2_5_0.5k.tif,297,16.01521852237253,15.143689080592125,4.987627772924589,4.515662691151737
m2_5_0.5k.tif,298,19.2670395421436,16.284183773302264,5.257421294518266,4.9529341460424545
m2_5_0.5k.tif,299,13.251170655567117,13.669151115802027,4.702380560359114,4.107543608131535
m2_5_0.5k.tif,300,15.69003642039542,15.143689080592125,4.9219982321506865,4.4695832947582925
m2_5_0.5k.tif,301,13.982830385015609,14.239398510225358,4.719637060774042,4.219418513672977
m2_5_0.5k.tif,302,20.974245577523412,17.326839700821907,5.773314944869497,5.1677111848757
m2_5_0.5k.tif,303,17.072060353798125,16.186344911975244,5.257421294518266,4.66227652038799
m2_5_0.5k.tif,304,18.047606659729446,15.713936378878932,5.241935483870968,4.793633954213986
m2_5_0.5k.tif,305,8.292143600416233,11.624365756588597,4.151463766527017,3.2492899443836274
m2_5_0.5k.tif,306,21.54331425598335,17.424678562148927,5.8710563623229985,5.237346621656312
m2_5_0.5k.tif,307,21.78720083246618,17.660882876765342,5.8154052830064344,5.266908549517715
m2_5_0.5k.tif,308,14.633194588969822,15.241527989987404,5.100447838981258,4.316429313272834
m2_5_0.5k.tif,309,20.323881373569197,17.18847439173729,5.484463914812679,5.086960729879355
m2_5_0.5k.tif,310,25.60809053069719,19.037581836023637,6.514312266694964,5.710099257354615
m2_5_0.5k.tif,311,15.527445369406868,14.671280547495812,5.100447838981258,4.446364523185623
m2_5_0.5k.tif,312,19.99869927159209,16.854431215793856,5.616285595638757,5.046100945864771
m2_5_0.5k.tif,313,20.323881373569197,17.326839700821907,5.953557685577984,5.086960729879355
m2_5_0.5k.tif,314,18.860561914672214,16.854431263862118,5.8154052830064344,4.900409499795564
m2_5_0.5k.tif,315,19.104448491155047,16.61822699731396,5.3797032516638446,4.931991413140803
m2_5_0.5k.tif,316,17.072060353798125,15.37989329907202,5.052404873444221,4.66227652038799
m2_5_0.5k.tif,317,11.86914672216441,13.098903721378695,4.597481552819104,3.88744993137191
m2_5_0.5k.tif,318,13.657648283038501,14.573441686168794,5.241935483870968,4.170066891795493
m2_5_0.5k.tif,319,23.494406867845992,17.897086999108716,5.953557685577984,5.469369973245448
m2_5_0.5k.tif,320,14.877081165452653,14.809645904648688,4.855481684996893,4.352250917638941
m2_5_0.5k.tif,321,20.161290322580644,16.854431263862118,5.616285595638757,5.066572027672756
m2_5_0.5k.tif,322,19.104448491155047,16.284183869438788,5.616285595638757,4.931991413140803
m2_5_0.5k.tif,323,18.29149323621228,15.950140645427089,5.257421294518266,4.825914682275395
m2_5_0.5k.tif,324,18.210197710718003,16.52038803985042,5.409841881047878,4.815178485033747
m2_5_0.5k.tif,325,11.625260145681581,13.196742678842236,4.361553962254826,3.8473030729740345
m2_5_0.5k.tif,326,16.665582726326743,15.616097517551914,5.409841881047878,4.606438859163818
m2_5_0.5k.tif,327,15.20226326742976,14.337237371552375,4.872195957094585,4.399559382661672
m2_5_0.5k.tif,328,20.974245577523412,17.188474439805553,5.994382559402624,5.1677111848757
m2_5_0.5k.tif,329,16.502991675338187,15.811775432478997,5.3797032516638446,4.583913350781816
m2_5_0.5k.tif,330,14.064125910509885,15.143689032523863,5.100447838981258,4.231666488677435
m2_5_0.5k.tif,331,10.974895941727366,13.196742678842236,4.872195957094585,3.7381374389340927
m2_5_0.5k.tif,332,16.096514047866805,15.37989329907202,5.241935483870968,4.527109256261558
m2_5_0.5k.tif,333,12.43821540062435,14.003194243677202,5.100447838981258,3.9795511950481095
m2_5_0.5k.tif,334,21.54331425598335,17.56304387123354,5.953557685577984,5.237346621656312
m2_5_0.5k.tif,335,18.047606659729446,16.520387991782158,5.773314944869497,4.793633954213986
m2_5_0.5k.tif,336,15.120967741935484,14.573441638100531,5.052404873444221,4.38778008606824
m2_5_0.5k.tif,337,16.340400624349634,15.4777322084673,5.100447838981258,4.561276603291791
m2_5_0.5k.tif,338,19.99869927159209,17.326839700821907,5.8710563623229985,5.046100945864771
m2_5_0.5k.tif,339,14.145421436004161,14.101033201140742,4.9219982321506865,4.243879115769552
m2_5_0.5k.tif,340,20.56776795005203,17.09063543427375,5.616285595638757,5.117391474271117
m2_5_0.5k.tif,341,19.75481269510926,17.229000743358366,6.375559798726571,5.01523765361616
m2_5_0.5k.tif,342,17.803720083246617,15.950140645427089,5.616285595638757,4.7611343662393315
m2_5_0.5k.tif,343,14.389308012486993,14.337237419620637,4.597481552819104,4.280307930847145
m2_5_0.5k.tif,344,18.047606659729446,16.520388087918683,5.616285595638757,4.793633954213986
m2_5_0.5k.tif,345,20.892950052029136,17.5630439193018,5.994382559402624,5.157686517463045
m2_5_0.5k.tif,346,17.72242455775234,16.38202282690233,6.048387096774194,4.750251759171913
m2_5_0.5k.tif,347,23.73829344432882,18.46733448966857,5.994382559402624,5.497684415992512
m2_5_0.5k.tif,348,11.056191467221643,13.432946897322132,5.132226637644297,3.751956848130063
m2_5_0.5k.tif,349,11.787851196670134,13.196742678842236,4.597481552819104,3.874113871720103
m2_5_0.5k.tif,350,16.584287200832467,15.379893251003757,5.257421294518266,4.5951899074298455
m2_5_0.5k.tif,351,18.210197710718003,16.520388087918683,5.8154052830064344,4.815178485033747
m2_5_0.5k.tif,352,18.29149323621228,16.284183821370526,5.484463914812679,4.825914682275395
m2_5_0.5k.tif,353,21.21813215400624,17.424678514080664,5.953557685577984,5.19766918184463
m2_5_0.5k.tif,354,16.259105098855358,15.379893251003757,5.1638098688974585,4.5499159963528735
m2_5_0.5k.tif,355,5.934573361082205,10.443344664189123,4.151463766527017,2.748842207996256
m2_5_0.5k.tif,356,18.69797086368366,16.52038803985042,5.616285595638757,4.879241325241859
m2_5_0.5k.tif,357,17.72242455775234,16.04797955482237,5.616285595638757,4.750251759171913
m2_5_0.5k.tif,358,19.917403746097815,17.09063543427375,5.773314944869497,5.035834198818306
m2_5_0.5k.tif,359,19.348335067637876,16.520387991782158,5.616285595638757,4.963372374998942
m2_5_0.5k.tif,360,22.35626951092612,17.89708709524524,5.8710563623229985,5.33524942379156
m2_5_0.5k.tif,361,17.153355879292402,15.616097517551914,5.6017919312297595,4.673363995071483
m2_5_0.5k.tif,362,8.61732570239334,11.486000495572243,4.032258064516129,3.3123888440444174
m2_5_0.5k.tif,363,15.44614984391259,15.045850123128583,4.9219982321506865,4.434709550260803
m2_5_0.5k.tif,364,7.804370447450572,10.679548882669017,3.606561254031919,3.152274270341419
m2_5_0.5k.tif,365,8.942507804370447,11.486000447503983,4.032258064516129,3.3743080128564538
m2_5_0.5k.tif,366,19.917403746097815,17.090635482342012,5.616285595638757,5.035834198818306
m2_5_0.5k.tif,367,19.185744016649323,16.854431263862118,5.6017919312297595,4.942473872178179
m2_5_0.5k.tif,368,19.348335067637876,16.382022730765804,5.3797032516638446,4.963372374998942
m2_5_0.5k.tif,369,16.584287200832467,15.575571213999103,5.303607434663672,4.5951899074298455
m2_5_0.5k.tif,370,13.332466181061394,13.766990025197305,4.719637060774042,4.120124169314751
m2_5_0.5k.tif,371,24.795135275754422,19.0375818840919,6.259747861395171,5.6187317741771885
m2_5_0.5k.tif,372,20.48647242455775,17.326839700821907,5.616285595638757,5.107268039086393
m2_5_0.5k.tif,373,13.90153485952133,14.3372374676889,4.719637060774042,4.207134882037529
m2_5_0.5k.tif,374,12.113033298647242,13.196742630773976,4.508201567539899,3.9271863977320303
m2_5_0.5k.tif,375,10.812304890738814,12.390291065939012,4.361553962254826,3.7103442099921216
m2_5_0.5k.tif,376,14.551899063475545,14.337237323484112,5.100447838981258,4.304422532536931
m2_5_0.5k.tif,377,14.95837669094693,14.57344159003227,5.257421294518266,4.364126112746782
m2_5_0.5k.tif,378,9.836758584807491,12.056247841927313,4.20980101165748,3.5390041003352906
m2_5_0.5k.tif,379,15.364854318418313,15.143689080592125,5.484463914812679,4.423023865785153
m2_5_0.5k.tif,380,16.828173777315296,15.950140645427089,5.953557685577984,4.628854752414806
m2_5_0.5k.tif,381,15.527445369406868,15.143689080592125,5.409841881047878,4.446364523185623
m2_5_0.5k.tif,382,19.917403746097815,16.952270125189134,5.484463914812679,5.035834198818306
m2_5_0.5k.tif,383,15.44614984391259,15.713936475015457,5.484463914812679,4.434709550260803
m2_5_0.5k.tif,384,12.519510926118626,14.239398510225358,4.872195957094585,3.992535083362221
m2_5_0.5k.tif,385,19.185744016649323,16.854431215793856,5.616285595638757,4.942473872178179
m2_5_0.5k.tif,386,22.7627471383975,18.801377617543743,6.1417525047289585,5.383533208164956
m2_5_0.5k.tif,387,19.673517169614982,18.133291265656872,6.311482194555858,5.00490759598816
m2_5_0.5k.tif,388,20.405176899063473,17.090635482342012,5.616285595638757,5.097124497714769
m2_5_0.5k.tif,389,13.41376170655567,14.003194243677202,4.702380560359114,4.132666433241486
m2_5_0.5k.tif,390,12.275624349635795,13.196742630773976,4.702380560359114,3.953455495926337
m2_5_0.5k.tif,391,20.81165452653486,17.18847429560077,5.616285595638757,5.147642327760422
m2_5_0.5k.tif,392,8.292143600416233,11.013592010544192,3.804024650022824,3.2492899443836274
m2_5_0.5k.tif,393,22.7627471383975,17.66088273256056,5.773314944869497,5.383533208164956
m2_5_0.5k.tif,394,22.7627471383975,17.994926100777043,6.048387096774194,5.383533208164956
m2_5_0.5k.tif,395,20.079994797086368,17.090635530410275,5.616285595638757,5.056346846659818
m2_5_0.5k.tif,396,14.795785639958376,14.573441638100531,5.052404873444221,4.340343232075047
m2_5_0.5k.tif,397,15.283558792924037,15.241527893850881,5.484463914812679,4.4113072256912345
m2_5_0.5k.tif,398,14.470603537981269,14.907484814043968,5.100447838981258,4.292382166203553
m2_5_0.5k.tif,399,5.853277835587929,9.539054093822356,3.4686795431623496,2.729949597811724
m2_5_0.5k.tif,400,14.877081165452653,14.809645904648688,5.241935483870968,4.352250917638941
m2_5_0.5k.tif,401,11.056191467221643,12.626495284418906,4.342874844463309,3.751956848130063
m2_5_0.5k.tif,402,19.185744016649323,16.854431263862118,5.3797032516638446,4.942473872178179
m2_5_0.5k.tif,403,21.21813215400624,17.424678610217185,5.773314944869497,5.19766918184463
m2_5_0.5k.tif,404,17.23465140478668,15.713936475015457,5.241935483870968,4.684425227100954
m2_5_0.5k.tif,405,10.649713839750259,12.724334193814185,4.342874844463309,3.6823412119035606
m2_5_0.5k.tif,406,19.83610822060354,16.854431215793856,5.409841881047878,5.025546477759277
m2_5_0.5k.tif,407,11.950442247658689,13.196742630773976,4.361553962254826,3.9007403972570134
m2_5_0.5k.tif,408,11.137486992715921,12.862699502898801,4.508201567539899,3.7657255433846233
m2_5_0.5k.tif,409,13.90153485952133,14.003194291745462,4.872195957094585,4.207134882037529
m2_5_0.5k.tif,410,15.69003642039542,16.618227045382223,5.484463914812679,4.4695832947582925
m2_5_0.5k.tif,411,14.551899063475545,15.616097517551914,5.257421294518266,4.304422532536931
m2_5_0.5k.tif,412,20.405176899063473,17.5630439193018,5.8154052830064344,5.097124497714769
m2_5_0.5k.tif,413,21.78720083246618,17.660882828697083,5.953557685577984,5.266908549517715
m2_5_0.5k.tif,414,8.454734651404786,11.486000495572243,3.804024650022824,3.280991084780822
m2_5_0.5k.tif,415,13.90153485952133,14.3372374676889,4.872195957094585,4.207134882037529
m2_5_0.5k.tif,416,19.2670395421436,16.6182269492457,5.484463914812679,4.9529341460424545
m2_5_0.5k.tif,417,21.624609781477627,17.660882924833604,6.168168766442885,5.247219102843346
m2_5_0.5k.tif,418,14.064125910509885,14.337237419620637,4.719637060774042,4.231666488677435
m2_5_0.5k.tif,419,18.454084287200832,17.5630439193018,5.994382559402624,4.847315739287045
m2_5_0.5k.tif,420,8.210848074921955,11.72220471405214,4.508201567539899,3.2333228210005904
m2_5_0.5k.tif,421,16.340400624349634,15.477732160399038,5.100447838981258,4.561276603291791
m2_5_0.5k.tif,422,17.315946930280955,15.950140597358827,5.1638098688974585,4.695460401938149
m2_5_0.5k.tif,423,15.44614984391259,15.379893251003757,5.257421294518266,4.434709550260803
m2_5_0.5k.tif,424,19.185744016649323,16.52038803985042,5.8710563623229985,4.942473872178179
m2_5_0.5k.tif,425,10.974895941727366,13.196742630773976,4.719637060774042,3.7381374389340927
m2_5_0.5k.tif,426,16.340400624349634,15.143689032523863,5.052404873444221,4.561276603291791
m2_5_0.5k.tif,427,13.088579604578563,14.475602728705253,5.100447838981258,4.082266176643011
m2_5_0.5k.tif,428,23.33181581685744,18.703538660080202,6.168168766442885,5.450411961356704
m2_5_0.5k.tif,429,13.982830385015609,14.101033201140742,4.597481552819104,4.219418513672977
m2_5_0.5k.tif,430,11.543964620187305,12.96053841229408,4.597481552819104,3.833827364064025
m2_5_0.5k.tif,431,18.616675338189385,16.284183869438788,5.6017919312297595,4.868622724352195
m2_5_0.5k.tif,432,19.75481269510926,16.6182269492457,5.3797032516638446,5.01523765361616
m2_5_0.5k.tif,433,12.844693028095733,14.573441686168794,4.987627772924589,4.04405379580385
m2_5_0.5k.tif,434,16.99076482830385,15.477732160399038,5.052404873444221,4.651162615378204
m2_5_0.5k.tif,435,21.05554110301769,17.897087047176978,5.953557685577984,5.17771644339073
m2_5_0.5k.tif,436,13.820239334027054,14.573441686168794,4.987627772924589,4.194815280532338
m2_5_0.5k.tif,437,15.283558792924037,15.045850123128583,5.484463914812679,4.4113072256912345
m2_5_0.5k.tif,438,20.48647242455775,17.326839700821907,5.994382559402624,5.107268039086393
m2_5_0.5k.tif,439,17.803720083246617,16.284183821370526,5.257421294518266,4.7611343662393315
m2_5_0.5k.tif,440,9.34898543184183,11.72220471405214,4.151463766527017,3.450144628124155
m2_5_0.5k.tif,441,22.03108740894901,17.563043823165277,5.953557685577984,5.296305476706458
m2_5_0.5k.tif,442,13.41376170655567,14.003194243677202,4.872195957094585,4.132666433241486
m2_5_0.5k.tif,443,14.95837669094693,14.573441686168794,4.9219982321506865,4.364126112746782
m2_5_0.5k.tif,444,17.641129032258064,15.950140645427089,5.257421294518266,4.7393441632409985
m2_5_0.5k.tif,445,12.682101977107179,15.379893251003757,5.484463914812679,4.0183770041668385
m2_5_0.5k.tif,446,20.161290322580644,16.854431215793856,5.773314944869497,5.066572027672756
m2_5_0.5k.tif,447,14.145421436004161,14.573441638100531,5.052404873444221,4.243879115769552
m2_5_0.5k.tif,448,20.974245577523412,17.326839652753645,5.616285595638757,5.1677111848757
m2_5_0.5k.tif,449,16.42169614984391,15.241527893850881,5.100447838981258,4.57260898498947
m2_5_0.5k.tif,450,15.364854318418313,14.809645904648688,5.052404873444221,4.423023865785153
m2_5_0.5k.tif,451,12.682101977107179,13.432946897322132,4.508201567539899,4.0183770041668385
m2_5_0.5k.tif,452,16.259105098855358,15.713936475015457,5.257421294518266,4.5499159963528735
m2_5_0.5k.tif,453,16.909469302809573,15.713936426947194,5.257421294518266,4.640022090122252
m2_5_0.5k.tif,454,11.625260145681581,13.669151115802027,5.052404873444221,3.8473030729740345
m2_5_0.5k.tif,455,19.429630593132153,17.090635482342012,5.773314944869497,4.97378869784111
m2_5_0.5k.tif,456,22.681451612903224,17.897086999108716,5.8154052830064344,5.373911157206223
m2_5_0.5k.tif,457,18.616675338189385,16.284183821370526,5.257421294518266,4.868622724352195
m2_5_0.5k.tif,458,15.20226326742976,15.143689032523863,5.484463914812679,4.399559382661672
m2_5_0.5k.tif,459,13.088579604578563,13.864828934592586,4.9219982321506865,4.082266176643011
m2_5_0.5k.tif,460,11.86914672216441,13.43294684925387,4.508201567539899,3.88744993137191
m2_5_0.5k.tif,461,9.836758584807491,12.862699502898801,4.9219982321506865,3.5390041003352906
m2_5_0.5k.tif,462,19.917403746097815,16.756592258330315,5.484463914812679,5.035834198818306
m2_5_0.5k.tif,463,18.53537981269511,16.047979650958894,5.484463914812679,4.857980913322864
m2_5_0.5k.tif,464,14.389308012486993,15.143689080592125,5.100447838981258,4.280307930847145
m2_5_0.5k.tif,465,14.95837669094693,14.573441638100531,5.052404873444221,4.364126112746782
m2_5_0.5k.tif,466,17.641129032258064,15.950140693495351,5.257421294518266,4.7393441632409985
m2_5_0.5k.tif,467,16.665582726326743,15.1436889844556,5.100447838981258,4.606438859163818
m2_5_0.5k.tif,468,22.7627471383975,17.66088273256056,5.773314944869497,5.383533208164956
m2_5_0.5k.tif,469,20.730359001040583,17.090635482342012,5.6017919312297595,5.1375785012670505
m2_5_0.5k.tif,470,9.592872008324662,12.29245210847547,4.597481552819104,3.4948567908545236
m2_5_0.5k.tif,471,17.315946930280955,15.616097469483652,5.1638098688974585,4.695460401938149
m2_5_0.5k.tif,472,12.356919875130073,14.101033297277267,5.1638098688974585,3.9665248059402702
m2_5_0.5k.tif,473,13.251170655567117,15.616097517551914,5.8154052830064344,4.107543608131535
m2_5_0.5k.tif,474,17.47853798126951,15.81177528827421,5.484463914812679,4.717453311046951
m2_5_0.5k.tif,475,14.551899063475545,14.671280547495812,4.719637060774042,4.304422532536931
m2_5_0.5k.tif,476,13.495057232049946,13.766989977129045,4.597481552819104,4.145170747545901
m2_5_0.5k.tif,477,16.502991675338187,15.47773225653556,5.257421294518266,4.583913350781816
m2_5_0.5k.tif,478,16.909469302809573,15.852301736031809,5.1638098688974585,4.640022090122252
m2_5_0.5k.tif,479,18.128902185223723,15.950140693495351,5.257421294518266,4.804418296200129
m2_5_0.5k.tif,480,14.064125910509885,14.3372374676889,5.100447838981258,4.231666488677435
m2_5_0.5k.tif,481,12.43821540062435,14.003194339813724,5.409841881047878,3.9795511950481095
m2_5_0.5k.tif,482,14.95837669094693,15.37989329907202,5.6017919312297595,4.364126112746782
m2_5_0.5k.tif,483,10.243236212278875,12.292452060407207,4.508201567539899,3.6113838637753104
m2_5_0.5k.tif,484,13.007284079084286,13.766990025197305,4.719637060774042,4.069568583903484
m2_5_0.5k.tif,485,14.714490114464098,14.809645904648688,5.484463914812679,4.328402787905756
m2_5_0.5k.tif,486,12.600806451612902,14.003194291745462,4.597481552819104,4.0054768841858905
m2_5_0.5k.tif,487,20.649063475546306,17.326839700821907,5.616285595638757,5.127494922358486
m2_5_0.5k.tif,488,12.682101977107179,13.766990073265568,4.597481552819104,4.0183770041668385
m2_5_0.5k.tif,489,15.283558792924037,15.045850123128583,4.9219982321506865,4.4113072256912345
m2_5_0.5k.tif,490,16.665582726326743,16.756592258330315,5.616285595638757,4.606438859163818
m2_5_0.5k.tif,491,16.828173777315296,15.616097469483652,5.484463914812679,4.628854752414806
m2_5_0.5k.tif,492,13.495057232049946,14.239398510225358,5.1638098688974585,4.145170747545901
m2_5_0.5k.tif,493,13.088579604578563,14.475602728705253,5.100447838981258,4.082266176643011
m2_5_0.5k.tif,494,12.356919875130073,12.96053841229408,4.342874844463309,3.9665248059402702
m2_5_0.5k.tif,495,11.543964620187305,13.432946897322132,4.361553962254826,3.833827364064025
m2_5_0.5k.tif,496,6.503642039542143,10.345505706725582,4.032258064516129,2.877619542181889
m2_5_0.5k.tif,497,19.51092611862643,16.520388087918683,5.484463914812679,4.984183251912124
m2_5_0.5k.tif,498,14.226716961498438,14.809645856580426,5.1638098688974585,4.256056699238662
m2_5_0.5k.tif,499,16.99076482830385,15.950140693495351,5.484463914812679,4.651162615378204
m2_5_0.5k.tif,500,9.755463059313215,12.626495284418906,4.702380560359114,3.5243497761034814
m2_5_0.5k.tif,501,13.16987513007284,13.766990025197305,4.719637060774042,4.094924396717587
m2_5_0.5k.tif,502,20.079994797086368,16.756592306398577,5.484463914812679,5.056346846659818
m2_5_0.5k.tif,503,14.470603537981269,15.045850123128583,5.1638098688974585,4.292382166203553
m2_5_0.5k.tif,504,7.560483870967742,10.915753101148914,3.7175582489084222,3.1026290532141463
m2_5_0.5k.tif,505,3.6582986472424555,7.6899466014677476,2.9077026415032172,2.158214656636417
m2_5_0.5k.tif,506,18.69797086368366,16.520388087918683,5.484463914812679,4.879241325241859
m2_5_0.5k.tif,507,16.17780957336108,15.143689080592125,5.052404873444221,4.538526952216811
m2_5_0.5k.tif,508,16.340400624349634,15.143689032523863,5.257421294518266,4.561276603291791
m2_5_0.5k.tif,509,9.430280957336107,11.82004367151568,4.151463766527017,3.46511278789642
m2_5_0.5k.tif,510,5.528095733610821,9.066645608794305,3.4214844250961973,2.653034130032073
m2_5_0.5k.tif,511,14.795785639958376,14.907484814043968,4.987627772924589,4.340343232075047
m2_5_0.5k.tif,512,19.104448491155047,16.284183821370526,5.484463914812679,4.931991413140803
m2_5_0.5k.tif,513,15.608740894901144,15.045850075060322,5.409841881047878,4.4579890254365875
m2_5_0.5k.tif,514,16.01521852237253,15.811775432478997,5.1638098688974585,4.515662691151737
m2_5_0.5k.tif,515,14.551899063475545,14.337237371552375,4.9219982321506865,4.304422532536931
m2_6_0.5k.tif,1,4.389958376690947,8.73260248091913,3.4214844250961973,2.364205702756064
m2_6_0.5k.tif,2,8.942507804370447,11.486000495572243,3.804024650022824,3.3743080128564538
m2_6_0.5k.tif,3,5.934573361082205,9.302849875342462,3.1492942241559088,2.748842207996256
m2_6_0.5k.tif,4,6.910119667013527,10.109301488245688,3.606561254031919,2.966182330689366
m2_6_0.5k.tif,5,15.608740894901144,14.907484814043968,5.257421294518266,4.4579890254365875
m2_6_0.5k.tif,6,5.446800208116545,9.302849875342462,3.2509103823784473,2.6334542747588574
m2_6_0.5k.tif,7,11.787851196670134,14.003194291745462,4.9219982321506865,3.874113871720103
m2_6_0.5k.tif,8,8.129552549427679,11.013592058612454,3.9713136297564935,3.2172764548502637
m2_6_0.5k.tif,9,11.950442247658689,13.196742678842236,4.702380560359114,3.9007403972570134
m2_6_0.5k.tif,10,17.153355879292402,15.81177548054726,5.484463914812679,4.673363995071483
m2_6_0.5k.tif,11,6.503642039542143,10.345505706725582,3.4686795431623496,2.877619542181889
m2_6_0.5k.tif,12,19.673517169614982,17.326839700821907,5.8154052830064344,5.00490759598816
m2_6_0.5k.tif,13,8.61732570239334,11.34763523455589,4.151463766527017,3.3123888440444174
m2_6_0.5k.tif,14,11.787851196670134,13.33510793985859,4.702380560359114,3.874113871720103
m2_6_0.5k.tif,15,6.422346514047867,9.636893051285897,3.4451628005312624,2.8595778624961
m2_6_0.5k.tif,16,9.430280957336107,11.82004367151568,4.361553962254826,3.46511278789642
m2_6_0.5k.tif,17,4.146071800208117,8.162355086495799,2.9077026415032172,2.2975949537149227
m2_6_0.5k.tif,18,15.120967741935484,15.045850075060322,5.100447838981258,4.38778008606824
m2_6_0.5k.tif,19,15.527445369406868,15.950140645427089,5.3797032516638446,4.446364523185623
m2_6_0.5k.tif,20,4.7151404786680535,9.066645656862567,3.4686795431623496,2.450204749897782
m2_6_0.5k.tif,21,14.145421436004161,14.101033201140742,4.719637060774042,4.243879115769552
m2_6_0.5k.tif,22,9.91805411030177,12.29245210847547,4.286349118038165,3.553597993591753
m2_6_0.5k.tif,23,8.210848074921955,10.915753101148914,3.804024650022824,3.2333228210005904
m2_6_0.5k.tif,24,4.146071800208117,8.968806699399025,2.9355281811614993,2.2975949537149227
m2_6_0.5k.tif,25,22.51886056191467,17.89708709524524,5.8710563623229985,5.354615184101174
m2_6_0.5k.tif,26,16.42169614984391,15.852301736031809,5.730915485303184,4.57260898498947
m2_6_0.5k.tif,27,4.146071800208117,8.162355086495799,3.1492942241559088,2.2975949537149227
m2_6_0.5k.tif,28,7.316597294484911,10.541183573584403,3.7175582489084222,3.052176437927613
m2_6_0.5k.tif,29,3.983480749219563,8.968806699399025,3.1492942241559088,2.2520935183951845
m2_6_0.5k.tif,30,21.136836628511965,17.326839604685382,6.1417525047289585,5.1877024053070055
m2_6_0.5k.tif,31,9.674167533818938,11.583839404967524,4.151463766527017,3.5096342639157316
m2_6_0.5k.tif,32,10.40582726326743,13.098903721378695,4.508201567539899,3.6399327970822988
m2_6_0.5k.tif,33,4.064776274713839,8.73260248091913,3.1492942241559088,2.2749579981764367
m2_6_0.5k.tif,34,17.96631113423517,17.42467870635371,5.8710563623229985,4.782825295693318
m2_6_0.5k.tif,35,6.422346514047867,9.636893051285897,3.4686795431623496,2.8595778624961
m2_6_0.5k.tif,36,24.388657648283036,18.801377665612005,5.994382559402624,5.572486281795734
m2_6_0.5k.tif,37,13.088579604578563,14.337237419620637,4.9219982321506865,4.082266176643011
m2_6_0.5k.tif,38,9.674167533818938,12.056247889995575,4.361553962254826,3.5096342639157316
m2_6_0.5k.tif,39,11.300078043704474,13.196742630773976,4.905453653466306,3.793112999086383
m2_6_0.5k.tif,40,9.755463059313215,11.82004367151568,4.032258064516129,3.5243497761034814
m2_6_0.5k.tif,41,7.072710718002081,11.249796277092349,4.361553962254826,3.000875701296619
m2_6_0.5k.tif,42,10.568418314255982,12.29245210847547,4.151463766527017,3.668259549570347
m2_6_0.5k.tif,43,10.243236212278875,12.154086847459116,4.151463766527017,3.6113838637753104
m2_6_0.5k.tif,44,9.105098855359001,11.486000495572243,3.804024650022824,3.4048453593909294
m2_6_0.5k.tif,45,7.479188345473465,10.541183621652666,3.804024650022824,3.085903168276537
m2_6_0.5k.tif,46,3.2518210197710715,7.926150868015904,3.0708762523644793,2.034784291951742
m2_6_0.5k.tif,47,12.031737773152965,13.432946897322132,4.702380560359114,3.913985733834775
m2_6_0.5k.tif,48,15.44614984391259,15.045850123128583,4.9219982321506865,4.434709550260803
m2_6_0.5k.tif,49,12.031737773152965,13.766990073265568,5.100447838981258,3.913985733834775
m2_6_0.5k.tif,50,6.991415192507804,10.679548882669017,3.4686795431623496,2.9835794436822254
m2_6_0.5k.tif,51,9.267689906347554,11.82004367151568,4.361553962254826,3.4351112466854152
m2_6_0.5k.tif,52,10.568418314255982,12.154086799390855,4.151463766527017,3.668259549570347
m2_6_0.5k.tif,53,4.7151404786680535,8.73260248091913,3.1492942241559088,2.450204749897782
m2_6_0.5k.tif,54,20.649063475546306,17.18847434366903,5.773314944869497,5.127494922358486
m2_6_0.5k.tif,55,14.877081165452653,14.809645904648688,5.484463914812679,4.352250917638941
m2_6_0.5k.tif,56,8.048257023933402,12.056247889995575,4.361553962254826,3.201149654274936
m2_6_0.5k.tif,57,6.015868886576483,9.066645656862567,3.2509103823784473,2.767605853861975
m2_6_0.5k.tif,58,9.105098855359001,12.626495284418906,4.151463766527017,3.4048453593909294
m2_6_0.5k.tif,59,3.495707596253902,7.8283119105523635,2.9077026415032172,2.1097092568364886
m2_6_0.5k.tif,60,10.649713839750259,12.390291114007272,4.597481552819104,3.6823412119035606
m2_6_0.5k.tif,61,10.812304890738814,12.862699454830539,4.286349118038165,3.7103442099921216
m2_6_0.5k.tif,62,7.723074921956295,12.056247889995575,3.9713136297564935,3.135813195582158
m2_6_0.5k.tif,63,10.731009365244537,12.626495284418906,4.342874844463309,3.6963692292238233
m2_6_0.5k.tif,64,5.3655046826222685,9.20501091787892,3.4686795431623496,2.6137277477534573
m2_6_0.5k.tif,65,9.105098855359001,11.486000495572243,4.151463766527017,3.4048453593909294
m2_6_0.5k.tif,66,36.58298647242456,24.112495828059412,9.194963105638209,6.82487399452931
m2_6_0.5k.tif,67,12.43821540062435,13.669151115802027,4.872195957094585,3.9795511950481095
m2_6_0.5k.tif,68,14.795785639958376,14.573441686168794,5.052404873444221,4.340343232075047
m2_6_0.5k.tif,69,13.738943808532778,14.337237419620637,5.257421294518266,4.182459391305343
m2_6_0.5k.tif,70,3.5770031217481786,8.398559304975695,3.3250851819497265,2.134099769516624
m2_6_0.5k.tif,71,5.853277835587929,10.345505706725582,3.7175582489084222,2.729949597811724
m2_6_0.5k.tif,72,5.690686784599375,9.066645656862567,3.2509103823784473,2.691766604082478
m2_6_0.5k.tif,73,8.536030176899063,11.249796277092349,3.804024650022824,3.2967273433331687
m2_6_0.5k.tif,74,10.40582726326743,12.626495284418906,4.361553962254826,3.6399327970822988
m2_6_0.5k.tif,75,9.836758584807491,12.056247889995575,4.342874844463309,3.5390041003352906
m2_6_0.5k.tif,76,9.023803329864723,11.249796277092349,3.804024650022824,3.389611075550793
m2_6_0.5k.tif,77,12.92598855359001,14.003194291745462,4.597481552819104,4.056831248798115
m2_6_0.5k.tif,78,5.7719823100936525,9.302849875342462,3.2509103823784473,2.7109253270282188
m2_6_0.5k.tif,79,13.982830385015609,14.239398510225358,5.052404873444221,4.219418513672977
m2_6_0.5k.tif,80,14.389308012486993,14.337237419620637,4.987627772924589,4.280307930847145
m2_6_0.5k.tif,81,10.568418314255982,12.29245210847547,4.361553962254826,3.668259549570347
m2_6_0.5k.tif,82,9.267689906347554,11.958408932532034,4.032258064516129,3.4351112466854152
m2_6_0.5k.tif,83,6.015868886576483,9.873097269765793,3.4451628005312624,2.767605853861975
m2_6_0.5k.tif,84,8.454734651404786,12.626495284418906,4.9219982321506865,3.280991084780822
m2_6_0.5k.tif,85,16.17780957336108,15.811775384410735,5.3797032516638446,4.538526952216811
m2_6_0.5k.tif,86,15.364854318418313,14.809645904648688,5.100447838981258,4.423023865785153
m2_6_0.5k.tif,87,6.422346514047867,10.109301488245688,3.4686795431623496,2.8595778624961
m2_6_0.5k.tif,88,11.787851196670134,13.196742678842236,4.286349118038165,3.874113871720103
m2_6_0.5k.tif,89,10.89360041623309,13.432946897322132,4.361553962254826,3.724266751253379
m2_6_0.5k.tif,90,15.364854318418313,14.809645904648688,5.052404873444221,4.423023865785153
m2_6_0.5k.tif,91,17.559833506763788,15.713936426947194,5.409841881047878,4.728411405512128
m2_6_0.5k.tif,92,12.92598855359001,13.86482903072911,4.597481552819104,4.056831248798115
m2_6_0.5k.tif,93,7.072710718002081,10.44334461612086,4.032258064516129,3.000875701296619
m2_6_0.5k.tif,94,12.194328824141518,13.432946897322132,4.361553962254826,3.9403428379267735
m2_6_0.5k.tif,95,14.389308012486993,14.00319419560894,4.9219982321506865,4.280307930847145
m2_6_0.5k.tif,96,14.145421436004161,14.10103315307248,4.719637060774042,4.243879115769552
m2_6_0.5k.tif,97,5.1216181061394375,8.968806699399025,3.4214844250961973,2.5536340195431966
m2_6_0.5k.tif,98,3.820889698231009,8.496398262439236,3.2509103823784473,2.2056536128456172
m2_6_0.5k.tif,99,11.462669094693027,13.196742630773976,4.597481552819104,3.820304121346463
m2_6_0.5k.tif,100,18.616675338189385,16.284183773302264,5.616285595638757,4.868622724352195
m2_6_0.5k.tif,101,17.96631113423517,16.422549130455142,5.8154052830064344,4.782825295693318
m2_6_0.5k.tif,102,11.950442247658689,13.196742678842236,4.508201567539899,3.9007403972570134
m2_6_0.5k.tif,103,3.6582986472424555,7.355903473592574,2.5819049344487293,2.158214656636417
m2_6_0.5k.tif,104,6.422346514047867,10.44334461612086,3.4686795431623496,2.8595778624961
m2_6_0.5k.tif,105,5.853277835587929,10.679548834600757,4.032258064516129,2.729949597811724
m2_6_0.5k.tif,106,14.226716961498438,14.475602728705253,4.855481684996893,4.256056699238662
m2_6_0.5k.tif,107,8.86121227887617,11.583839453035786,3.804024650022824,3.3589352312537866
m2_6_0.5k.tif,108,5.609391259105099,10.109301488245688,3.4214844250961973,2.6724705373463666
m2_6_0.5k.tif,109,3.3331165452653484,7.355903473592574,2.9077026415032172,2.0600620846573756
m2_6_0.5k.tif,110,12.844693028095733,13.766990073265568,4.508201567539899,4.04405379580385
m2_6_0.5k.tif,111,7.641779396462018,10.679548882669017,3.4686795431623496,3.1192652531834875
m2_6_0.5k.tif,112,9.592872008324662,11.82004367151568,4.151463766527017,3.4948567908545236
m2_6_0.5k.tif,113,13.16987513007284,13.766990073265568,4.702380560359114,4.094924396717587
m2_6_0.5k.tif,114,8.779916753381894,11.486000495572243,4.151463766527017,3.34349176907744
m2_6_0.5k.tif,115,11.950442247658689,13.530785854785673,4.597481552819104,3.9007403972570134
m2_6_0.5k.tif,116,9.34898543184183,11.583839453035786,4.151463766527017,3.450144628124155
m2_6_0.5k.tif,117,16.259105098855358,15.379893251003757,5.1638098688974585,4.5499159963528735
m2_6_0.5k.tif,118,9.592872008324662,12.154086751322593,4.361553962254826,3.4948567908545236
m2_6_0.5k.tif,119,4.959027055150885,8.496398262439236,2.9077026415032172,2.5127732388796384
m2_6_0.5k.tif,120,6.8288241415192505,10.207140445709229,3.7175582489084222,2.9486825771901017
m2_6_0.5k.tif,121,11.462669094693027,12.862699502898801,4.361553962254826,3.820304121346463
m2_6_0.5k.tif,122,3.820889698231009,7.8283119105523635,2.9077026415032172,2.2056536128456172
m2_6_0.5k.tif,123,17.559833506763788,15.713936475015457,5.241935483870968,4.728411405512128
m2_6_0.5k.tif,124,12.194328824141518,13.098903721378695,4.361553962254826,3.9403428379267735
m2_6_0.5k.tif,125,10.243236212278875,12.29245210847547,4.151463766527017,3.6113838637753104
m2_6_0.5k.tif,126,7.316597294484911,10.207140445709229,3.606561254031919,3.052176437927613
m2_6_0.5k.tif,127,13.576352757544225,14.671280595564074,4.9219982321506865,4.157637454634492
m2_6_0.5k.tif,128,11.462669094693027,13.196742630773976,4.9219982321506865,3.820304121346463
m2_6_0.5k.tif,129,8.129552549427679,11.151957319628808,4.151463766527017,3.2172764548502637
m2_6_0.5k.tif,130,10.243236212278875,12.29245210847547,4.151463766527017,3.6113838637753104
m2_6_0.5k.tif,131,12.763397502601457,14.003194291745462,4.9219982321506865,4.031235843446299
m2_6_0.5k.tif,132,5.528095733610821,10.679548882669017,3.9917318292788972,2.653034130032073
m2_6_0.5k.tif,133,12.92598855359001,13.530785854785673,4.719637060774042,4.056831248798115
m2_6_0.5k.tif,134,9.511576482830385,11.583839404967524,3.8253358792359426,3.480016567591689
m2_6_0.5k.tif,135,11.300078043704474,14.475602728705253,4.597481552819104,3.793112999086383
m2_6_0.5k.tif,136,10.243236212278875,12.960538460362342,4.508201567539899,3.6113838637753104
m2_6_0.5k.tif,137,8.536030176899063,11.249796277092349,3.9713136297564935,3.2967273433331687
m2_6_0.5k.tif,138,15.933922996878252,14.90748486211223,5.052404873444221,4.504187036790369
m2_6_0.5k.tif,139,23.8195889698231,18.231130223120413,5.994382559402624,5.5070902131448936
m2_6_0.5k.tif,140,6.503642039542143,10.011462530782145,3.4686795431623496,2.877619542181889
m2_6_0.5k.tif,141,4.064776274713839,8.064516129032258,2.8512370209134983,2.2749579981764367
m2_6_0.5k.tif,142,13.16987513007284,14.573441638100531,4.872195957094585,4.094924396717587
m2_6_0.5k.tif,143,8.86121227887617,11.583839404967524,4.361553962254826,3.3589352312537866
m2_6_0.5k.tif,144,10.161940686784598,12.390291065939012,4.032258064516129,3.5970244277273613
m2_6_0.5k.tif,145,14.389308012486993,14.3372374676889,4.987627772924589,4.280307930847145
m2_6_0.5k.tif,146,12.43821540062435,13.530785806717411,4.361553962254826,3.9795511950481095
m2_6_0.5k.tif,147,12.113033298647242,13.058377369757622,4.508201567539899,3.9271863977320303
m2_6_0.5k.tif,148,6.097164412070759,9.77525831230225,3.4686795431623496,2.786243140897867
m2_6_0.5k.tif,149,6.910119667013527,10.109301440177425,3.804024650022824,2.966182330689366
m2_6_0.5k.tif,150,6.666233090530697,10.345505706725582,3.606561254031919,2.9133677394530513
m2_6_0.5k.tif,151,3.983480749219563,7.68994664953601,2.9077026415032172,2.2520935183951845
m2_6_0.5k.tif,152,9.186394380853278,11.72220471405214,4.032258064516129,3.420011783493631
m2_6_0.5k.tif,153,12.031737773152965,13.766990073265568,4.719637060774042,3.913985733834775
m2_6_0.5k.tif,154,5.040322580645161,9.066645656862567,2.9355281811614993,2.533286013836378
m2_6_0.5k.tif,155,8.048257023933402,11.249796277092349,4.032258064516129,3.201149654274936
m2_6_0.5k.tif,156,12.031737773152965,13.43294684925387,4.872195957094585,3.913985733834775
m2_6_0.5k.tif,157,13.576352757544225,14.47560268063699,5.052404873444221,4.157637454634492
m2_6_0.5k.tif,158,8.61732570239334,11.958408932532034,4.032258064516129,3.3123888440444174
m2_6_0.5k.tif,159,9.267689906347554,11.486000495572243,3.804024650022824,3.4351112466854152
m2_6_0.5k.tif,160,5.528095733610821,9.066645656862567,3.0708762523644793,2.653034130032073
m2_6_0.5k.tif,161,13.657648283038501,14.907484814043968,5.241935483870968,4.170066891795493
m2_6_0.5k.tif,162,14.95837669094693,14.907484814043968,5.052404873444221,4.364126112746782
m2_6_0.5k.tif,163,7.154006243496357,11.013592058612454,3.606561254031919,3.018072837507706
m2_6_0.5k.tif,164,14.389308012486993,14.337237371552375,4.872195957094585,4.280307930847145
m2_6_0.5k.tif,165,6.8288241415192505,10.207140445709229,3.4686795431623496,2.9486825771901017
m2_6_0.5k.tif,166,8.779916753381894,11.82004367151568,4.032258064516129,3.34349176907744
m2_6_0.5k.tif,167,6.747528616024973,10.109301440177425,3.4686795431623496,2.9310783447658166
m2_6_0.5k.tif,168,13.738943808532778,14.003194243677202,4.719637060774042,4.182459391305343
m2_6_0.5k.tif,169,18.210197710718003,16.520388087918683,5.3797032516638446,4.815178485033747
m2_6_0.5k.tif,170,21.299427679500518,17.326839652753645,5.773314944869497,5.207616883159394
m2_6_0.5k.tif,171,8.292143600416233,11.013592010544192,3.9713136297564935,3.2492899443836274
m2_6_0.5k.tif,172,9.836758584807491,11.917882532842698,4.342874844463309,3.5390041003352906
m2_6_0.5k.tif,173,10.731009365244537,12.626495284418906,4.151463766527017,3.6963692292238233
m2_6_0.5k.tif,174,3.820889698231009,7.68994664953601,2.5819049344487293,2.2056536128456172
m2_6_0.5k.tif,175,13.007284079084286,15.241527941919143,5.3797032516638446,4.069568583903484
m2_6_0.5k.tif,176,10.812304890738814,13.196742726910498,5.052404873444221,3.7103442099921216
m2_6_0.5k.tif,177,12.844693028095733,14.239398510225358,5.052404873444221,4.04405379580385
m2_6_0.5k.tif,178,8.37343912591051,11.249796277092349,3.804024650022824,3.265178987519964
m2_6_0.5k.tif,179,17.803720083246617,16.284183773302264,5.3797032516638446,4.7611343662393315
m2_6_0.5k.tif,180,12.356919875130073,13.432946897322132,4.597481552819104,3.9665248059402702
m2_6_0.5k.tif,181,3.902185223725286,7.926150868015904,2.704920940523939,2.2289945127182937
m2_6_0.5k.tif,182,12.43821540062435,13.669151115802027,4.702380560359114,3.9795511950481095
m2_6_0.5k.tif,183,9.023803329864723,11.249796229024087,3.9713136297564935,3.389611075550793
m2_6_0.5k.tif,184,6.747528616024973,9.636893051285897,3.4451628005312624,2.9310783447658166
m2_6_0.5k.tif,185,12.113033298647242,13.196742678842236,4.361553962254826,3.9271863977320303
m2_6_0.5k.tif,186,7.072710718002081,10.443344664189123,3.8253358792359426,3.000875701296619
m2_6_0.5k.tif,187,4.959027055150885,9.302849875342462,3.4451628005312624,2.5127732388796384
m2_6_0.5k.tif,188,13.332466181061394,13.766990025197305,4.872195957094585,4.120124169314751
m2_6_0.5k.tif,189,10.812304890738814,12.862699502898801,4.342874844463309,3.7103442099921216
m2_6_0.5k.tif,190,13.820239334027054,14.239398462157096,4.9219982321506865,4.194815280532338
m2_6_0.5k.tif,191,11.056191467221643,12.960538460362342,4.508201567539899,3.751956848130063
m2_6_0.5k.tif,192,7.2353017689906345,10.443344664189123,3.804024650022824,3.035172537166735
m2_6_0.5k.tif,193,13.982830385015609,14.101033105004218,4.987627772924589,4.219418513672977
m2_6_0.5k.tif,194,13.332466181061394,14.573441686168794,5.052404873444221,4.120124169314751
m2_6_0.5k.tif,195,6.015868886576483,9.873097269765793,3.7175582489084222,2.767605853861975
m2_6_0.5k.tif,196,4.30866285119667,8.496398262439236,3.0708762523644793,2.342212613550477
m2_6_0.5k.tif,197,9.91805411030177,11.82004367151568,4.151463766527017,3.553597993591753
m2_6_0.5k.tif,198,10.487122788761706,12.39029101787075,4.151463766527017,3.6541236220391755
m2_6_0.5k.tif,199,3.2518210197710715,7.592107692072468,2.5819049344487293,2.034784291951742
m2_6_0.5k.tif,200,10.487122788761706,12.390291065939012,4.361553962254826,3.6541236220391755
m2_6_0.5k.tif,201,7.641779396462018,10.679548882669017,3.606561254031919,3.1192652531834875
m2_6_0.5k.tif,202,9.511576482830385,12.056247841927313,4.597481552819104,3.480016567591689
m2_6_0.5k.tif,203,6.666233090530697,9.873097269765793,3.4686795431623496,2.9133677394530513
m2_6_0.5k.tif,204,12.43821540062435,13.196742630773976,4.508201567539899,3.9795511950481095
m2_6_0.5k.tif,205,10.324531737773153,11.917882532842698,3.9713136297564935,3.6256864300992757
m2_6_0.5k.tif,206,8.536030176899063,11.249796277092349,4.032258064516129,3.2967273433331687
m2_6_0.5k.tif,207,8.292143600416233,11.013592058612454,3.606561254031919,3.2492899443836274
m2_6_0.5k.tif,208,7.560483870967742,12.05624779385905,4.855481684996893,3.1026290532141463
m2_6_0.5k.tif,209,5.446800208116545,9.302849875342462,3.2509103823784473,2.6334542747588574
m2_6_0.5k.tif,210,4.959027055150885,10.109301488245688,3.606561254031919,2.5127732388796384
m2_6_0.5k.tif,211,8.210848074921955,11.583839453035786,3.9713136297564935,3.2333228210005904
m2_6_0.5k.tif,212,10.974895941727366,12.390291065939012,4.151463766527017,3.7381374389340927
m2_6_0.5k.tif,213,13.16987513007284,13.766990073265568,4.719637060774042,4.094924396717587
m2_6_0.5k.tif,214,45.688085327783554,30.75978659814404,10.849696812156218,7.627049033706839
m2_6_0.5k.tif,215,16.17780957336108,15.143689080592125,5.052404873444221,4.538526952216811
m2_6_0.5k.tif,216,5.528095733610821,9.539054093822356,3.606561254031919,2.653034130032073
m2_6_0.5k.tif,217,12.031737773152965,13.432946897322132,4.597481552819104,3.913985733834775
m2_6_0.5k.tif,218,3.5770031217481786,7.592107692072468,2.704920940523939,2.134099769516624
m2_6_0.5k.tif,219,11.543964620187305,12.626495236350644,4.508201567539899,3.833827364064025
m2_6_0.5k.tif,220,11.056191467221643,12.960538460362342,4.286349118038165,3.751956848130063
m2_6_0.5k.tif,221,8.536030176899063,11.249796277092349,3.804024650022824,3.2967273433331687
m2_6_0.5k.tif,222,3.7395941727367323,7.926150868015904,2.9355281811614993,2.182063056373391
m2_6_0.5k.tif,223,11.462669094693027,13.196742630773976,4.597481552819104,3.820304121346463
m2_6_0.5k.tif,224,9.592872008324662,11.820043623447418,4.361553962254826,3.4948567908545236
m2_6_0.5k.tif,225,13.982830385015609,15.37989329907202,5.6017919312297595,4.219418513672977
m2_6_0.5k.tif,226,18.860561914672214,16.52038803985042,5.616285595638757,4.900409499795564
m2_6_0.5k.tif,227,8.61732570239334,11.486000495572243,4.032258064516129,3.3123888440444174
m2_6_0.5k.tif,228,10.080645161290322,12.29245210847547,4.20980101165748,3.582607438137482
m2_6_0.5k.tif,229,17.23465140478668,15.575571213999103,5.3797032516638446,4.684425227100954
m2_6_0.5k.tif,230,7.560483870967742,10.915753101148914,3.8253358792359426,3.1026290532141463
m2_6_0.5k.tif,231,3.5770031217481786,7.119699255112679,2.5819049344487293,2.134099769516624
m2_6_0.5k.tif,232,7.397892819979188,10.443344664189123,3.606561254031919,3.0690861320774023
m2_6_0.5k.tif,233,4.064776274713839,7.926150868015904,2.9077026415032172,2.2749579981764367
m2_6_0.5k.tif,234,7.2353017689906345,10.443344664189123,3.8253358792359426,3.035172537166735
m2_6_0.5k.tif,235,13.251170655567117,13.864828982660848,4.719637060774042,4.107543608131535
m2_6_0.5k.tif,236,3.2518210197710715,7.119699255112679,2.8512370209134983,2.034784291951742
m2_6_0.5k.tif,237,13.251170655567117,14.003194243677202,4.872195957094585,4.107543608131535
m2_6_0.5k.tif,238,6.58493756503642,10.443344664189123,3.8253358792359426,2.8955488093652373
m2_6_0.5k.tif,239,6.747528616024973,10.443344664189123,3.4686795431623496,2.9310783447658166
m2_6_0.5k.tif,240,5.3655046826222685,9.40068873666948,3.606561254031919,2.6137277477534573
m2_6_0.5k.tif,241,16.828173777315296,15.4777322084673,5.100447838981258,4.628854752414806
m2_6_0.5k.tif,242,14.145421436004161,14.239398510225358,4.719637060774042,4.243879115769552
m2_6_0.5k.tif,243,8.698621227887617,11.72220471405214,4.032258064516129,3.327976642348809
m2_6_0.5k.tif,244,10.974895941727366,12.39029101787075,4.20980101165748,3.7381374389340927
m2_6_0.5k.tif,245,8.779916753381894,11.486000495572243,4.151463766527017,3.34349176907744
m2_6_0.5k.tif,246,18.69797086368366,16.520387991782158,5.484463914812679,4.879241325241859
m2_6_0.5k.tif,247,17.72242455775234,16.520388087918683,5.8154052830064344,4.750251759171913
m2_6_0.5k.tif,248,7.966961498439126,11.013592058612454,3.9713136297564935,3.1849411974470114
m2_6_0.5k.tif,249,14.064125910509885,14.3372374676889,5.052404873444221,4.231666488677435
m2_6_0.5k.tif,250,11.543964620187305,12.626495284418906,4.342874844463309,3.833827364064025
m2_6_0.5k.tif,251,4.877731529656607,8.73260248091913,3.2509103823784473,2.492091625956062
m2_6_0.5k.tif,252,12.844693028095733,13.766990073265568,4.719637060774042,4.04405379580385
m2_6_0.5k.tif,253,10.40582726326743,12.29245210847547,4.361553962254826,3.6399327970822988
m2_6_0.5k.tif,254,5.446800208116545,9.302849875342462,3.4686795431623496,2.6334542747588574
m2_6_0.5k.tif,255,11.462669094693027,13.669151115802027,4.872195957094585,3.820304121346463
m2_6_0.5k.tif,256,13.332466181061394,13.766990025197305,4.719637060774042,4.120124169314751
m2_6_0.5k.tif,257,9.023803329864723,13.196742630773976,4.597481552819104,3.389611075550793
m2_6_0.5k.tif,258,7.560483870967742,10.915753101148914,4.032258064516129,3.1026290532141463
m2_6_0.5k.tif,259,9.105098855359001,11.82004367151568,4.20980101165748,3.4048453593909294
m2_6_0.5k.tif,260,5.853277835587929,9.539054093822356,3.2509103823784473,2.729949597811724
m2_6_0.5k.tif,261,17.315946930280955,15.4777322084673,5.241935483870968,4.695460401938149
m2_6_0.5k.tif,262,19.83610822060354,16.99279652487847,5.730915485303184,5.025546477759277
m2_6_0.5k.tif,263,12.682101977107179,13.432946897322132,4.702380560359114,4.0183770041668385
m2_6_0.5k.tif,264,3.7395941727367323,8.73260248091913,3.2509103823784473,2.182063056373391
m2_6_0.5k.tif,265,15.771331945889697,15.37989329907202,4.9219982321506865,4.48114756581969
m2_6_0.5k.tif,266,13.41376170655567,14.003194243677202,4.719637060774042,4.132666433241486
m2_6_0.5k.tif,267,8.292143600416233,11.486000495572243,4.151463766527017,3.2492899443836274
m2_6_0.5k.tif,268,7.397892819979188,11.72220471405214,4.032258064516129,3.0690861320774023
m2_6_0.5k.tif,269,5.853277835587929,9.539054093822356,3.606561254031919,2.729949597811724
m2_6_0.5k.tif,270,8.129552549427679,11.013592010544192,3.8253358792359426,3.2172764548502637
m2_6_0.5k.tif,271,9.755463059313215,12.154086847459116,4.151463766527017,3.5243497761034814
m2_6_0.5k.tif,272,4.552549427679501,7.926150868015904,2.704920940523939,2.4075892425168735
m2_6_0.5k.tif,273,15.527445369406868,14.809645904648688,5.052404873444221,4.446364523185623
m2_6_0.5k.tif,274,12.194328824141518,13.432946897322132,4.719637060774042,3.9403428379267735
m2_6_0.5k.tif,275,16.99076482830385,15.1436889844556,5.052404873444221,4.651162615378204
m2_6_0.5k.tif,276,15.527445369406868,15.143689080592125,5.409841881047878,4.446364523185623
m2_6_0.5k.tif,277,15.120967741935484,15.045850123128583,5.052404873444221,4.38778008606824
m2_6_0.5k.tif,278,3.2518210197710715,7.119699255112679,2.550223919490629,2.034784291951742
m2_6_0.5k.tif,279,14.95837669094693,14.573441686168794,4.9219982321506865,4.364126112746782
m2_6_0.5k.tif,280,11.950442247658689,13.669151115802027,4.597481552819104,3.9007403972570134
m2_6_0.5k.tif,281,6.58493756503642,10.443344664189123,4.032258064516129,2.8955488093652373
m2_6_0.5k.tif,282,5.3655046826222685,9.539054093822356,3.4214844250961973,2.6137277477534573
m2_6_0.5k.tif,283,4.7151404786680535,9.066645656862567,3.4686795431623496,2.450204749897782
m2_6_0.5k.tif,284,13.576352757544225,14.003194243677202,4.702380560359114,4.157637454634492
m2_6_0.5k.tif,285,10.568418314255982,12.154086751322593,4.151463766527017,3.668259549570347
m2_6_0.5k.tif,286,17.397242455775235,15.713936475015457,5.052404873444221,4.70646970287056
m2_6_0.5k.tif,287,13.332466181061394,13.766990073265568,5.257421294518266,4.120124169314751
m2_6_0.5k.tif,288,6.341050988553589,9.539054093822356,3.2509103823784473,2.841421629010455
m2_6_0.5k.tif,289,12.763397502601457,14.003194291745462,4.702380560359114,4.031235843446299
m2_6_0.5k.tif,290,12.275624349635795,13.530785854785673,4.361553962254826,3.953455495926337
m2_6_0.5k.tif,291,21.949791883454733,17.660882828697083,5.616285595638757,5.2865246641552215
m2_6_0.5k.tif,292,14.470603537981269,14.907484814043968,5.6017919312297595,4.292382166203553
m2_6_0.5k.tif,293,5.1216181061394375,9.302849875342462,3.4451628005312624,2.5536340195431966
m2_6_0.5k.tif,294,14.064125910509885,14.337237419620637,5.100447838981258,4.231666488677435
m2_6_0.5k.tif,295,8.86121227887617,11.249796277092349,3.804024650022824,3.3589352312537866
m2_6_0.5k.tif,296,16.096514047866805,15.37989329907202,5.1638098688974585,4.527109256261558
m2_6_0.5k.tif,297,7.2353017689906345,10.109301488245688,3.4686795431623496,3.035172537166735
m2_6_0.5k.tif,298,14.226716961498438,17.090635482342012,5.3797032516638446,4.256056699238662
m2_6_0.5k.tif,299,13.982830385015609,14.239398462157096,4.702380560359114,4.219418513672977
m2_6_0.5k.tif,300,12.43821540062435,13.530785806717411,4.702380560359114,3.9795511950481095
m2_6_0.5k.tif,301,13.088579604578563,14.003194291745462,4.719637060774042,4.082266176643011
m2_6_0.5k.tif,302,8.454734651404786,11.013592010544192,3.8253358792359426,3.280991084780822
m2_6_0.5k.tif,303,14.551899063475545,14.337237419620637,4.9219982321506865,4.304422532536931
m2_6_0.5k.tif,304,18.210197710718003,16.186344911975244,5.6017919312297595,4.815178485033747
m2_6_0.5k.tif,305,19.673517169614982,16.854431167725593,5.616285595638757,5.00490759598816
m2_6_0.5k.tif,306,12.92598855359001,13.530785902853935,4.872195957094585,4.056831248798115
m2_6_0.5k.tif,307,12.763397502601457,13.530785854785673,4.597481552819104,4.031235843446299
m2_6_0.5k.tif,308,5.446800208116545,9.302849875342462,3.2509103823784473,2.6334542747588574
m2_6_0.5k.tif,309,11.056191467221643,13.43294684925387,4.702380560359114,3.751956848130063
m2_6_0.5k.tif,310,9.511576482830385,11.583839404967524,3.9713136297564935,3.480016567591689
m2_6_0.5k.tif,311,13.41376170655567,14.809645904648688,5.241935483870968,4.132666433241486
m2_6_0.5k.tif,312,4.146071800208117,9.302849875342462,3.2509103823784473,2.2975949537149227
m2_6_0.5k.tif,313,15.608740894901144,16.99279647681021,6.650170363899453,4.4579890254365875
m2_6_0.5k.tif,314,13.90153485952133,14.337237419620637,4.719637060774042,4.207134882037529
m2_6_0.5k.tif,315,14.145421436004161,14.573441686168794,5.100447838981258,4.243879115769552
m2_6_0.5k.tif,316,9.186394380853278,13.196742630773976,4.597481552819104,3.420011783493631
m2_6_0.5k.tif,317,14.633194588969822,14.573441686168794,4.719637060774042,4.316429313272834
m2_6_0.5k.tif,318,13.332466181061394,13.766990025197305,4.597481552819104,4.120124169314751
m2_6_0.5k.tif,319,18.047606659729446,16.04797960289063,5.484463914812679,4.793633954213986
m2_6_0.5k.tif,320,6.666233090530697,9.873097221697531,3.2509103823784473,2.9133677394530513
m2_6_0.5k.tif,321,13.16987513007284,14.239398510225358,4.702380560359114,4.094924396717587
m2_6_0.5k.tif,322,14.633194588969822,14.573441686168794,4.9219982321506865,4.316429313272834
m2_6_0.5k.tif,323,12.356919875130073,13.43294684925387,4.702380560359114,3.9665248059402702
m2_6_0.5k.tif,324,8.536030176899063,11.249796277092349,3.8253358792359426,3.2967273433331687
m2_6_0.5k.tif,325,8.37343912591051,11.72220471405214,3.9713136297564935,3.265178987519964
m2_6_0.5k.tif,326,12.356919875130073,13.432946897322132,4.719637060774042,3.9665248059402702
m2_6_0.5k.tif,327,14.389308012486993,14.3372374676889,4.987627772924589,4.280307930847145
m2_6_0.5k.tif,328,9.511576482830385,12.194613151011929,4.361553962254826,3.480016567591689
m2_6_0.5k.tif,329,13.332466181061394,14.573441686168794,4.855481684996893,4.120124169314751
m2_6_0.5k.tif,330,15.608740894901144,15.045850075060322,5.241935483870968,4.4579890254365875
m2_6_0.5k.tif,331,7.966961498439126,11.013592058612454,3.8253358792359426,3.1849411974470114
m2_6_0.5k.tif,332,16.096514047866805,15.241528038055666,4.987627772924589,4.527109256261558
m2_6_0.5k.tif,333,6.341050988553589,10.345505706725582,4.032258064516129,2.841421629010455
m2_6_0.5k.tif,334,11.625260145681581,12.862699454830539,4.508201567539899,3.8473030729740345
m2_6_0.5k.tif,335,9.674167533818938,11.917882628979221,4.20980101165748,3.5096342639157316
m2_6_0.5k.tif,336,7.723074921956295,10.915753053080651,4.151463766527017,3.135813195582158
m2_6_0.5k.tif,337,6.747528616024973,10.915753053080651,4.151463766527017,2.9310783447658166
m2_6_0.5k.tif,338,7.072710718002081,10.443344664189123,3.7175582489084222,3.000875701296619
m2_6_0.5k.tif,339,15.608740894901144,14.907484814043968,4.9219982321506865,4.4579890254365875
m2_6_0.5k.tif,340,7.2353017689906345,10.443344664189123,3.606561254031919,3.035172537166735
m2_6_0.5k.tif,341,17.559833506763788,16.04797960289063,5.257421294518266,4.728411405512128
m2_6_0.5k.tif,342,10.731009365244537,12.960538460362342,4.9219982321506865,3.6963692292238233
m2_6_0.5k.tif,343,14.226716961498438,14.3372374676889,5.052404873444221,4.256056699238662
m2_6_0.5k.tif,344,14.389308012486993,14.337237419620637,5.100447838981258,4.280307930847145
m2_6_0.5k.tif,345,12.682101977107179,14.435076329015917,5.257421294518266,4.0183770041668385
m2_6_0.5k.tif,346,8.86121227887617,11.583839404967524,4.20980101165748,3.3589352312537866
m2_6_0.5k.tif,347,6.666233090530697,10.207140445709229,3.3250851819497265,2.9133677394530513
m2_6_0.5k.tif,348,12.92598855359001,14.809645904648688,4.872195957094585,4.056831248798115
m2_6_0.5k.tif,349,6.015868886576483,10.345505706725582,3.804024650022824,2.767605853861975
m2_6_0.5k.tif,350,13.820239334027054,14.101033201140742,4.872195957094585,4.194815280532338
m2_6_0.5k.tif,351,11.787851196670134,12.724334145745923,4.342874844463309,3.874113871720103
m2_6_0.5k.tif,352,6.097164412070759,10.915753101148914,3.804024650022824,2.786243140897867
m2_6_0.5k.tif,353,3.7395941727367323,7.592107692072468,2.9077026415032172,2.182063056373391
m2_6_0.5k.tif,354,8.37343912591051,12.056247841927313,4.597481552819104,3.265178987519964
m2_6_0.5k.tif,355,7.154006243496357,10.679548882669017,3.7175582489084222,3.018072837507706
m2_6_0.5k.tif,356,10.243236212278875,12.626495236350644,4.561979233461598,3.6113838637753104
m2_6_0.5k.tif,357,10.487122788761706,12.39029101787075,4.286349118038165,3.6541236220391755
m2_6_0.5k.tif,358,4.064776274713839,8.398559304975695,3.1492942241559088,2.2749579981764367
m2_6_0.5k.tif,359,5.040322580645161,8.73260248091913,3.0708762523644793,2.533286013836378
m2_6_0.5k.tif,360,13.657648283038501,15.045850123128583,5.484463914812679,4.170066891795493
m2_6_0.5k.tif,361,13.41376170655567,13.86482907879737,5.052404873444221,4.132666433241486
m2_6_0.5k.tif,362,8.86121227887617,11.249796277092349,4.151463766527017,3.3589352312537866
m2_6_0.5k.tif,363,11.706555671175858,12.96053841229408,4.597481552819104,3.860731745820316
m2_6_0.5k.tif,364,5.202913631633715,8.73260248091913,3.2509103823784473,2.573821163880211
m2_6_0.5k.tif,365,11.706555671175858,13.432946897322132,4.872195957094585,3.860731745820316
m2_6_0.5k.tif,366,4.064776274713839,7.926150868015904,3.0708762523644793,2.2749579981764367
m2_6_0.5k.tif,367,12.519510926118626,13.432946897322132,4.702380560359114,3.992535083362221
m2_6_0.5k.tif,368,10.487122788761706,13.196742582705713,4.702380560359114,3.6541236220391755
m2_6_0.5k.tif,369,11.38137356919875,14.239398510225358,4.987627772924589,3.80673283823641
m2_6_0.5k.tif,370,9.674167533818938,14.003194291745462,4.719637060774042,3.5096342639157316
m2_6_0.5k.tif,371,5.934573361082205,9.636893051285897,3.606561254031919,2.748842207996256
m2_6_0.5k.tif,372,8.454734651404786,12.29245210847547,4.342874844463309,3.280991084780822
m2_6_0.5k.tif,373,15.69003642039542,15.143689080592125,5.052404873444221,4.4695832947582925
m2_6_0.5k.tif,374,7.154006243496357,9.873097269765793,3.4686795431623496,3.018072837507706
m2_6_0.5k.tif,375,7.641779396462018,10.207140397640966,3.606561254031919,3.1192652531834875
m2_6_0.5k.tif,376,10.812304890738814,12.390291065939012,4.20980101165748,3.7103442099921216
m2_6_0.5k.tif,377,10.080645161290322,12.626495284418906,4.342874844463309,3.582607438137482
m2_6_0.5k.tif,378,8.454734651404786,11.82004367151568,4.286349118038165,3.280991084780822
m2_6_0.5k.tif,379,8.129552549427679,11.151957319628808,3.804024650022824,3.2172764548502637
m2_6_0.5k.tif,380,14.795785639958376,14.435076329015917,4.872195957094585,4.340343232075047
m2_6_0.5k.tif,381,7.072710718002081,10.915753101148914,3.9713136297564935,3.000875701296619
m2_6_0.5k.tif,382,16.096514047866805,14.907484765975706,5.241935483870968,4.527109256261558
m2_6_0.5k.tif,383,11.38137356919875,13.43294684925387,4.508201567539899,3.80673283823641
m2_6_0.5k.tif,384,6.747528616024973,10.109301488245688,3.7175582489084222,2.9310783447658166
m2_6_0.5k.tif,385,7.723074921956295,10.915753101148914,3.804024650022824,3.135813195582158
m2_6_0.5k.tif,386,14.877081165452653,14.809645904648688,4.9219982321506865,4.352250917638941
m2_6_0.5k.tif,387,8.698621227887617,11.249796277092349,3.9713136297564935,3.327976642348809
m2_6_0.5k.tif,388,6.015868886576483,9.066645656862567,3.2509103823784473,2.767605853861975
m2_6_0.5k.tif,389,13.495057232049946,14.239398510225358,5.052404873444221,4.145170747545901
m2_6_0.5k.tif,390,14.470603537981269,14.43507642515244,5.100447838981258,4.292382166203553
m2_6_0.5k.tif,391,6.341050988553589,9.873097269765793,3.4214844250961973,2.841421629010455
m2_6_0.5k.tif,392,14.714490114464098,14.809645904648688,5.1638098688974585,4.328402787905756
m2_6_0.5k.tif,393,5.853277835587929,9.400688832806003,3.4686795431623496,2.729949597811724
m2_6_0.5k.tif,394,14.95837669094693,14.435076377084178,4.597481552819104,4.364126112746782
m2_6_0.5k.tif,395,4.146071800208117,8.162355086495799,3.0708762523644793,2.2975949537149227
m2_6_0.5k.tif,396,8.536030176899063,11.249796229024087,3.9713136297564935,3.2967273433331687
m2_6_0.5k.tif,397,7.966961498439126,11.486000495572243,4.286349118038165,3.1849411974470114
m2_6_0.5k.tif,398,8.048257023933402,10.77738784013256,3.606561254031919,3.201149654274936
m2_6_0.5k.tif,399,8.129552549427679,10.679548882669017,3.804024650022824,3.2172764548502637
m2_6_0.5k.tif,400,12.031737773152965,12.96053841229408,4.342874844463309,3.913985733834775
m2_6_0.5k.tif,401,8.86121227887617,11.249796229024087,3.804024650022824,3.3589352312537866
m2_6_0.5k.tif,402,3.495707596253902,7.355903473592574,2.5819049344487293,2.1097092568364886
m2_6_0.5k.tif,403,12.600806451612902,13.530785854785673,4.719637060774042,4.0054768841858905
m2_6_0.5k.tif,404,3.4144120707596253,7.119699255112679,2.5819049344487293,2.0850334458977464
m2_6_0.5k.tif,405,7.316597294484911,11.013592058612454,3.7175582489084222,3.052176437927613
m2_6_0.5k.tif,406,13.738943808532778,14.671280691700597,5.132226637644297,4.182459391305343
m2_6_0.5k.tif,407,9.836758584807491,12.056247889995575,4.342874844463309,3.5390041003352906
m2_6_0.5k.tif,408,6.910119667013527,10.109301488245688,3.606561254031919,2.966182330689366
m2_6_0.5k.tif,409,6.015868886576483,9.873097269765793,3.2509103823784473,2.767605853861975
m2_6_0.5k.tif,410,14.795785639958376,14.573441638100531,4.872195957094585,4.340343232075047
m2_6_0.5k.tif,411,8.454734651404786,11.820043623447418,4.561979233461598,3.280991084780822
m2_6_0.5k.tif,412,13.982830385015609,13.766989977129045,4.719637060774042,4.219418513672977
m2_6_0.5k.tif,413,11.218782518210197,12.626495284418906,4.342874844463309,3.7794440789577446
m2_6_0.5k.tif,414,13.332466181061394,13.766990025197305,4.719637060774042,4.120124169314751
m2_6_0.5k.tif,415,7.641779396462018,11.013592058612454,4.151463766527017,3.1192652531834875
m2_6_0.5k.tif,416,13.576352757544225,14.475602728705253,5.257421294518266,4.157637454634492
m2_6_0.5k.tif,417,9.34898543184183,12.390291065939012,4.361553962254826,3.450144628124155
m2_6_0.5k.tif,418,11.300078043704474,12.724334145745923,4.361553962254826,3.793112999086383
m2_6_0.5k.tif,419,12.43821540062435,13.669151115802027,4.597481552819104,3.9795511950481095
m2_6_0.5k.tif,420,9.186394380853278,11.583839453035786,3.8253358792359426,3.420011783493631
m2_6_0.5k.tif,421,13.332466181061394,13.766990025197305,4.508201567539899,4.120124169314751
m2_6_0.5k.tif,422,4.30866285119667,8.162355086495799,3.1492942241559088,2.342212613550477
m2_6_0.5k.tif,423,6.341050988553589,9.873097269765793,3.606561254031919,2.841421629010455
m2_6_0.5k.tif,424,13.41376170655567,14.613967989721607,5.1638098688974585,4.132666433241486
m2_6_0.5k.tif,425,8.86121227887617,11.249796277092349,3.9713136297564935,3.3589352312537866
m2_6_0.5k.tif,426,12.356919875130073,13.294581540169254,4.361553962254826,3.9665248059402702
m2_6_0.5k.tif,427,8.779916753381894,11.486000495572243,4.032258064516129,3.34349176907744
m2_6_0.5k.tif,428,15.283558792924037,14.573441638100531,4.9219982321506865,4.4113072256912345
m2_6_0.5k.tif,429,11.543964620187305,12.626495236350644,4.508201567539899,3.833827364064025
m2_6_0.5k.tif,430,14.633194588969822,14.101033105004218,4.719637060774042,4.316429313272834
m2_6_0.5k.tif,431,8.698621227887617,11.249796277092349,3.9713136297564935,3.327976642348809
m2_6_0.5k.tif,432,14.877081165452653,15.616097517551914,5.052404873444221,4.352250917638941
m2_6_0.5k.tif,433,10.324531737773153,12.056247841927313,4.286349118038165,3.6256864300992757
m2_6_0.5k.tif,434,9.755463059313215,12.626495284418906,4.508201567539899,3.5243497761034814
m2_6_0.5k.tif,435,6.666233090530697,10.679548834600757,3.9713136297564935,2.9133677394530513
m2_6_0.5k.tif,436,9.023803329864723,11.72220471405214,3.9917318292788972,3.389611075550793
m2_6_0.5k.tif,437,10.161940686784598,12.056247889995575,4.151463766527017,3.5970244277273613
m2_6_0.5k.tif,438,11.706555671175858,12.960538460362342,4.361553962254826,3.860731745820316
m2_6_0.5k.tif,439,10.731009365244537,12.626495284418906,4.508201567539899,3.6963692292238233
m2_6_0.5k.tif,440,10.568418314255982,13.098903721378695,4.702380560359114,3.668259549570347
m2_6_0.5k.tif,441,13.738943808532778,14.003194243677202,4.719637060774042,4.182459391305343
m2_6_0.5k.tif,442,10.243236212278875,12.626495284418906,4.342874844463309,3.6113838637753104
m2_6_0.5k.tif,443,13.657648283038501,14.239398510225358,4.855481684996893,4.170066891795493
m2_6_0.5k.tif,444,5.528095733610821,9.066645656862567,3.2509103823784473,2.653034130032073
m2_6_0.5k.tif,445,21.05554110301769,17.424678610217185,5.953557685577984,5.17771644339073
m2_6_0.5k.tif,446,7.966961498439126,11.820043623447418,4.361553962254826,3.1849411974470114
m2_6_0.5k.tif,447,12.763397502601457,14.003194291745462,4.719637060774042,4.031235843446299
m2_6_0.5k.tif,448,4.471253902185223,8.968806699399025,3.4451628005312624,2.385996077702902
m2_6_0.5k.tif,449,14.633194588969822,14.573441686168794,4.855481684996893,4.316429313272834
m2_6_0.5k.tif,450,12.356919875130073,13.766990025197305,4.719637060774042,3.9665248059402702
m2_6_0.5k.tif,451,11.462669094693027,12.862699502898801,4.508201567539899,3.820304121346463
m2_6_0.5k.tif,452,12.600806451612902,13.530785854785673,4.508201567539899,4.0054768841858905
m2_6_0.5k.tif,453,13.251170655567117,13.669151115802027,4.9219982321506865,4.107543608131535
m2_6_0.5k.tif,454,13.41376170655567,13.86482903072911,4.702380560359114,4.132666433241486
m2_6_0.5k.tif,455,13.007284079084286,13.766990025197305,4.508201567539899,4.069568583903484
m2_6_0.5k.tif,456,8.942507804370447,11.82004367151568,3.9713136297564935,3.3743080128564538
m2_6_0.5k.tif,457,8.292143600416233,11.013592058612454,3.804024650022824,3.2492899443836274
m2_6_0.5k.tif,458,14.389308012486993,14.671280643632334,4.905453653466306,4.280307930847145
m2_6_0.5k.tif,459,15.527445369406868,15.143689080592125,4.9219982321506865,4.446364523185623
m2_6_0.5k.tif,460,11.137486992715921,13.33510793985859,4.872195957094585,3.7657255433846233
m2_6_0.5k.tif,461,9.999349635796046,13.669151115802027,5.052404873444221,3.5681321973728317
m2_6_0.5k.tif,462,9.999349635796046,12.862699502898801,4.597481552819104,3.5681321973728317
m2_6_0.5k.tif,463,8.86121227887617,11.249796277092349,4.032258064516129,3.3589352312537866
m2_6_0.5k.tif,464,10.89360041623309,14.239398510225358,5.052404873444221,3.724266751253379
m2_6_0.5k.tif,465,9.34898543184183,12.390291065939012,4.508201567539899,3.450144628124155
m2_6_0.5k.tif,466,8.86121227887617,11.249796277092349,4.151463766527017,3.3589352312537866
m2_6_0.5k.tif,467,7.479188345473465,11.151957319628808,3.9713136297564935,3.085903168276537
m2_6_0.5k.tif,468,11.218782518210197,12.626495236350644,4.361553962254826,3.7794440789577446
m2_6_0.5k.tif,469,15.20226326742976,15.143689032523863,5.100447838981258,4.399559382661672
m2_6_0.5k.tif,470,7.2353017689906345,10.915753101148914,3.804024650022824,3.035172537166735
m2_6_0.5k.tif,471,13.738943808532778,14.003194291745462,4.719637060774042,4.182459391305343
m2_6_0.5k.tif,472,9.34898543184183,12.056247889995575,4.361553962254826,3.450144628124155
m2_6_0.5k.tif,473,4.633844953173777,8.162355086495799,2.9077026415032172,2.428990456661432
m2_6_0.5k.tif,474,5.853277835587929,9.400688832806003,3.2509103823784473,2.729949597811724
m2_6_0.5k.tif,475,12.763397502601457,13.530785806717411,4.719637060774042,4.031235843446299
m2_6_0.5k.tif,476,10.812304890738814,12.390291065939012,4.151463766527017,3.7103442099921216
m2_6_0.5k.tif,477,10.487122788761706,14.671280643632334,5.241935483870968,3.6541236220391755
m2_6_0.5k.tif,478,5.7719823100936525,9.302849875342462,3.4686795431623496,2.7109253270282188
m2_6_0.5k.tif,479,9.511576482830385,14.003194243677202,4.9219982321506865,3.480016567591689
m2_6_0.5k.tif,480,12.600806451612902,13.669151115802027,4.597481552819104,4.0054768841858905
m2_6_0.5k.tif,481,19.348335067637876,16.52038803985042,5.6017919312297595,4.963372374998942
m2_6_0.5k.tif,482,13.088579604578563,13.530785806717411,4.508201567539899,4.082266176643011
m2_6_0.5k.tif,483,15.527445369406868,15.950140693495351,5.953557685577984,4.446364523185623
m2_6_0.5k.tif,484,13.495057232049946,13.766990025197305,4.702380560359114,4.145170747545901
m2_6_0.5k.tif,485,18.53537981269511,16.04797955482237,5.241935483870968,4.857980913322864
m2_6_0.5k.tif,486,16.909469302809573,15.57557116593084,5.484463914812679,4.640022090122252
m2_6_0.5k.tif,487,4.633844953173777,8.496398262439236,3.2509103823784473,2.428990456661432
m2_6_0.5k.tif,488,14.633194588969822,14.435076329015917,4.987627772924589,4.316429313272834
m2_6_0.5k.tif,489,9.511576482830385,11.583839453035786,3.804024650022824,3.480016567591689
m2_6_0.5k.tif,490,12.844693028095733,13.766990073265568,4.872195957094585,4.04405379580385
m2_6_0.5k.tif,491,15.69003642039542,14.809645856580426,5.257421294518266,4.4695832947582925
m2_6_0.5k.tif,492,5.690686784599375,9.539054093822356,3.2509103823784473,2.691766604082478
m2_6_0.5k.tif,493,12.844693028095733,13.432946897322132,4.508201567539899,4.04405379580385
m2_6_0.5k.tif,494,14.714490114464098,14.337237419620637,4.719637060774042,4.328402787905756
m2_6_0.5k.tif,495,10.324531737773153,12.390291065939012,3.9917318292788972,3.6256864300992757
m2_6_0.5k.tif,496,4.552549427679501,8.260194043959341,3.0708762523644793,2.4075892425168735
m2_6_0.5k.tif,497,12.763397502601457,13.669151067733765,4.855481684996893,4.031235843446299
m2_6_0.5k.tif,498,9.34898543184183,11.72220471405214,4.151463766527017,3.450144628124155
m2_6_0.5k.tif,499,11.137486992715921,13.196742678842236,4.508201567539899,3.7657255433846233
m2_6_0.5k.tif,500,11.86914672216441,12.96053841229408,4.361553962254826,3.88744993137191
m2_6_0.5k.tif,501,9.755463059313215,12.29245210847547,4.361553962254826,3.5243497761034814
m2_6_0.5k.tif,502,9.186394380853278,11.583839404967524,3.9713136297564935,3.420011783493631
m2_6_0.5k.tif,503,6.503642039542143,9.539054093822356,3.2509103823784473,2.877619542181889
m2_6_0.5k.tif,504,14.389308012486993,14.3372374676889,4.872195957094585,4.280307930847145
m2_6_0.5k.tif,505,12.763397502601457,13.669151115802027,4.561979233461598,4.031235843446299
m2_6_0.5k.tif,506,7.154006243496357,10.679548834600757,4.032258064516129,3.018072837507706
m2_6_0.5k.tif,507,19.673517169614982,16.99279652487847,5.730915485303184,5.00490759598816
m2_6_0.5k.tif,508,8.536030176899063,11.249796277092349,3.804024650022824,3.2967273433331687
m2_6_0.5k.tif,509,9.511576482830385,12.39029101787075,4.032258064516129,3.480016567591689
m2_6_0.5k.tif,510,19.02315296566077,16.52038803985042,5.730915485303184,4.921486627171233
m2_6_0.5k.tif,511,18.53537981269511,16.04797960289063,5.100447838981258,4.857980913322864
m2_6_0.5k.tif,512,4.959027055150885,8.496398262439236,2.9077026415032172,2.5127732388796384
m2_6_0.5k.tif,513,8.61732570239334,11.486000495572243,3.7175582489084222,3.3123888440444174
m2_6_0.5k.tif,514,13.41376170655567,13.530785806717411,4.508201567539899,4.132666433241486
m2_6_0.5k.tif,515,11.86914672216441,13.098903721378695,4.597481552819104,3.88744993137191
m2_6_0.5k.tif,516,11.056191467221643,12.626495236350644,4.361553962254826,3.751956848130063
m2_6_0.5k.tif,517,9.430280957336107,12.154086799390855,3.9713136297564935,3.46511278789642
m2_6_0.5k.tif,518,9.430280957336107,11.82004367151568,3.9713136297564935,3.46511278789642
m2_6_0.5k.tif,519,16.340400624349634,15.143689032523863,5.052404873444221,4.561276603291791
m2_6_0.5k.tif,520,5.284209157127991,9.3028498272742,3.4686795431623496,2.5938512026535028
m2_6_0.5k.tif,521,13.738943808532778,14.003194243677202,4.9219982321506865,4.182459391305343
m2_6_0.5k.tif,522,5.1216181061394375,8.496398262439236,3.0708762523644793,2.5536340195431966
m2_6_0.5k.tif,523,13.007284079084286,14.239398510225358,5.100447838981258,4.069568583903484
m2_6_0.5k.tif,524,4.389958376690947,7.926150868015904,2.704920940523939,2.364205702756064
m2_6_0.5k.tif,525,10.243236212278875,12.29245210847547,4.286349118038165,3.6113838637753104
m2_6_0.5k.tif,526,3.495707596253902,7.355903473592574,2.704920940523939,2.1097092568364886
m2_6_0.5k.tif,527,9.34898543184183,12.056247889995575,4.20980101165748,3.450144628124155
m2_6_0.5k.tif,528,12.356919875130073,13.43294684925387,4.872195957094585,3.9665248059402702
m2_6_0.5k.tif,529,10.568418314255982,13.432946897322132,4.597481552819104,3.668259549570347
m2_6_0.5k.tif,530,23.8195889698231,18.703538708148464,6.048387096774194,5.5070902131448936
m2_6_0.5k.tif,531,14.389308012486993,14.671280643632334,4.987627772924589,4.280307930847145
m2_6_0.5k.tif,532,8.129552549427679,11.151957319628808,4.286349118038165,3.2172764548502637
m2_6_0.5k.tif,533,6.259755463059313,10.109301488245688,3.4686795431623496,2.823148631570624
m2_6_0.5k.tif,534,13.657648283038501,14.573441638100531,5.1638098688974585,4.170066891795493
m2_6_0.5k.tif,535,8.454734651404786,11.486000495572243,4.151463766527017,3.280991084780822
m2_6_0.5k.tif,536,9.34898543184183,11.583839453035786,3.9713136297564935,3.450144628124155
m2_6_0.5k.tif,537,15.852627471383974,15.143689032523863,5.424848406078109,4.492682070269503
m2_6_0.5k.tif,538,9.105098855359001,13.432946897322132,4.151463766527017,3.4048453593909294
m2_6_0.5k.tif,539,13.251170655567117,14.475602728705253,4.872195957094585,4.107543608131535
m2_6_0.5k.tif,540,10.40582726326743,12.626495284418906,4.20980101165748,3.6399327970822988
m2_6_0.5k.tif,541,7.154006243496357,11.151957319628808,4.151463766527017,3.018072837507706
m2_6_0.5k.tif,542,10.487122788761706,12.056247889995575,4.151463766527017,3.6541236220391755
m2_6_0.5k.tif,543,12.194328824141518,13.905355334281921,4.702380560359114,3.9403428379267735
m2_6_0.5k.tif,544,17.23465140478668,16.04797955482237,5.484463914812679,4.684425227100954
m2_6_0.5k.tif,545,7.316597294484911,10.207140445709229,3.4451628005312624,3.052176437927613
m2_6_0.5k.tif,546,15.527445369406868,15.282054341608479,5.257421294518266,4.446364523185623
m2_6_0.5k.tif,547,9.592872008324662,11.82004367151568,3.9713136297564935,3.4948567908545236
m2_6_0.5k.tif,548,16.340400624349634,15.143689032523863,4.987627772924589,4.561276603291791
m2_6_0.5k.tif,549,13.820239334027054,14.101033249209005,4.872195957094585,4.194815280532338
m2_6_0.5k.tif,550,3.4144120707596253,7.592107692072468,2.704920940523939,2.0850334458977464
m2_6_0.5k.tif,551,9.511576482830385,11.583839404967524,3.9713136297564935,3.480016567591689
m2_6_0.5k.tif,552,13.820239334027054,14.10103315307248,4.872195957094585,4.194815280532338
m2_6_0.5k.tif,553,12.92598855359001,13.530785854785673,4.361553962254826,4.056831248798115
m2_6_0.5k.tif,554,7.154006243496357,10.207140397640966,3.4451628005312624,3.018072837507706
m2_6_0.5k.tif,555,15.283558792924037,14.90748486211223,5.409841881047878,4.4113072256912345
m2_6_0.5k.tif,556,13.16987513007284,14.573441686168794,5.052404873444221,4.094924396717587
m2_6_0.5k.tif,557,13.576352757544225,14.003194243677202,5.052404873444221,4.157637454634492
m2_6_0.5k.tif,558,6.747528616024973,11.249796229024087,4.20980101165748,2.9310783447658166
m2_6_0.5k.tif,559,12.113033298647242,14.003194243677202,4.702380560359114,3.9271863977320303
m2_6_0.5k.tif,560,13.332466181061394,13.766990025197305,4.872195957094585,4.120124169314751
m2_6_0.5k.tif,561,7.885665972944849,10.915753101148914,3.804024650022824,3.1686498312886933
m2_6_0.5k.tif,562,6.910119667013527,10.443344664189123,3.606561254031919,2.966182330689366
m2_6_0.5k.tif,563,5.202913631633715,8.73260248091913,3.1492942241559088,2.573821163880211
m2_6_0.5k.tif,564,11.787851196670134,13.196742582705713,4.9219982321506865,3.874113871720103
m2_6_0.5k.tif,565,6.341050988553589,10.345505706725582,3.606561254031919,2.841421629010455
m2_6_0.5k.tif,566,8.779916753381894,11.486000495572243,4.151463766527017,3.34349176907744
m2_6_0.5k.tif,567,7.397892819979188,10.443344664189123,3.606561254031919,3.0690861320774023
m2_6_0.5k.tif,568,15.283558792924037,14.90748486211223,5.241935483870968,4.4113072256912345
m2_6_0.5k.tif,569,10.731009365244537,12.154086751322593,3.9713136297564935,3.6963692292238233
m2_6_0.5k.tif,570,7.804370447450572,10.679548882669017,3.804024650022824,3.152274270341419
m2_6_0.5k.tif,571,3.6582986472424555,8.496398214370974,3.4214844250961973,2.158214656636417
m2_6_0.5k.tif,572,12.275624349635795,13.196742630773976,4.702380560359114,3.953455495926337
m2_6_0.5k.tif,573,8.210848074921955,11.249796229024087,3.8253358792359426,3.2333228210005904
m2_6_0.5k.tif,574,6.097164412070759,9.302849875342462,3.2509103823784473,2.786243140897867
m2_6_0.5k.tif,575,11.300078043704474,13.33510793985859,4.872195957094585,3.793112999086383
m2_6_0.5k.tif,576,9.511576482830385,11.583839404967524,4.151463766527017,3.480016567591689
m2_6_0.5k.tif,577,13.657648283038501,14.57344159003227,4.719637060774042,4.170066891795493
m2_6_0.5k.tif,578,16.99076482830385,15.811775432478997,5.484463914812679,4.651162615378204
m2_6_0.5k.tif,579,16.42169614984391,15.713936378878932,5.484463914812679,4.57260898498947
m2_6_0.5k.tif,580,9.836758584807491,13.196742678842236,4.702380560359114,3.5390041003352906
m2_6_0.5k.tif,581,3.983480749219563,8.162355086495799,3.1492942241559088,2.2520935183951845
m2_6_0.5k.tif,582,14.064125910509885,14.337237419620637,4.719637060774042,4.231666488677435
m2_6_0.5k.tif,583,4.471253902185223,8.496398262439236,3.0708762523644793,2.385996077702902
m2_6_0.5k.tif,584,7.966961498439126,10.679548882669017,3.804024650022824,3.1849411974470114
m2_6_0.5k.tif,585,11.300078043704474,12.862699454830539,4.286349118038165,3.793112999086383
m2_6_0.5k.tif,586,14.877081165452653,15.616097517551914,5.616285595638757,4.352250917638941
m2_6_0.5k.tif,587,10.974895941727366,12.39029101787075,4.361553962254826,3.7381374389340927
m2_6_0.5k.tif,588,8.86121227887617,11.249796277092349,3.8253358792359426,3.3589352312537866
m2_6_0.5k.tif,589,8.698621227887617,11.249796229024087,4.151463766527017,3.327976642348809
m2_6_0.5k.tif,590,13.251170655567117,14.003194243677202,4.9219982321506865,4.107543608131535
m2_6_0.5k.tif,591,4.30866285119667,8.496398262439236,3.0708762523644793,2.342212613550477
m2_6_0.5k.tif,592,12.031737773152965,12.960538364225819,4.20980101165748,3.913985733834775
m2_6_0.5k.tif,593,6.747528616024973,10.915753101148914,3.9713136297564935,2.9310783447658166
m2_6_0.5k.tif,594,11.543964620187305,12.960538460362342,4.20980101165748,3.833827364064025
m2_6_0.5k.tif,595,12.43821540062435,14.003194291745462,4.9219982321506865,3.9795511950481095
m2_6_0.5k.tif,596,8.210848074921955,12.056247889995575,4.342874844463309,3.2333228210005904
m2_6_0.5k.tif,597,9.674167533818938,11.917882580910959,4.032258064516129,3.5096342639157316
m2_6_0.5k.tif,598,13.251170655567117,14.3372374676889,4.719637060774042,4.107543608131535
m2_6_0.5k.tif,599,10.080645161290322,12.76486054543526,4.597481552819104,3.582607438137482
m2_6_0.5k.tif,600,11.625260145681581,12.862699502898801,4.361553962254826,3.8473030729740345
m2_6_0.5k.tif,601,12.113033298647242,13.196742630773976,4.702380560359114,3.9271863977320303
m2_6_0.5k.tif,602,13.90153485952133,14.3372374676889,4.719637060774042,4.207134882037529
m2_6_0.5k.tif,603,8.61732570239334,11.486000495572243,4.151463766527017,3.3123888440444174
m2_6_0.5k.tif,604,12.356919875130073,14.10103315307248,4.872195957094585,3.9665248059402702
m2_6_0.5k.tif,605,6.178459937565036,9.873097269765793,3.7175582489084222,2.8047565880250196
m2_6_0.5k.tif,606,14.226716961498438,14.3372374676889,4.719637060774042,4.256056699238662
m2_6_0.5k.tif,607,5.202913631633715,8.73260248091913,2.9077026415032172,2.573821163880211
m2_6_0.5k.tif,608,6.097164412070759,9.77525831230225,3.606561254031919,2.786243140897867
m2_6_0.5k.tif,609,11.300078043704474,12.724334193814185,4.597481552819104,3.793112999086383
m2_6_0.5k.tif,610,14.308012486992714,14.573441638100531,5.257421294518266,4.268199539033248
m2_6_0.5k.tif,611,12.92598855359001,14.003194243677202,4.9219982321506865,4.056831248798115
m2_6_0.5k.tif,612,16.502991675338187,15.477732160399038,5.616285595638757,4.583913350781816
m2_6_0.5k.tif,613,10.649713839750259,12.39029101787075,4.151463766527017,3.6823412119035606
m2_6_0.5k.tif,614,12.763397502601457,13.669151115802027,4.702380560359114,4.031235843446299
m2_6_0.5k.tif,615,5.690686784599375,9.873097269765793,3.4686795431623496,2.691766604082478
m2_6_0.5k.tif,616,13.738943808532778,14.003194291745462,4.719637060774042,4.182459391305343
m2_6_0.5k.tif,617,13.90153485952133,14.337237419620637,4.905453653466306,4.207134882037529
m2_6_0.5k.tif,618,19.917403746097815,17.090635482342012,5.484463914812679,5.035834198818306
m2_6_0.5k.tif,619,13.007284079084286,14.90748486211223,5.484463914812679,4.069568583903484
m2_6_0.5k.tif,620,7.723074921956295,12.528656326955364,4.597481552819104,3.135813195582158
m2_6_0.5k.tif,621,7.316597294484911,10.541183573584403,3.804024650022824,3.052176437927613
m2_6_0.5k.tif,622,16.01521852237253,15.143689080592125,5.1638098688974585,4.515662691151737
m2_6_0.5k.tif,623,14.95837669094693,14.573441541964009,5.052404873444221,4.364126112746782
m2_6_0.5k.tif,624,11.056191467221643,13.294581588237516,5.052404873444221,3.751956848130063
m2_6_0.5k.tif,625,12.031737773152965,13.905355334281921,4.702380560359114,3.913985733834775
m2_6_0.5k.tif,626,7.2353017689906345,10.443344664189123,3.804024650022824,3.035172537166735
m2_6_0.5k.tif,627,7.723074921956295,10.443344664189123,3.8253358792359426,3.135813195582158
m2_6_0.5k.tif,628,12.844693028095733,13.432946897322132,4.508201567539899,4.04405379580385
m2_6_0.5k.tif,629,9.105098855359001,11.486000495572243,4.151463766527017,3.4048453593909294
m2_6_0.5k.tif,630,10.40582726326743,12.29245210847547,4.361553962254826,3.6399327970822988
m2_6_0.5k.tif,631,7.397892819979188,10.109301488245688,3.4686795431623496,3.0690861320774023
m2_6_0.5k.tif,632,10.812304890738814,12.390291065939012,4.151463766527017,3.7103442099921216
m2_6_0.5k.tif,633,16.828173777315296,15.616097469483652,5.241935483870968,4.628854752414806
m2_6_0.5k.tif,634,8.779916753381894,11.151957319628808,3.804024650022824,3.34349176907744
m2_6_0.5k.tif,635,11.543964620187305,12.96053841229408,4.342874844463309,3.833827364064025
m2_6_0.5k.tif,636,4.064776274713839,7.926150868015904,2.704920940523939,2.2749579981764367
m2_6_0.5k.tif,637,10.89360041623309,12.960538460362342,4.20980101165748,3.724266751253379
m2_6_0.5k.tif,638,11.462669094693027,13.196742678842236,4.597481552819104,3.820304121346463
m2_6_0.5k.tif,639,4.064776274713839,8.398559304975695,2.9077026415032172,2.2749579981764367
m2_6_0.5k.tif,640,8.37343912591051,11.249796277092349,4.032258064516129,3.265178987519964
m2_6_0.5k.tif,641,7.397892819979188,10.915753101148914,3.9713136297564935,3.0690861320774023
m2_6_0.5k.tif,642,9.34898543184183,12.056247889995575,4.032258064516129,3.450144628124155
m2_6_0.5k.tif,643,12.275624349635795,14.141559552761816,5.257421294518266,3.953455495926337
m2_6_0.5k.tif,644,13.332466181061394,15.713936426947194,4.719637060774042,4.120124169314751
m2_6_0.5k.tif,645,3.3331165452653484,7.355903473592574,2.5819049344487293,2.0600620846573756
m2_6_0.5k.tif,646,12.844693028095733,14.573441686168794,5.241935483870968,4.04405379580385
m2_6_0.5k.tif,647,13.657648283038501,14.101033201140742,4.872195957094585,4.170066891795493
m2_6_0.5k.tif,648,14.064125910509885,14.003194291745462,4.702380560359114,4.231666488677435
m2_6_0.5k.tif,649,8.536030176899063,11.249796277092349,3.804024650022824,3.2967273433331687
m2_6_0.5k.tif,650,8.779916753381894,11.34763518648763,3.8253358792359426,3.34349176907744
m2_6_0.5k.tif,651,13.576352757544225,14.003194243677202,4.872195957094585,4.157637454634492
m2_6_0.5k.tif,652,12.275624349635795,13.196742678842236,4.361553962254826,3.953455495926337
m2_6_0.5k.tif,653,7.885665972944849,11.249796277092349,3.9713136297564935,3.1686498312886933
m2_6_0.5k.tif,654,6.015868886576483,9.539054093822356,3.4686795431623496,2.767605853861975
m2_6_0.5k.tif,655,9.511576482830385,11.72220471405214,4.151463766527017,3.480016567591689
m2_6_0.5k.tif,656,16.42169614984391,15.713936475015457,5.257421294518266,4.57260898498947
m2_6_0.5k.tif,657,10.161940686784598,12.056247889995575,4.151463766527017,3.5970244277273613
m2_6_0.5k.tif,658,11.86914672216441,13.432946897322132,4.508201567539899,3.88744993137191
m2_6_0.5k.tif,659,12.275624349635795,13.530785854785673,4.702380560359114,3.953455495926337
m2_6_0.5k.tif,660,9.186394380853278,12.862699502898801,4.361553962254826,3.420011783493631
m2_6_0.5k.tif,661,11.543964620187305,12.626495284418906,4.151463766527017,3.833827364064025
m2_6_0.5k.tif,662,10.731009365244537,12.154086799390855,4.342874844463309,3.6963692292238233
m2_6_0.5k.tif,663,14.795785639958376,14.573441638100531,4.872195957094585,4.340343232075047
m2_6_0.5k.tif,664,17.47853798126951,15.477732160399038,5.484463914812679,4.717453311046951
m2_6_0.5k.tif,665,7.804370447450572,10.679548882669017,3.804024650022824,3.152274270341419
m2_6_0.5k.tif,666,13.657648283038501,14.101033201140742,4.872195957094585,4.170066891795493
m2_6_0.5k.tif,667,7.072710718002081,10.109301488245688,3.606561254031919,3.000875701296619
m2_6_0.5k.tif,668,8.129552549427679,11.013592010544192,3.9713136297564935,3.2172764548502637
m2_6_0.5k.tif,669,14.308012486992714,14.101033249209005,4.872195957094585,4.268199539033248
m2_6_0.5k.tif,670,8.37343912591051,10.915753101148914,3.804024650022824,3.265178987519964
m2_6_0.5k.tif,671,13.088579604578563,13.669151115802027,4.719637060774042,4.082266176643011
m2_6_0.5k.tif,672,14.551899063475545,14.003194243677202,4.702380560359114,4.304422532536931
m2_6_0.5k.tif,673,10.812304890738814,12.862699502898801,4.151463766527017,3.7103442099921216
m2_6_0.5k.tif,674,9.105098855359001,11.82004367151568,3.8253358792359426,3.4048453593909294
m2_6_0.5k.tif,675,7.723074921956295,12.528656326955364,4.151463766527017,3.135813195582158
m2_6_0.5k.tif,676,7.397892819979188,10.443344664189123,3.4686795431623496,3.0690861320774023
m2_6_0.5k.tif,677,3.983480749219563,8.496398262439236,3.2509103823784473,2.2520935183951845
m2_6_0.5k.tif,678,14.714490114464098,14.337237371552375,4.719637060774042,4.328402787905756
m2_6_0.5k.tif,679,8.698621227887617,11.249796229024087,4.032258064516129,3.327976642348809
m2_6_0.5k.tif,680,5.446800208116545,9.302849875342462,3.4686795431623496,2.6334542747588574
m2_6_0.5k.tif,681,7.560483870967742,10.443344664189123,3.804024650022824,3.1026290532141463
m2_6_0.5k.tif,682,12.519510926118626,13.432946897322132,4.597481552819104,3.992535083362221
m2_6_0.5k.tif,683,10.974895941727366,13.196742630773976,4.508201567539899,3.7381374389340927
m2_6_0.5k.tif,684,7.966961498439126,11.486000495572243,4.151463766527017,3.1849411974470114
m2_6_0.5k.tif,685,5.202913631633715,9.20501091787892,3.2509103823784473,2.573821163880211
m2_6_0.5k.tif,686,9.105098855359001,11.681678410499327,4.342874844463309,3.4048453593909294
m2_6_0.5k.tif,687,9.836758584807491,12.39029101787075,4.597481552819104,3.5390041003352906
m2_6_0.5k.tif,688,16.096514047866805,15.241527989987404,5.409841881047878,4.527109256261558
m2_6_0.5k.tif,689,6.341050988553589,10.207140397640966,3.804024650022824,2.841421629010455
m2_6_0.5k.tif,690,11.218782518210197,12.96053841229408,4.872195957094585,3.7794440789577446
m2_6_0.5k.tif,691,7.885665972944849,10.915753101148914,3.7175582489084222,3.1686498312886933
m2_6_0.5k.tif,692,19.99869927159209,17.326839652753645,6.259747861395171,5.046100945864771
m2_6_0.5k.tif,693,8.454734651404786,11.486000495572243,3.8253358792359426,3.280991084780822
m2_6_0.5k.tif,694,3.6582986472424555,7.355903473592574,2.5819049344487293,2.158214656636417
m2_6_0.5k.tif,695,12.519510926118626,13.294581588237516,4.342874844463309,3.992535083362221
m2_6_0.5k.tif,696,12.519510926118626,13.43294684925387,4.597481552819104,3.992535083362221
m2_6_0.5k.tif,697,11.218782518210197,12.626495236350644,4.361553962254826,3.7794440789577446
m2_6_0.5k.tif,698,8.129552549427679,12.29245210847547,4.719637060774042,3.2172764548502637
m2_6_0.5k.tif,699,13.738943808532778,15.282054341608479,5.1638098688974585,4.182459391305343
m2_6_0.5k.tif,700,6.341050988553589,9.873097269765793,3.7175582489084222,2.841421629010455
m2_6_0.5k.tif,701,10.324531737773153,12.056247889995575,4.032258064516129,3.6256864300992757
m2_6_0.5k.tif,702,16.42169614984391,15.241527989987404,5.303607434663672,4.57260898498947
m2_6_0.5k.tif,703,8.454734651404786,11.34763518648763,4.151463766527017,3.280991084780822
m2_6_0.5k.tif,704,10.243236212278875,12.626495284418906,4.597481552819104,3.6113838637753104
m2_6_0.5k.tif,705,5.1216181061394375,9.77525831230225,3.4451628005312624,2.5536340195431966
m2_6_0.5k.tif,706,10.080645161290322,12.154086847459116,4.361553962254826,3.582607438137482
m2_6_0.5k.tif,707,10.080645161290322,11.82004367151568,3.9713136297564935,3.582607438137482
m2_6_0.5k.tif,708,6.991415192507804,9.873097221697531,3.4686795431623496,2.9835794436822254
m2_6_0.5k.tif,709,23.73829344432882,20.080237763543284,7.532879714624761,5.497684415992512
m2_6_0.5k.tif,710,15.933922996878252,14.90748486211223,5.241935483870968,4.504187036790369
m2_6_0.5k.tif,711,14.95837669094693,14.573441638100531,4.719637060774042,4.364126112746782
m2_6_0.5k.tif,712,12.356919875130073,12.96053841229408,4.342874844463309,3.9665248059402702
m2_6_0.5k.tif,713,12.600806451612902,13.669151115802027,5.052404873444221,4.0054768841858905
m2_6_0.5k.tif,714,8.048257023933402,11.388161538108703,4.151463766527017,3.201149654274936
m2_6_0.5k.tif,715,6.666233090530697,9.873097269765793,3.2509103823784473,2.9133677394530513
m2_6_0.5k.tif,716,10.243236212278875,13.098903721378695,4.342874844463309,3.6113838637753104
m2_6_0.5k.tif,717,10.243236212278875,12.154086751322593,4.20980101165748,3.6113838637753104
m2_6_0.5k.tif,718,11.543964620187305,13.432946897322132,4.361553962254826,3.833827364064025
m2_6_0.5k.tif,719,12.113033298647242,13.196742678842236,4.286349118038165,3.9271863977320303
m2_6_0.5k.tif,720,15.527445369406868,15.143689080592125,5.052404873444221,4.446364523185623
m2_6_0.5k.tif,721,14.95837669094693,14.57344159003227,5.257421294518266,4.364126112746782
m2_6_0.5k.tif,722,9.511576482830385,12.056247889995575,4.151463766527017,3.480016567591689
m2_6_0.5k.tif,723,7.479188345473465,11.013592058612454,4.151463766527017,3.085903168276537
m2_6_0.5k.tif,724,9.023803329864723,11.583839404967524,3.8253358792359426,3.389611075550793
m2_6_0.5k.tif,725,7.2353017689906345,9.970936179161072,3.4451628005312624,3.035172537166735
m2_6_0.5k.tif,726,11.543964620187305,13.432946897322132,4.597481552819104,3.833827364064025
m2_6_0.5k.tif,727,13.332466181061394,13.766990073265568,4.719637060774042,4.120124169314751
m2_6_0.5k.tif,728,9.023803329864723,12.056247841927313,4.286349118038165,3.389611075550793
m2_6_0.5k.tif,729,6.8288241415192505,10.345505706725582,3.4686795431623496,2.9486825771901017
m2_6_0.5k.tif,730,12.600806451612902,13.530785806717411,4.702380560359114,4.0054768841858905
m2_6_0.5k.tif,731,12.43821540062435,13.530785758649149,4.702380560359114,3.9795511950481095
m2_6_0.5k.tif,732,10.324531737773153,12.862699502898801,4.342874844463309,3.6256864300992757
m2_6_0.5k.tif,733,13.982830385015609,14.239398510225358,4.855481684996893,4.219418513672977
m2_6_0.5k.tif,734,12.92598855359001,14.003194291745462,4.9219982321506865,4.056831248798115
m2_6_0.5k.tif,735,11.787851196670134,13.196742678842236,4.361553962254826,3.874113871720103
m2_6_0.5k.tif,736,18.779266389177938,16.756592306398577,5.8154052830064344,4.88983686719887
m2_6_0.5k.tif,737,13.820239334027054,14.573441686168794,5.100447838981258,4.194815280532338
m2_6_0.5k.tif,738,16.17780957336108,15.616097517551914,5.257421294518266,4.538526952216811
m2_6_0.5k.tif,739,14.95837669094693,14.907484814043968,5.241935483870968,4.364126112746782
m2_6_0.5k.tif,740,12.194328824141518,12.96053841229408,4.342874844463309,3.9403428379267735
m2_6_0.5k.tif,741,11.787851196670134,13.196742678842236,4.597481552819104,3.874113871720103
m2_6_0.5k.tif,742,6.259755463059313,9.636893003217637,3.2509103823784473,2.823148631570624
m2_6_0.5k.tif,743,5.528095733610821,9.066645656862567,3.4451628005312624,2.653034130032073
m2_6_0.5k.tif,744,3.4144120707596253,7.926150868015904,3.0708762523644793,2.0850334458977464
m2_6_0.5k.tif,745,12.031737773152965,13.432946897322132,4.597481552819104,3.913985733834775
m2_6_0.5k.tif,746,14.633194588969822,14.711806947185147,5.1638098688974585,4.316429313272834
m2_6_0.5k.tif,747,13.982830385015609,14.239398462157096,5.052404873444221,4.219418513672977
m2_6_0.5k.tif,748,13.41376170655567,13.530785710580888,4.719637060774042,4.132666433241486
m2_6_0.5k.tif,749,11.706555671175858,12.96053841229408,4.508201567539899,3.860731745820316
m2_6_0.5k.tif,750,7.316597294484911,10.345505706725582,3.7175582489084222,3.052176437927613
m2_6_0.5k.tif,751,10.243236212278875,12.29245210847547,4.508201567539899,3.6113838637753104
m2_6_0.5k.tif,752,10.40582726326743,12.626495236350644,4.342874844463309,3.6399327970822988
m2_6_0.5k.tif,753,6.991415192507804,10.345505706725582,3.606561254031919,2.9835794436822254
m2_6_0.5k.tif,754,14.633194588969822,14.239398510225358,4.702380560359114,4.316429313272834
m2_6_0.5k.tif,755,11.218782518210197,12.960538460362342,4.342874844463309,3.7794440789577446
m2_6_0.5k.tif,756,14.308012486992714,16.186344863906985,5.730915485303184,4.268199539033248
m2_6_0.5k.tif,757,10.974895941727366,12.862699502898801,4.597481552819104,3.7381374389340927
m2_6_0.5k.tif,758,7.397892819979188,10.581709925205477,3.804024650022824,3.0690861320774023
m2_6_0.5k.tif,759,13.332466181061394,13.766990025197305,4.702380560359114,4.120124169314751
m2_6_0.5k.tif,760,13.007284079084286,13.766990025197305,4.9219982321506865,4.069568583903484
m2_6_0.5k.tif,761,6.58493756503642,10.109301488245688,3.4214844250961973,2.8955488093652373
m2_6_0.5k.tif,762,8.37343912591051,11.111430968007733,3.9713136297564935,3.265178987519964
m2_6_0.5k.tif,763,21.54331425598335,18.03545235626159,6.613394946313196,5.237346621656312
m2_6_0.5k.tif,764,13.982830385015609,14.907484814043968,5.484463914812679,4.219418513672977
m2_6_0.5k.tif,765,17.885015608740893,15.713936378878932,5.241935483870968,4.771992155405804
m2_6_0.5k.tif,766,13.495057232049946,13.766990025197305,4.508201567539899,4.145170747545901
m2_6_0.5k.tif,767,5.7719823100936525,9.302849875342462,3.4451628005312624,2.7109253270282188
m2_6_0.5k.tif,768,4.7151404786680535,9.873097269765793,3.4451628005312624,2.450204749897782
m2_6_0.5k.tif,769,5.3655046826222685,9.873097269765793,3.4686795431623496,2.6137277477534573
m2_6_0.5k.tif,770,6.015868886576483,9.539054093822356,3.4686795431623496,2.767605853861975
m2_6_0.5k.tif,771,16.42169614984391,15.852301736031809,5.409841881047878,4.57260898498947
m2_6_0.5k.tif,772,16.42169614984391,15.37989329907202,5.052404873444221,4.57260898498947
m2_6_0.5k.tif,773,15.69003642039542,15.282054341608479,5.257421294518266,4.4695832947582925
m2_6_0.5k.tif,774,5.7719823100936525,9.77525831230225,3.606561254031919,2.7109253270282188
m2_6_0.5k.tif,775,14.145421436004161,14.10103315307248,4.719637060774042,4.243879115769552
m2_6_0.5k.tif,776,10.243236212278875,12.29245210847547,4.361553962254826,3.6113838637753104
m2_6_0.5k.tif,777,18.29149323621228,16.756592306398577,5.773314944869497,4.825914682275395
m2_6_0.5k.tif,778,17.23465140478668,15.713936426947194,5.6017919312297595,4.684425227100954
m2_6_0.5k.tif,779,4.796436004162331,8.496398262439236,2.9077026415032172,2.4712369360890896
m2_6_0.5k.tif,780,11.950442247658689,13.196742582705713,4.719637060774042,3.9007403972570134
m2_6_0.5k.tif,781,10.161940686784598,12.390291065939012,4.361553962254826,3.5970244277273613
m2_6_0.5k.tif,782,15.608740894901144,14.90748486211223,5.052404873444221,4.4579890254365875
m2_6_0.5k.tif,783,5.040322580645161,9.066645608794305,3.4686795431623496,2.533286013836378
m2_6_0.5k.tif,784,36.33909989594173,23.737926348563164,8.629409096384151,6.802086371665273
m2_6_0.5k.tif,785,4.146071800208117,7.68994664953601,2.704920940523939,2.2975949537149227
m2_6_0.5k.tif,786,18.94185744016649,16.422549130455142,5.484463914812679,4.910959370994219
m2_6_0.5k.tif,787,20.48647242455775,16.854431167725593,5.616285595638757,5.107268039086393
m2_6_0.5k.tif,788,15.527445369406868,15.143689080592125,5.257421294518266,4.446364523185623
m2_6_0.5k.tif,789,10.161940686784598,12.528656326955364,4.361553962254826,3.5970244277273613
m2_6_0.5k.tif,790,8.61732570239334,11.820043623447418,3.9713136297564935,3.3123888440444174
m2_6_0.5k.tif,791,11.86914672216441,13.766990073265568,4.597481552819104,3.88744993137191
m2_6_0.5k.tif,792,9.186394380853278,11.583839453035786,3.8253358792359426,3.420011783493631
m2_6_0.5k.tif,793,8.37343912591051,11.249796277092349,3.9713136297564935,3.265178987519964
m2_6_0.5k.tif,794,12.275624349635795,13.530785806717411,4.719637060774042,3.953455495926337
m2_6_0.5k.tif,795,6.097164412070759,10.109301488245688,3.804024650022824,2.786243140897867
m2_6_0.5k.tif,796,12.275624349635795,14.003194291745462,5.132226637644297,3.953455495926337
m2_6_0.5k.tif,797,16.259105098855358,15.379893251003757,5.132226637644297,4.5499159963528735
m2_6_0.5k.tif,798,6.58493756503642,10.109301488245688,3.7175582489084222,2.8955488093652373
m2_6_0.5k.tif,799,9.267689906347554,11.347635138419367,3.8253358792359426,3.4351112466854152
m2_6_0.5k.tif,800,8.37343912591051,11.249796277092349,4.20980101165748,3.265178987519964
m2_6_0.5k.tif,801,9.511576482830385,11.917882532842698,3.9713136297564935,3.480016567591689
m2_6_0.5k.tif,802,7.641779396462018,11.486000495572243,3.8253358792359426,3.1192652531834875
m2_6_0.5k.tif,803,12.92598855359001,13.669151115802027,4.597481552819104,4.056831248798115
m2_6_0.5k.tif,804,17.885015608740893,15.713936378878932,5.257421294518266,4.771992155405804
m2_6_0.5k.tif,805,14.308012486992714,15.045850123128583,5.052404873444221,4.268199539033248
m2_6_0.5k.tif,806,12.844693028095733,13.766990073265568,4.719637060774042,4.04405379580385
m2_6_0.5k.tif,807,12.92598855359001,13.530785806717411,4.342874844463309,4.056831248798115
m2_6_0.5k.tif,808,9.91805411030177,12.29245210847547,4.561979233461598,3.553597993591753
m2_6_0.5k.tif,809,14.389308012486993,14.337237419620637,5.1638098688974585,4.280307930847145
m2_6_0.5k.tif,810,6.747528616024973,10.109301488245688,3.804024650022824,2.9310783447658166
m2_6_0.5k.tif,811,12.844693028095733,13.766990025197305,4.508201567539899,4.04405379580385
m2_6_0.5k.tif,812,16.584287200832467,15.713936475015457,5.100447838981258,4.5951899074298455
m2_6_0.5k.tif,813,16.259105098855358,15.852301736031809,5.8154052830064344,4.5499159963528735
m2_6_0.5k.tif,814,15.852627471383974,15.143689032523863,5.257421294518266,4.492682070269503
m2_6_0.5k.tif,815,10.161940686784598,12.056247889995575,4.032258064516129,3.5970244277273613
m2_6_0.5k.tif,816,20.079994797086368,17.090635482342012,5.994382559402624,5.056346846659818
m2_6_0.5k.tif,817,6.503642039542143,9.873097269765793,3.606561254031919,2.877619542181889
m2_6_0.5k.tif,818,6.178459937565036,10.207140397640966,4.032258064516129,2.8047565880250196
m2_6_0.5k.tif,819,15.933922996878252,15.379893251003757,5.6017919312297595,4.504187036790369
m2_6_0.5k.tif,820,10.568418314255982,14.239398510225358,4.9219982321506865,3.668259549570347
m2_6_0.5k.tif,821,9.755463059313215,11.82004367151568,4.151463766527017,3.5243497761034814
m2_6_0.5k.tif,822,13.738943808532778,16.756592306398577,5.100447838981258,4.182459391305343
m2_6_0.5k.tif,823,4.877731529656607,8.260193995891079,2.9077026415032172,2.492091625956062
m2_6_0.5k.tif,824,12.194328824141518,13.766990025197305,4.987627772924589,3.9403428379267735
m2_6_0.5k.tif,825,15.933922996878252,16.186344863906985,5.424848406078109,4.504187036790369
m2_6_0.5k.tif,826,9.105098855359001,11.486000447503983,4.286349118038165,3.4048453593909294
m2_6_0.5k.tif,827,11.056191467221643,12.626495284418906,4.361553962254826,3.751956848130063
m2_6_0.5k.tif,828,14.145421436004161,14.573441686168794,5.100447838981258,4.243879115769552
m2_6_0.5k.tif,829,10.649713839750259,12.390291065939012,4.032258064516129,3.6823412119035606
m2_6_0.5k.tif,830,13.007284079084286,13.432946897322132,4.508201567539899,4.069568583903484
m2_6_0.5k.tif,831,12.113033298647242,13.196742630773976,4.597481552819104,3.9271863977320303
m2_6_0.5k.tif,832,5.934573361082205,9.302849875342462,3.4686795431623496,2.748842207996256
m2_6_0.5k.tif,833,9.836758584807491,12.056247841927313,4.508201567539899,3.5390041003352906
m2_6_0.5k.tif,834,10.243236212278875,12.154086799390855,3.9713136297564935,3.6113838637753104
m2_6_0.5k.tif,835,14.633194588969822,14.573441638100531,4.855481684996893,4.316429313272834
m2_6_0.5k.tif,836,16.99076482830385,15.4777322084673,5.241935483870968,4.651162615378204
m2_6_0.5k.tif,837,10.40582726326743,13.098903721378695,4.597481552819104,3.6399327970822988
m2_6_0.5k.tif,838,11.38137356919875,12.626495236350644,4.151463766527017,3.80673283823641
m2_6_0.5k.tif,839,15.527445369406868,14.809645904648688,4.9219982321506865,4.446364523185623
m2_6_0.5k.tif,840,3.902185223725286,8.73260248091913,3.4451628005312624,2.2289945127182937
m2_6_0.5k.tif,841,8.292143600416233,11.82004367151568,4.286349118038165,3.2492899443836274
m2_6_0.5k.tif,842,15.852627471383974,15.1436889844556,5.241935483870968,4.492682070269503
m2_6_0.5k.tif,843,21.21813215400624,17.89708709524524,6.375559798726571,5.19766918184463
m2_6_0.5k.tif,844,7.966961498439126,10.679548882669017,3.804024650022824,3.1849411974470114
m2_6_0.5k.tif,845,11.86914672216441,12.96053841229408,4.597481552819104,3.88744993137191
m2_6_0.5k.tif,846,17.23465140478668,15.713936475015457,5.257421294518266,4.684425227100954
m2_6_0.5k.tif,847,12.031737773152965,13.432946897322132,4.597481552819104,3.913985733834775
m2_6_0.5k.tif,848,11.056191467221643,13.098903721378695,4.872195957094585,3.751956848130063
m2_6_0.5k.tif,849,5.284209157127991,10.109301488245688,3.9713136297564935,2.5938512026535028
m2_6_0.5k.tif,850,13.820239334027054,14.907484765975706,5.257421294518266,4.194815280532338
m2_6_0.5k.tif,851,12.682101977107179,13.766990073265568,4.508201567539899,4.0183770041668385
m2_6_0.5k.tif,852,7.397892819979188,11.249796277092349,4.032258064516129,3.0690861320774023
m2_6_0.5k.tif,853,12.763397502601457,13.669151115802027,4.597481552819104,4.031235843446299
m2_6_0.5k.tif,854,9.674167533818938,11.583839404967524,3.9713136297564935,3.5096342639157316
m2_6_0.5k.tif,855,11.462669094693027,13.530785806717411,4.719637060774042,3.820304121346463
m2_6_0.5k.tif,856,5.853277835587929,10.345505706725582,3.606561254031919,2.729949597811724
m2_6_0.5k.tif,857,7.072710718002081,10.44334461612086,4.032258064516129,3.000875701296619
m2_6_0.5k.tif,858,17.559833506763788,15.713936475015457,5.409841881047878,4.728411405512128
m2_6_0.5k.tif,859,10.161940686784598,12.390291065939012,4.286349118038165,3.5970244277273613
m2_6_0.5k.tif,860,13.820239334027054,13.766989977129045,4.719637060774042,4.194815280532338
m2_6_0.5k.tif,861,5.934573361082205,10.109301488245688,3.7175582489084222,2.748842207996256
m2_6_0.5k.tif,862,13.820239334027054,14.101033249209005,4.597481552819104,4.194815280532338
m2_6_0.5k.tif,863,19.592221644120706,17.09063543427375,5.484463914812679,4.994556173125962
m2_6_0.5k.tif,864,12.600806451612902,13.530785854785673,4.702380560359114,4.0054768841858905
m2_6_0.5k.tif,865,18.616675338189385,16.284183869438788,5.257421294518266,4.868622724352195
m2_6_0.5k.tif,866,9.186394380853278,12.056247841927313,4.855481684996893,3.420011783493631
m2_6_0.5k.tif,867,19.99869927159209,17.326839700821907,5.8710563623229985,5.046100945864771
m2_6_0.5k.tif,868,6.015868886576483,9.873097221697531,3.804024650022824,2.767605853861975
m2_6_0.5k.tif,869,9.999349635796046,12.056247889995575,4.032258064516129,3.5681321973728317
m2_6_0.5k.tif,870,9.023803329864723,11.249796277092349,3.804024650022824,3.389611075550793
m2_6_0.5k.tif,871,15.283558792924037,15.37989329907202,4.855481684996893,4.4113072256912345
m2_6_0.5k.tif,872,10.40582726326743,12.154086847459116,3.9713136297564935,3.6399327970822988
m2_6_0.5k.tif,873,6.015868886576483,9.873097269765793,3.606561254031919,2.767605853861975
m2_6_0.5k.tif,874,18.29149323621228,16.284183869438788,5.409841881047878,4.825914682275395
m2_6_0.5k.tif,875,4.959027055150885,8.968806699399025,3.4451628005312624,2.5127732388796384
m2_6_0.5k.tif,876,13.738943808532778,14.3372374676889,5.100447838981258,4.182459391305343
m2_6_0.5k.tif,877,11.300078043704474,14.003194291745462,4.9219982321506865,3.793112999086383
m2_6_0.5k.tif,878,17.153355879292402,15.950140645427089,5.424848406078109,4.673363995071483
m2_6_0.5k.tif,879,7.966961498439126,11.347635138419367,3.9713136297564935,3.1849411974470114
m2_6_0.5k.tif,880,8.86121227887617,11.72220471405214,4.032258064516129,3.3589352312537866
m2_6_0.5k.tif,881,10.080645161290322,12.29245210847547,4.361553962254826,3.582607438137482
m2_6_0.5k.tif,882,10.812304890738814,12.862699502898801,4.561979233461598,3.7103442099921216
m2_6_0.5k.tif,883,12.92598855359001,14.809645904648688,4.9219982321506865,4.056831248798115
m2_6_0.5k.tif,884,13.738943808532778,14.3372374676889,5.052404873444221,4.182459391305343
m2_6_0.5k.tif,885,14.633194588969822,14.573441686168794,4.872195957094585,4.316429313272834
m2_6_0.5k.tif,886,15.608740894901144,15.241527893850881,5.3797032516638446,4.4579890254365875
m2_6_0.5k.tif,887,20.81165452653486,17.99492600464052,5.8710563623229985,5.147642327760422
m2_6_0.5k.tif,888,12.113033298647242,13.530785806717411,4.597481552819104,3.9271863977320303
m2_6_0.5k.tif,889,15.608740894901144,15.241527941919143,5.409841881047878,4.4579890254365875
m2_6_0.5k.tif,890,9.836758584807491,12.39029101787075,4.508201567539899,3.5390041003352906
m2_6_0.5k.tif,891,14.95837669094693,14.90748486211223,4.855481684996893,4.364126112746782
m2_6_0.5k.tif,892,17.96631113423517,16.42254908238688,5.730915485303184,4.782825295693318
m2_6_0.5k.tif,893,18.69797086368366,16.658753348935036,5.8154052830064344,4.879241325241859
m2_6_0.5k.tif,894,14.714490114464098,15.950140693495351,5.409841881047878,4.328402787905756
m2_6_0.5k.tif,895,12.275624349635795,13.196742630773976,4.361553962254826,3.953455495926337
m2_6_0.5k.tif,896,27.80306971904266,23.97413042283827,8.806584543484497,5.949787208910405
m2_6_0.5k.tif,897,18.29149323621228,17.229000743358366,6.2985884483118175,4.825914682275395
m2_6_0.5k.tif,898,8.86121227887617,11.583839453035786,4.361553962254826,3.3589352312537866
m2_6_0.5k.tif,899,10.89360041623309,12.488130023402553,4.112112510961923,3.724266751253379
m2_6_0.5k.tif,900,7.479188345473465,10.679548834600757,4.032258064516129,3.085903168276537
m2_7_0.5k.tif,1,9.404612625196428,12.970656940186641,4.5512588282055235,3.4603937199855834
m2_7_0.5k.tif,2,16.28942397739719,16.041217405957532,5.140831832894,4.554156208232128
m2_7_0.5k.tif,3,10.099046046888146,12.59227150464913,4.309423835215924,3.5858757355769186
m2_7_0.5k.tif,4,11.686322439326362,13.252372784443587,4.309423835215924,3.857393921065907
m2_7_0.5k.tif,5,20.019523499626995,17.799868217977394,6.178510924012281,5.048727462091805
m2_7_0.5k.tif,6,12.975984508182412,13.932494979455653,4.476534871363393,4.064669310988127
m2_7_0.5k.tif,7,14.404533261376807,14.495926620475801,4.688686173681203,4.282571817475793
m2_7_0.5k.tif,8,2.619006047523056,7.199628538344486,2.4640073459866496,1.8260947586603749
m2_7_0.5k.tif,9,18.471929016999734,16.371267962740713,5.29296026118981,4.849658801605014
m2_7_0.5k.tif,10,14.02755511817273,15.409429899724833,4.789169434331199,4.226161129489699
m2_7_0.5k.tif,11,12.698211139505725,15.827857308178785,4.701364032352967,4.020928321944479
m2_7_0.5k.tif,12,18.51161092681069,15.972861635732462,5.2288465133094375,4.854865092746337
m2_7_0.5k.tif,13,8.53161060935541,12.640606288415979,4.221039860640855,3.295873785221965
m2_7_0.5k.tif,14,19.36477198774623,16.818009192250166,5.665921375827846,4.965480185196418
m2_7_0.5k.tif,15,19.682227266233873,19.60685381376411,5.735529899955367,5.006015389891807
m2_7_0.5k.tif,16,12.241869176679737,13.650779087704967,4.863169568021395,3.948016202755902
m2_7_0.5k.tif,17,5.85308169711592,9.871782653360254,3.267175192600942,2.7299038582583064
m2_7_0.5k.tif,18,5.555467373533754,10.08514277488587,3.673125281789995,2.659594094870337
m2_7_0.5k.tif,19,10.277614641037445,13.204037976929866,4.1594846649046024,3.6174390646585826
m2_7_0.5k.tif,20,3.908668116379106,8.04477607111532,2.709456276640527,2.2308453135570336
m2_7_0.5k.tif,21,18.908430024920243,16.9346996512546,5.60961268538993,4.906624179268892
m2_7_0.5k.tif,22,11.19029856668942,13.602444327684989,4.813962539280706,3.7746431159120433
m2_7_0.5k.tif,23,7.2617894954048365,11.51374288764133,4.008886812250619,3.0407231954079346
m2_7_0.5k.tif,24,9.226044031047127,12.125509359922068,4.1066789099777505,3.4273844403272022
m2_7_0.5k.tif,25,15.952127744004066,15.361095139704855,5.262886379929445,4.506759353053244
m2_7_0.5k.tif,26,15.218012412501391,15.642811031455539,5.29296026118981,4.401837706670627
m2_7_0.5k.tif,27,13.412485516102922,13.932495026949393,4.663227056063596,4.13246983682759
m2_7_0.5k.tif,28,14.602942810431584,14.729307775953378,4.701364032352967,4.311965242873315
m2_7_0.5k.tif,29,14.126759892700118,14.56428239070087,5.102091025842908,4.2410787936991285
m2_7_0.5k.tif,30,13.194235012142666,14.845998258704684,5.140831832894,4.098709770158076
m2_7_0.5k.tif,31,15.257694322312348,14.914354028929754,4.919955790927677,4.407573002532034
m2_7_0.5k.tif,32,13.670417929874132,13.884160171941932,4.454318680278466,4.172015903777495
m2_7_0.5k.tif,33,19.26556721321884,16.53629327675261,5.74935047396885,4.952744898298663
m2_7_0.5k.tif,34,8.69033824859923,11.843793539411994,3.831749813081941,3.3263917861913166
m2_7_0.5k.tif,35,11.150616656878464,13.135682254198539,4.542531574100152,3.7679445425483986
m2_7_0.5k.tif,36,15.634672465516424,17.119745975471588,5.102091025842908,4.461690627114067
m2_7_0.5k.tif,37,14.940239043824704,14.680972944692789,4.818082319700329,4.361479468986856
m2_7_0.5k.tif,38,12.876779733655024,13.719134857930037,4.735005706774786,4.049101772706373
m2_7_0.5k.tif,39,16.487833526451965,15.972861588238722,5.623742714539086,4.581807683970252
m2_7_0.5k.tif,40,12.757734004222158,14.845998234957815,4.992017564199868,4.030341354697902
m2_7_0.5k.tif,41,10.93236615291821,13.08734747043169,4.735005706774786,3.730887415001917
m2_7_0.5k.tif,42,15.098966683068525,15.409429923471702,5.090411290510215,4.384586806703861
m2_7_0.5k.tif,43,5.892763606926875,10.03680796737215,3.5298894714480777,2.7391421379905627
m2_7_0.5k.tif,44,8.769702068221141,12.873987372652945,4.373406055796843,3.341546269140217
m2_7_0.5k.tif,45,8.749861113315664,11.795458779392016,3.8265682693821805,3.3377640989761304
m2_7_0.5k.tif,46,17.182266948143685,15.924526780725001,4.992017564199868,4.677300690202897
m2_7_0.5k.tif,47,13.2537578768591,15.457764683491682,5.363709967265443,4.107944576690654
m2_7_0.5k.tif,48,12.261710131585215,13.670800121656928,4.38699512859467,3.9512142722983388
m2_7_0.5k.tif,49,15.23785336740687,15.127714079214758,5.102091025842908,4.404706288080772
m2_7_0.5k.tif,50,10.198250821415535,13.204037953182997,4.221039860640855,3.603445050636143
m2_7_0.5k.tif,51,18.293360422850434,16.25457750373628,5.1945835898029085,4.826160989489092
m2_7_0.5k.tif,52,20.952048380184447,17.779847160278564,5.8008843739287,5.164975947751852
m2_7_0.5k.tif,53,13.055348327804323,14.495926667969542,4.850914606329052,4.07708054387604
m2_7_0.5k.tif,54,15.257694322312348,15.312760355938005,5.140831832894,4.407573002532034
m2_7_0.5k.tif,55,17.99574609926827,16.46793750652754,5.315404009612085,4.7867416444385125
m2_7_0.5k.tif,56,14.741829494769927,15.57445521373673,5.179282868525897,4.332421987120398
m2_7_0.5k.tif,57,13.650576974968654,14.097520222226938,4.542531574100152,4.168987216696806
m2_7_0.5k.tif,58,9.305407850669038,12.05715361344387,4.202195838591432,3.4420943123861174
m2_7_0.5k.tif,59,6.130855065792607,10.366858595395945,3.2973994735551493,2.7939304058632253
m2_7_0.5k.tif,60,13.710099839685087,14.845998234957815,4.863169568021395,4.178066691444054
m2_7_0.5k.tif,61,14.523578990809673,14.729307728459636,4.735005706774786,4.300231982368356
m2_7_0.5k.tif,62,19.20604434850241,16.886364867487753,5.469932357667722,4.945087983287108
m2_7_0.5k.tif,63,15.614831510610946,17.896537833004835,5.102091025842908,4.458858706405324
m2_7_0.5k.tif,64,16.904493579466997,16.0211963482587,5.1677775980369915,4.639339361277534
m2_7_0.5k.tif,65,3.333280424120253,8.161466625107238,2.709456276640527,2.060112727420881
m2_7_0.5k.tif,66,11.091093792162031,12.853966362447853,4.028635142660694,3.757874294138559
m2_7_0.5k.tif,67,13.114871192520756,15.011023525222841,4.663227056063596,4.086364230758857
m2_7_0.5k.tif,68,11.805368168759228,13.952515965913873,4.883526164195723,3.8769913067508908
m2_7_0.5k.tif,69,15.991809653815022,15.292739393226656,5.039486311025306,4.512361293504192
m2_7_0.5k.tif,70,14.583101855526106,14.680972920945917,4.995990519515719,4.309034922967852
m2_7_0.5k.tif,71,9.345089760479995,13.320728530921786,4.309423835215924,3.4494257249784024
m2_7_0.5k.tif,72,14.54341994571515,14.914354028929754,4.899750548306312,4.303168296798842
m2_7_0.5k.tif,73,9.186362121236172,11.960484093403911,3.805771548713705,3.4200057785060958
m2_7_0.5k.tif,74,10.099046046888146,12.387204241467662,4.1066789099777505,3.5858757355769186
m2_7_0.5k.tif,75,22.955984825637692,19.65518855003722,6.136622231374249,5.406335881939101
m2_7_0.5k.tif,76,14.97992095363566,14.680972920945917,4.919955790927677,4.367267765454254
m2_7_0.5k.tif,77,14.741829494769927,17.236436529463507,5.078704694813531,4.332421987120398
m2_7_0.5k.tif,78,13.630736020063177,14.447591884202692,4.5860017662236405,4.165956327734417
m2_7_0.5k.tif,79,15.317217187028781,15.924526875712484,5.090411290510215,4.416161980478313
m2_7_0.5k.tif,80,13.76962270440152,14.165876063692618,4.688686173681203,4.187126478066689
m2_7_0.5k.tif,81,17.003698353994384,16.60464914196516,5.469932357667722,4.6529325323986646
m2_7_0.5k.tif,82,12.420437770829038,13.6024443989256,4.822198580442313,3.976706241695731
m2_7_0.5k.tif,83,15.594990555705468,16.41960274650756,5.817960902992126,4.456024985937084
m2_7_0.5k.tif,84,16.864811669656042,16.391288972945805,5.418912553281054,4.633890927969401
m2_7_0.5k.tif,85,16.130696338153367,16.13788692599749,5.274184181224593,4.531913554101793
m2_7_0.5k.tif,86,15.019602863446615,14.612617150720848,4.850914606329052,4.37304840036761
m2_7_0.5k.tif,87,7.599085728797957,12.358890444159034,3.9690953874843182,3.1105395759800554
m2_7_0.5k.tif,88,8.61097442897732,12.077174576155219,3.954070366788687,3.311167945253942
m2_7_0.5k.tif,89,16.28942397739719,17.09972498901337,6.18493015787252,4.554156208232128
m2_7_0.5k.tif,90,14.97992095363566,15.4777856699499,4.995990519515719,4.367267765454254
m2_7_0.5k.tif,91,16.051332518531456,16.206242696222557,5.078704694813531,4.520751188495967
m2_7_0.5k.tif,92,16.60687925588483,16.206242672475685,5.745898446954564,4.598318756158018
m2_7_0.5k.tif,93,14.007714163267252,15.127714126708499,4.9800796812749,4.223171273346452
m2_7_0.5k.tif,94,12.99582546308789,16.274598418953886,5.179282868525897,4.0677756693406355
m2_7_0.5k.tif,95,9.12683925651974,13.272393747154936,4.258477754269313,3.408907839740201
m2_7_0.5k.tif,96,6.468151299185728,10.881955452649242,4.101844677684064,2.869757135273539
m2_7_0.5k.tif,97,1.4682306630053494,5.50933349654969,2.227159340139233,1.367263449716673
m2_7_0.5k.tif,98,12.083141537435916,14.447591884202692,5.039486311025306,3.9223377761349725
m2_7_0.5k.tif,99,16.78544785003413,18.411634642764394,5.363709967265443,4.622974797546842
m2_7_0.5k.tif,100,9.166521166330694,11.678768249146968,3.75855821994287,3.4163104713453847
m2_7_0.5k.tif,101,3.710258567324329,7.5497001528264995,2.7674191214043438,2.1734875037850494
m2_7_0.5k.tif,102,13.551372200441266,14.845998282451555,4.646176808641674,4.153810656617196
m2_7_0.5k.tif,103,16.646561165695786,16.439623780459524,5.38217373948458,4.603809287971923
m2_7_0.5k.tif,104,16.983857399088908,16.487958516732633,5.363709967265443,4.650217076939836
m2_7_0.5k.tif,105,11.26966238631133,14.63263816092594,4.850914606329052,3.7880047262465273
m2_7_0.5k.tif,106,14.087077982889163,15.05935835648343,4.735005706774786,4.235118033488858
m2_7_0.5k.tif,107,10.059364137077191,12.358890420412163,4.5860017662236405,3.578823859065627
m2_7_0.5k.tif,108,15.991809653815022,15.924526875712484,4.928014691973299,4.512361293504192
m2_7_0.5k.tif,109,16.864811669656042,17.284771265736616,5.8077210108020925,4.633890927969401
m2_7_0.5k.tif,110,14.186282757416551,14.749328691170986,5.2288465133094375,4.250004258766965
m2_7_0.5k.tif,111,5.019761591085857,9.803426859388315,3.403985555903399,2.528113716372982
m2_7_0.5k.tif,112,18.293360422850434,18.01322829200927,5.363709967265443,4.826160989489092
m2_7_0.5k.tif,113,15.118807637974003,15.691145815222388,4.919955790927677,4.387466666985918
m2_7_0.5k.tif,114,13.2537578768591,13.835825411921954,4.701364032352967,4.107944576690654
m2_7_0.5k.tif,115,14.503738035904195,15.07937934294165,4.850914606329052,4.297293661572679
m2_7_0.5k.tif,116,15.317217187028781,15.05935833273656,4.701364032352967,4.416161980478313
m2_7_0.5k.tif,117,14.047396073078207,14.165876063692618,4.633347948052991,4.2291488719127175
m2_7_0.5k.tif,118,15.634672465516424,15.361095139704855,4.9800796812749,4.461690627114067
m2_7_0.5k.tif,119,11.329185251027765,13.719134881676906,4.650445231047312,3.797995085731274
m2_7_0.5k.tif,120,12.47996063554547,13.485753844933681,4.423028548042733,3.9862237014390787
m2_7_0.5k.tif,121,14.54341994571515,15.711166777933737,5.437188870102065,4.303168296798842
m2_7_0.5k.tif,122,7.599085728797957,12.358890467905905,3.9840637450199208,3.1105395759800554
m2_7_0.5k.tif,123,15.952127744004066,15.691145791475519,5.29296026118981,4.506759353053244
m2_7_0.5k.tif,124,16.249742067586233,15.642811031455539,4.992017564199868,4.5486057415649155
m2_7_0.5k.tif,125,12.360914906112605,13.884160219435675,4.5860017662236405,3.967165949083665
m2_7_0.5k.tif,126,17.83701846002445,16.53629332424635,5.495264631128974,4.765584671734857
m2_7_0.5k.tif,127,9.305407850669038,12.757296818661025,4.735005706774786,3.4420943123861174
m2_7_0.5k.tif,128,16.229901112680754,16.226263658933906,5.363709967265443,4.545827966807186
m2_7_0.5k.tif,129,12.301392041396172,14.632638184672809,4.54689729502523,3.95760265847849
m2_7_0.5k.tif,130,12.083141537435916,14.749328691170986,5.581245309211913,3.9223377761349725
m2_7_0.5k.tif,131,14.900557134013749,15.312760403431746,5.469932357667722,4.355683480420948
m2_7_0.5k.tif,132,22.04330089998572,18.528325267996923,6.081409371503486,5.297773343807568
m2_7_0.5k.tif,133,19.34493103284075,16.371267962740713,5.304194006252729,4.962935742198088
m2_7_0.5k.tif,134,12.876779733655024,16.04121735846379,5.6694220999034695,4.049101772706373
m2_7_0.5k.tif,135,13.233916921953622,14.61261724570833,4.542531574100152,4.1048686162618155
m2_7_0.5k.tif,136,21.825050396025464,17.614821798772926,5.745898446954564,5.271481502391661
m2_7_0.5k.tif,137,20.971889335089923,17.799868194230527,5.817960902992126,5.167420906917309
m2_7_0.5k.tif,138,4.702306312598214,9.239995218368167,3.1496789443908164,2.446867864977149
m2_7_0.5k.tif,139,18.7695433405819,16.419602794001303,5.29296026118981,4.888570835924279
m2_7_0.5k.tif,140,18.43224710718878,17.401461843475403,5.581245309211913,4.844446915304477
m2_7_0.5k.tif,141,12.261710131585215,13.767469665443755,4.423028548042733,3.9512142722983388
m2_7_0.5k.tif,142,19.563181536801007,16.886364891234624,5.480803383345659,4.990853269080134
m2_7_0.5k.tif,143,12.856938778749546,14.097520245973808,4.54689729502523,4.045981077234906
m2_7_0.5k.tif,144,19.463976762273617,18.363299858997543,6.255106959405412,4.978182892535493
m2_7_0.5k.tif,145,8.61097442897732,12.173844167435787,3.9690953874843182,3.311167945253942
m2_7_0.5k.tif,146,13.273598831764579,14.282566522697055,4.5512588282055235,4.111018235614277
m2_7_0.5k.tif,147,13.630736020063177,14.282566570190795,4.751737227839269,4.165956327734417
m2_7_0.5k.tif,148,15.396581006650692,15.52612045371675,4.818082319700329,4.42758803316049
m2_7_0.5k.tif,149,9.543499309534772,12.290534721427706,4.1594846649046024,3.485851505163752
m2_7_0.5k.tif,150,8.888747797654007,12.07717459990209,3.954070366788687,3.3641499965296835
m2_7_0.5k.tif,151,9.106998301614261,12.52391573442406,3.923847729799245,3.4052004891711207
m2_7_0.5k.tif,152,14.940239043824704,15.07937934294165,4.846822733305355,4.361479468986856
m2_7_0.5k.tif,153,11.70616339423184,14.894333066218405,4.688686173681203,3.860667060323536
m2_7_0.5k.tif,154,22.10282376470215,18.810041017266386,5.969451818235736,5.304921231039241
m2_7_0.5k.tif,155,19.02747575435311,17.731512447752326,5.637837329914306,4.922045770503551
m2_7_0.5k.tif,156,10.912525198012732,13.03901266291797,4.818082319700329,3.7275003172405934
m2_7_0.5k.tif,157,14.265646577038464,15.409429923471702,5.2288465133094375,4.261875802167537
m2_7_0.5k.tif,158,15.019602863446615,14.845998258704684,4.797448039359481,4.37304840036761
m2_7_0.5k.tif,159,12.261710131585215,14.234231810170817,4.54689729502523,3.9512142722983388
m2_7_0.5k.tif,160,15.952127744004066,15.361095187198595,5.440836766433332,4.506759353053244
m2_7_0.5k.tif,161,14.999761908541137,14.962688812696603,5.090411290510215,4.370159038704055
m2_7_0.5k.tif,162,17.460040316820372,15.759501514206846,5.38217373948458,4.71495639259219
m2_7_0.5k.tif,163,11.904572943286617,13.437419061166834,4.542531574100152,3.8932471067961747
m2_7_0.5k.tif,164,12.757734004222158,14.447591931696433,4.650445231047312,4.030341354697902
m2_7_0.5k.tif,165,7.480039999365091,10.531883933154711,3.438780179607982,3.0860788589069488
m2_7_0.5k.tif,166,12.539483500261904,13.932494931961912,4.6204834680251805,3.995718491471534
m2_7_0.5k.tif,167,19.18620339359693,18.45996940278437,7.0653975501865345,4.942533042283035
m2_7_0.5k.tif,168,11.428390025555153,14.56428241444774,4.846822733305355,3.814587541687006
m2_7_0.5k.tif,169,10.75379755876891,12.640606288415979,4.409550522147143,3.7002919219841335
m2_7_0.5k.tif,170,5.019761591085857,10.133477439918368,3.7214226478624317,2.528113716372982
m2_7_0.5k.tif,171,12.539483500261904,14.564282461941481,5.105978333855099,3.995718491471534
m2_7_0.5k.tif,172,15.694195330232857,15.409429947218573,4.822198580442313,4.470175624877663
m2_7_0.5k.tif,173,4.64278344788178,8.559872952115489,3.2427929474302206,2.431332038921247
m2_7_0.5k.tif,174,13.94819129855082,14.61261724570833,4.9800796812749,4.214188977590564
m2_7_0.5k.tif,175,14.999761908541137,15.12771410296163,5.262886379929445,4.370159038704055
m2_7_0.5k.tif,176,10.833161378390821,13.53408858120679,4.646176808641674,3.7139210359759773
m2_7_0.5k.tif,177,13.273598831764579,14.51594760693402,4.932039204438227,4.111018235614277
m2_7_0.5k.tif,178,19.305249123029796,16.838030154961515,5.637837329914306,4.957842938658439
m2_7_0.5k.tif,179,16.626720210790307,18.218295531443868,6.485585894860441,4.601064841058598
m2_7_0.5k.tif,180,12.539483500261904,13.534088652447402,4.751737227839269,3.995718491471534
m2_7_0.5k.tif,181,15.05928477325757,14.914354028929754,4.818082319700329,4.37882140406978
m2_7_0.5k.tif,182,16.071173473436932,15.361095187198595,5.418912553281054,4.523544362187539
m2_7_0.5k.tif,183,16.58703830097935,15.759501537953716,5.2288465133094375,4.595571030333843
m2_7_0.5k.tif,184,11.567276709893497,13.389084253653113,4.5860017662236405,3.8376964616720857
m2_7_0.5k.tif,185,14.067237027983685,14.350922316668994,4.822198580442313,4.23213450509215
m2_7_0.5k.tif,186,23.432167743369156,19.09175686152333,6.488644412311686,5.462120704426561
m2_7_0.5k.tif,187,18.630656656243556,16.604649070724548,5.469932357667722,4.870450574547767
m2_7_0.5k.tif,188,9.146680211425217,11.56207771890192,3.7426880932382347,3.4126111627657147
m2_7_0.5k.tif,189,14.940239043824704,16.934699698748343,5.090411290510215,4.361479468986856
m2_7_0.5k.tif,190,17.81717750511897,16.55631426321083,5.70778835932048,4.762933442226887
m2_7_0.5k.tif,191,13.928350343645342,14.729307704712767,4.818082319700329,4.21119062148163
m2_7_0.5k.tif,192,14.126759892700118,15.52612040622301,5.363709967265443,4.2410787936991285
m2_7_0.5k.tif,193,14.523578990809673,15.457764683491682,4.899750548306312,4.300231982368356
m2_7_0.5k.tif,194,13.412485516102922,14.00085070218698,4.663227056063596,4.13246983682759
m2_7_0.5k.tif,195,21.40839034301043,17.566487157487302,5.697350456603623,5.22092033781854
m2_7_0.5k.tif,196,12.975984508182412,14.000850797174463,4.822198580442313,4.064669310988127
m2_7_0.5k.tif,197,7.122902811066492,11.163671344399928,3.5298894714480777,3.0115048617518636
m2_7_0.5k.tif,198,14.940239043824704,15.409429970965444,4.818082319700329,4.361479468986856
m2_7_0.5k.tif,199,14.166441802511073,14.729307752206507,5.105978333855099,4.247031187917789
m2_7_0.5k.tif,200,13.670417929874132,14.447591955443304,4.789169434331199,4.172015903777495
m2_7_0.5k.tif,201,17.440199361914893,17.00305546897341,6.068345104274031,4.712276678597617
m2_7_0.5k.tif,202,7.8967000523801225,11.912149309637064,4.277073815454958,3.1708659352931656
m2_7_0.5k.tif,203,14.583101855526106,16.934699627507733,5.352601132487811,4.309034922967852
m2_7_0.5k.tif,204,13.551372200441266,14.282566570190795,4.646176808641674,4.153810656617196
m2_7_0.5k.tif,205,11.428390025555153,12.970656940186641,4.221039860640855,3.814587541687006
m2_7_0.5k.tif,206,18.610815701338076,16.419602841495045,5.363709967265443,4.86785645954374
m2_7_0.5k.tif,207,14.761670449675405,17.284771313230355,4.992017564199868,4.335336499382166
m2_7_0.5k.tif,208,20.13856922905986,18.761706257246406,6.081409371503486,5.063716295056994
m2_7_0.5k.tif,209,7.698290503325346,12.07717462364896,4.1066789099777505,3.130777522548191
m2_7_0.5k.tif,210,10.039523182171713,12.805631554934134,4.1066789099777505,3.57529270491612
m2_7_0.5k.tif,211,21.86473230583642,17.916558676981833,5.8992401971955575,5.276271581982808
m2_7_0.5k.tif,212,17.102903128521774,15.759501537953716,5.418912553281054,4.666486107662665
m2_7_0.5k.tif,213,17.539404136442283,16.721339624716467,5.581245309211913,4.725660053115311
m2_7_0.5k.tif,214,11.01172997254012,13.485753821186812,4.423028548042733,3.7444051673107612
m2_7_0.5k.tif,215,6.428469389374773,10.785285932609286,3.673125281789995,2.860940656265255
m2_7_0.5k.tif,216,11.884731988381139,14.282566570190795,5.039486311025306,3.8900013812575733
m2_7_0.5k.tif,217,13.372803606291967,15.0593583802303,5.043421872976958,4.126352187526887
m2_7_0.5k.tif,218,17.28147172267107,15.64281100770867,5.1945835898029085,4.690783856513462
m2_7_0.5k.tif,219,11.130775701972986,13.389084277399984,4.667479885999993,3.764590786171758
m2_7_0.5k.tif,220,14.920398088919226,14.962688788949732,5.039486311025306,4.358582438133172
m2_7_0.5k.tif,221,1.6467992571546486,5.791049340806635,2.271265787050076,1.4480227679321167
m2_7_0.5k.tif,222,12.73789304931668,14.495926667969542,4.751737227839269,4.027206121742115
m2_7_0.5k.tif,223,11.864891033475661,13.932494979455653,4.476534871363393,3.8867529452995675
m2_7_0.5k.tif,224,15.733877240043812,15.972861659479333,5.418912553281054,4.475823353756526
m2_7_0.5k.tif,225,14.563260900620628,15.292739393226656,4.94810452126463,4.306102608968533
m2_7_0.5k.tif,226,12.618847319883814,13.767469641696886,4.373406055796843,4.008343225904114
m2_7_0.5k.tif,227,17.400517452103937,15.807836226733084,5.078704694813531,4.706912673809986
m2_7_0.5k.tif,228,20.73379787622419,17.731512376511716,5.581245309211913,5.13800460962761
m2_7_0.5k.tif,229,10.039523182171713,12.640606312162848,4.3506632804465255,3.57529270491612
m2_7_0.5k.tif,230,4.662624402787258,9.871782653360254,3.478934102902984,2.436521654300636
m2_7_0.5k.tif,231,17.003698353994384,15.807836345467436,5.440836766433332,4.6529325323986646
m2_7_0.5k.tif,232,12.519642545356426,14.680972944692789,5.1945835898029085,3.99255607032595
m2_7_0.5k.tif,233,20.852843605657057,18.129918822254318,5.556305052183807,5.152733750049612
m2_7_0.5k.tif,234,12.460119680639993,14.234231810170817,5.039486311025306,3.9830537417318017
m2_7_0.5k.tif,235,16.52751543626292,15.244404633206676,5.140831832894,4.587317977824381
m2_7_0.5k.tif,236,16.210060157775278,16.60464902323081,5.262886379929445,4.54304849362357
m2_7_0.5k.tif,237,18.551292836621645,16.371267986487585,5.304194006252729,4.860065806709701
m2_7_0.5k.tif,238,16.487833526451965,15.739480646482978,5.437188870102065,4.581807683970252
m2_7_0.5k.tif,239,12.420437770829038,15.759501537953716,4.919955790927677,3.976706241695731
m2_7_0.5k.tif,240,13.392644561197445,15.876192068198764,4.751737227839269,4.129412145075723
m2_7_0.5k.tif,241,1.28966206885605,4.99423656805578,1.879279109971435,1.2814244985220493
m2_7_0.5k.tif,242,16.110855383247888,16.983034530008933,5.60961268538993,4.5291255418083285
m2_7_0.5k.tif,243,7.976063872002033,10.881955476396113,3.4846326064812554,3.186760099719847
m2_7_0.5k.tif,244,14.166441802511073,14.56428241444774,4.9800796812749,4.247031187917789
m2_7_0.5k.tif,245,13.4323264710084,14.447591884202692,4.722418163796693,4.135525267808288
m2_7_0.5k.tif,246,8.472087744638976,11.0953156216686,3.673125281789995,3.2843564275121664
m2_7_0.5k.tif,247,11.44823098046063,14.117541279925769,4.846822733305355,3.817897379656069
m2_7_0.5k.tif,248,12.499801590450948,14.165876016198878,4.751737227839269,3.9893911423055055
m2_7_0.5k.tif,249,5.376898779384455,10.03680796737215,3.847252572874097,2.616501510404784
m2_7_0.5k.tif,250,14.761670449675405,16.5563142869577,5.259115052766568,4.335336499382166
m2_7_0.5k.tif,251,13.749781749496043,14.214210847459468,4.54689729502523,4.184108728861642
m2_7_0.5k.tif,252,19.483817717179097,17.05139022899339,5.885771594698868,4.9807195464033125
m2_7_0.5k.tif,253,14.781511404580883,15.64281100770867,5.418912553281054,4.338249053623613
m2_7_0.5k.tif,254,15.515626736083558,15.361095139704855,5.105978333855099,4.444672037589696
m2_7_0.5k.tif,255,12.856938778749546,13.767469665443755,4.5512588282055235,4.045981077234906
m2_7_0.5k.tif,256,12.261710131585215,13.767469594203146,4.863169568021395,3.9512142722983388
m2_7_0.5k.tif,257,15.793400104760245,15.196069825692957,4.919955790927677,4.484281610158443
m2_7_0.5k.tif,258,16.110855383247888,15.759501561700587,5.140831832894,4.5291255418083285
m2_7_0.5k.tif,259,14.225964667227506,14.447591931696433,4.818082319700329,4.255944169784099
m2_7_0.5k.tif,260,15.8330820145712,17.11974592797785,5.509687922684993,4.489911595564787
m2_7_0.5k.tif,261,19.80127299566674,17.353127035961684,5.538421822493166,5.02113172643174
m2_7_0.5k.tif,262,19.642545356422918,17.381440833270315,5.704311180588189,5.000966457301199
m2_7_0.5k.tif,263,17.003698353994384,15.972861611985591,5.3451824163341595,4.6529325323986646
m2_7_0.5k.tif,264,17.91638227964636,19.25678224677584,5.817960902992126,4.776174872954095
m2_7_0.5k.tif,265,9.106998301614261,12.688941072182827,4.494228754055171,3.4052004891711207
m2_7_0.5k.tif,266,15.13864859287948,14.845998258704684,5.027661141085244,4.390344638215032
m2_7_0.5k.tif,267,9.503817399723816,12.125509359922068,4.101844677684064,3.4785968635745173
m2_7_0.5k.tif,268,12.579165410072859,14.729307680965896,5.121498060630455,4.002035836904696
m2_7_0.5k.tif,269,16.58703830097935,16.08955216597751,5.078704694813531,4.595571030333843
m2_7_0.5k.tif,270,21.725845621498078,20.218620191057365,6.57672271682039,5.259487217220196
m2_7_0.5k.tif,271,13.491849335724833,14.399257100435843,4.919955790927677,4.144678046103665
m2_7_0.5k.tif,272,18.293360422850434,16.65298387823827,5.259115052766568,4.826160989489092
m2_7_0.5k.tif,273,12.261710131585215,13.602444327684989,4.309423835215924,3.9512142722983388
m2_7_0.5k.tif,274,10.495865144997701,13.485753821186812,4.423028548042733,3.6556463941167143
m2_7_0.5k.tif,275,14.007714163267252,14.495926620475801,4.598962701440318,4.223171273346452
m2_7_0.5k.tif,276,14.682306630053494,14.660951958234568,4.928014691973299,4.323666662603787
m2_7_0.5k.tif,277,2.738051776955922,6.636196873577468,2.4315847840106977,1.8671357202819139
m2_7_0.5k.tif,278,13.571213155346744,14.165876016198878,4.846822733305355,4.156850401375727
m2_7_0.5k.tif,279,17.856859414929925,16.157907864961967,5.3451824163341595,4.768234427108758
m2_7_0.5k.tif,280,18.273519467944958,17.236436529463507,5.509687922684993,4.823543055480626
m2_7_0.5k.tif,281,18.928270979825722,16.721339577222725,5.363709967265443,4.909197808703281
m2_7_0.5k.tif,282,20.793320740940626,17.848202977997374,5.70778835932048,5.145374450292948
m2_7_0.5k.tif,283,10.793479468579866,13.03901266291797,4.202195838591432,3.7071127423755206
m2_7_0.5k.tif,284,11.210139521594897,14.845998234957815,4.899750548306312,3.7779879487490615
m2_7_0.5k.tif,285,15.218012412501391,15.409429923471702,5.039486311025306,4.401837706670627
m2_7_0.5k.tif,286,11.44823098046063,13.155703216909888,4.454318680278466,3.817897379656069
m2_7_0.5k.tif,287,9.960159362549803,13.204038000676737,4.476534871363393,3.561133074214242
m2_7_0.5k.tif,288,17.598927001158714,16.2062427437163,5.363709967265443,4.733671915414363
m2_7_0.5k.tif,289,10.733956603863433,12.757296818661025,4.277073815454958,3.6968767925791184
m2_7_0.5k.tif,290,14.404533261376807,15.361095187198595,5.304194006252729,4.282571817475793
m2_7_0.5k.tif,291,22.162346629418586,19.490163259772192,6.152767016526097,5.312059500109519
m2_7_0.5k.tif,292,2.797574641672355,7.082938031846309,2.4640073459866496,1.8873215579560216
m2_7_0.5k.tif,293,13.134712147426233,13.767469641696886,4.598962701440318,4.089454109635709
m2_7_0.5k.tif,294,20.376660687925593,17.469817589953603,5.538421822493166,5.093561639709219
m2_7_0.5k.tif,295,12.083141537435916,14.1175412561789,4.598962701440318,3.9223377761349725
m2_7_0.5k.tif,296,14.503738035904195,15.176048910475348,4.992017564199868,4.297293661572679
m2_7_0.5k.tif,297,16.58703830097935,15.59447622394182,5.1945835898029085,4.595571030333843
m2_7_0.5k.tif,298,18.65049761114903,17.05139020524652,5.360009580507454,4.873043308601272
m2_7_0.5k.tif,299,12.241869176679737,14.214210776218856,4.667479885999993,3.948016202755902
m2_7_0.5k.tif,300,16.190219202869798,15.691145815222388,5.1677775980369915,4.540267318894828
m2_7_0.5k.tif,301,9.999841272360758,13.204037953182997,4.3506632804465255,3.568219913212259
m2_7_0.5k.tif,302,12.698211139505725,14.330901448945127,4.818082319700329,4.020928321944479
m2_7_0.5k.tif,303,17.003698353994384,15.97286156449185,5.105978333855099,4.6529325323986646
m2_7_0.5k.tif,304,13.4323264710084,14.0491855097007,4.789169434331199,4.135525267808288
m2_7_0.5k.tif,305,16.646561165695786,15.807836297973695,5.140831832894,4.603809287971923
m2_7_0.5k.tif,306,16.467992571546485,15.526120477463621,5.140831832894,4.579050050446915
m2_7_0.5k.tif,307,15.317217187028781,15.924526875712484,5.1945835898029085,4.416161980478313
m2_7_0.5k.tif,308,15.57514960079999,15.17604893422222,5.078704694813531,4.453189462273599
m2_7_0.5k.tif,309,16.28942397739719,15.341074176993505,4.919955790927677,4.554156208232128
m2_7_0.5k.tif,310,17.06322121871082,16.08955216597751,5.29296026118981,4.661069406930852
m2_7_0.5k.tif,311,12.777574959127636,13.767469665443755,4.5512588282055235,4.033474150627358
m2_7_0.5k.tif,312,16.50767448135744,16.391288972945805,5.556305052183807,4.584563658766209
m2_7_0.5k.tif,313,15.178330502690436,14.777642583467097,4.735005706774786,4.396094928352368
m2_7_0.5k.tif,314,14.245805622132984,16.4879585404795,5.259115052766568,4.2589110186419985
m2_7_0.5k.tif,315,13.848986524023431,14.894333066218405,5.140831832894,4.1991757878053875
m2_7_0.5k.tif,316,18.313201377755913,16.302912287503126,5.304194006252729,4.828777504178184
m2_7_0.5k.tif,317,13.968032253456297,14.330901353957644,4.5860017662236405,4.217185201913329
m2_7_0.5k.tif,318,14.146600847605596,15.07937931919478,4.9800796812749,4.244056034356217
m2_7_0.5k.tif,319,16.329105887208144,15.64281100770867,5.078704694813531,4.5596999183894935
m2_7_0.5k.tif,320,13.35296265138649,14.04918553344757,4.423028548042733,4.123289959136631
m2_7_0.5k.tif,321,13.729940794590565,14.56428241444774,4.863169568021395,4.181088801561769
m2_7_0.5k.tif,322,12.757734004222158,13.650779063958097,4.5860017662236405,4.030341354697902
m2_7_0.5k.tif,323,18.233837558134002,17.236436481969765,5.38217373948458,4.8183029202503915
m2_7_0.5k.tif,324,11.666481484420885,13.835825411921954,4.863169568021395,3.854118002070675
m2_7_0.5k.tif,325,10.793479468579866,13.670800121656928,4.5860017662236405,3.7071127423755206
m2_7_0.5k.tif,326,14.761670449675405,16.721339600969596,5.549158676168973,4.335336499382166
m2_7_0.5k.tif,327,10.872843288201777,12.805631626174746,4.476534871363393,3.7207168715513412
m2_7_0.5k.tif,328,19.325090077935275,17.848202954250503,5.745898446954564,4.960389994022276
m2_7_0.5k.tif,329,12.04345962762496,13.980829763222502,5.039486311025306,3.915891859246565
m2_7_0.5k.tif,330,17.360835542292982,16.67300484094962,5.581245309211913,4.701542549216284
m2_7_0.5k.tif,331,8.293519150489676,12.970656963933513,4.0629637558508245,3.2495594389735096
m2_7_0.5k.tif,332,19.920318725099605,17.216415566752158,5.418912553281054,5.036202690969175
m2_7_0.5k.tif,333,2.1229821748861135,6.354481005573653,2.551045512921454,1.644100014546822
m2_7_0.5k.tif,334,13.848986524023431,15.59447624768869,4.928014691973299,4.1991757878053875
m2_7_0.5k.tif,335,15.158489547784958,16.721339624716467,5.440836766433332,4.393220724103723
m2_7_0.5k.tif,336,14.305328486849419,14.680972968439658,5.027661141085244,4.267799190435641
m2_7_0.5k.tif,337,16.110855383247888,15.856171129234285,5.549158676168973,4.5291255418083285
m2_7_0.5k.tif,338,12.083141537435916,13.650779111451838,4.373406055796843,3.9223377761349725
m2_7_0.5k.tif,339,0.9523658354629294,4.314114373043714,1.7136106109646667,1.101176572020193
m2_7_0.5k.tif,340,12.797415914033113,13.884160171941932,4.5860017662236405,4.036604515204585
m2_7_0.5k.tif,341,14.404533261376807,15.127714031721018,4.883526164195723,4.282571817475793
m2_7_0.5k.tif,342,17.241789812860116,16.2062427437163,5.262886379929445,4.685395246053996
m2_7_0.5k.tif,343,12.777574959127636,14.000850725933851,4.38699512859467,4.033474150627358
m2_7_0.5k.tif,344,14.38469230647133,14.845998211210944,4.94810452126463,4.279621371505539
m2_7_0.5k.tif,345,12.559324455167381,13.650779158945578,4.368866972004245,3.998878411689772
m2_7_0.5k.tif,346,19.82111395057222,17.236436481969765,5.581245309211913,5.023646693645001
m2_7_0.5k.tif,347,5.892763606926875,10.201833257637176,3.5467119152918047,2.7391421379905627
m2_7_0.5k.tif,348,14.781511404580883,16.60464911821829,5.105978333855099,4.338249053623613
m2_7_0.5k.tif,349,9.622863129156682,12.52391573442406,4.633347948052991,3.5003156814230683
m2_7_0.5k.tif,350,15.49578578117808,15.244404585712935,5.039486311025306,4.441829266568087
m2_7_0.5k.tif,351,14.325169441754896,14.56428243819461,4.813962539280706,4.270757803747957
m2_7_0.5k.tif,352,16.3687877970191,15.477785693696772,4.9800796812749,4.565236896650937
m2_7_0.5k.tif,353,13.531531245535788,14.632638184672809,4.9800796812749,4.150768685753955
m2_7_0.5k.tif,354,12.440278725734515,13.719134881676906,4.919955790927677,3.979881257164935
m2_7_0.5k.tif,355,21.051253154711834,18.226588389788017,5.8992401971955575,5.177189197123276
m2_7_0.5k.tif,356,9.483976444818339,12.640606288415979,4.409550522147143,3.4749638632480058
m2_7_0.5k.tif,357,14.345010396660374,14.612617174467719,4.846822733305355,4.273714368867558
m2_7_0.5k.tif,358,14.682306630053494,14.729307728459636,4.919955790927677,4.323666662603787
m2_7_0.5k.tif,359,10.634751829336045,14.165876016198878,4.5860017662236405,3.679753602832024
m2_7_0.5k.tif,360,9.920477452738847,12.873987372652945,4.38699512859467,3.5540321038899827
m2_7_0.5k.tif,361,18.25367851303948,18.64501570325449,6.57672271682039,4.820923699840562
m2_7_0.5k.tif,362,9.583181219345727,12.5239157819178,3.9289009807402433,3.4930910799511534
m2_7_0.5k.tif,363,19.047316709258588,17.216415495511548,5.942802346683785,4.924611340534688
m2_7_0.5k.tif,364,18.0552689639847,16.254577456242536,5.090411290510215,4.794651440488119
m2_7_0.5k.tif,365,13.571213155346744,14.729307775953378,4.476534871363393,4.156850401375727
m2_7_0.5k.tif,366,20.773479786035146,17.401461819728535,5.8077210108020925,5.142919010186384
m2_7_0.5k.tif,367,20.47586546245298,17.284771241989745,5.5348382428086875,5.105945712546509
m2_7_0.5k.tif,368,18.452088062094255,16.0895520947369,5.2288465133094375,4.847053558977249
m2_7_0.5k.tif,369,16.567197346073876,15.5744552374836,5.140831832894,4.592821660640951
m2_7_0.5k.tif,370,10.396660370470313,12.57225056568465,4.1066789099777505,3.638329165546148
m2_7_0.5k.tif,371,8.432405834828021,12.757296818661025,4.409550522147143,3.2766556984459867
m2_7_0.5k.tif,372,10.714115648957955,12.805631626174746,4.38699512859467,3.6934585054010163
m2_7_0.5k.tif,373,13.809304614212476,14.234231762677076,4.722418163796693,4.193155460999399
m2_7_0.5k.tif,374,15.019602863446615,16.838030178708387,5.8587415019333635,4.37304840036761
m2_7_0.5k.tif,375,14.424374216282285,15.807836345467436,5.862127079506838,4.2855202321572206
m2_7_0.5k.tif,376,12.202187266868782,14.379236066483882,4.789169434331199,3.941612279314292
m2_7_0.5k.tif,377,11.031570927445598,13.60244437517873,4.476534871363393,3.747776987145112
m2_7_0.5k.tif,378,14.02755511817273,15.312760403431746,5.304194006252729,4.226161129489699
m2_7_0.5k.tif,379,15.098966683068525,15.244404656953547,5.480803383345659,4.384586806703861
m2_7_0.5k.tif,380,21.229821748861134,18.479990412989462,5.882399625590996,5.199100747083923
m2_7_0.5k.tif,381,11.547435754988019,15.127714055467887,4.663227056063596,3.8344037142089618
m2_7_0.5k.tif,382,13.69025888477961,14.262545631226317,4.688686173681203,4.1750423937683925
m2_7_0.5k.tif,383,21.071094109617313,17.779847136531693,5.8587415019333635,5.1796283912266246
m2_7_0.5k.tif,384,17.698131775686104,16.4879585404795,5.556305052183807,4.746994969950726
m2_7_0.5k.tif,385,14.503738035904195,16.302912311249997,5.495264631128974,4.297293661572679
m2_7_0.5k.tif,386,19.20604434850241,16.721339577222725,5.418912553281054,4.945087983287108
m2_7_0.5k.tif,387,11.428390025555153,13.534088604953661,4.735005706774786,3.814587541687006
m2_7_0.5k.tif,388,16.031491563625977,17.05139018149965,6.3776137823036345,4.517956287957724
m2_7_0.5k.tif,389,15.674354375327379,16.954720661459692,5.38217373948458,4.467349082941632
m2_7_0.5k.tif,390,14.206123712322029,15.292739345732913,5.043421872976958,4.2529752512715495
m2_7_0.5k.tif,391,11.805368168759228,13.719134881676906,4.701364032352967,3.8769913067508908
m2_7_0.5k.tif,392,18.967952889636678,17.21641559049903,5.469932357667722,4.914341024161735
m2_7_0.5k.tif,393,12.281551086490692,14.515947630680891,4.735005706774786,3.9544097554508753
m2_7_0.5k.tif,394,13.0751892827098,13.980829786969371,4.5512588282055235,4.08017745320513
m2_7_0.5k.tif,395,11.091093792162031,13.55410959141188,4.54689729502523,3.757874294138559
m2_7_0.5k.tif,396,13.134712147426233,13.932495003202524,4.797448039359481,4.089454109635709
m2_7_0.5k.tif,397,12.638688274789292,14.447591860455821,4.5860017662236405,4.011493201420434
m2_7_0.5k.tif,398,10.099046046888146,12.592271480902259,4.263134374309302,3.5858757355769186
m2_7_0.5k.tif,399,4.722147267503692,9.288329930894404,3.478934102902984,2.452024599601071
m2_7_0.5k.tif,400,16.626720210790307,15.924526899459353,5.090411290510215,4.601064841058598
m2_7_0.5k.tif,401,0.8928429707464963,3.799017444549804,1.5558266286666642,1.0662096311669949
m2_7_0.5k.tif,402,15.872763924382156,15.457764754732294,5.556305052183807,4.495534530261007
m2_7_0.5k.tif,403,17.73781368549706,17.751533434210547,5.8587415019333635,4.752313733490184
m2_7_0.5k.tif,404,6.845129442389805,10.99864598289429,3.6623060380179755,2.952200788374946
m2_7_0.5k.tif,405,17.618767956064193,16.6529838544914,5.556305052183807,4.736339524482345
m2_7_0.5k.tif,406,19.067157664164064,16.838030154961515,5.437188870102065,4.927175574679049
m2_7_0.5k.tif,407,14.97992095363566,14.845998258704684,4.992017564199868,4.367267765454254
m2_7_0.5k.tif,408,9.38477167029095,12.358890444159034,3.9840637450199208,3.4567415883928465
m2_7_0.5k.tif,409,12.420437770829038,15.759501561700587,5.259115052766568,3.976706241695731
m2_7_0.5k.tif,410,20.535388327169414,19.55851902999726,6.330776327518209,5.113361759610302
m2_7_0.5k.tif,411,15.23785336740687,15.196069849439828,5.070885283409504,4.404706288080772
m2_7_0.5k.tif,412,12.678370184600247,16.206242719969428,4.789169434331199,4.017785743643416
m2_7_0.5k.tif,413,17.102903128521774,16.322933250214476,5.105978333855099,4.666486107662665
m2_7_0.5k.tif,414,15.158489547784958,15.127714079214758,5.1945835898029085,4.393220724103723
m2_7_0.5k.tif,415,21.467913207726866,17.944872569277944,5.581245309211913,5.228173298487737
m2_7_0.5k.tif,416,16.626720210790307,15.457764754732294,4.995990519515719,4.601064841058598
m2_7_0.5k.tif,417,15.674354375327379,16.487958516732633,5.363709967265443,4.467349082941632
m2_7_0.5k.tif,418,9.007793527086873,11.678768225400097,4.225737736174588,3.3866028597248357
m2_7_0.5k.tif,419,14.72198853986445,15.691145743981776,5.440836766433332,4.32950551288404
m2_7_0.5k.tif,420,18.313201377755913,16.60464909447142,5.3451824163341595,4.828777504178184
m2_7_0.5k.tif,421,17.539404136442283,16.789695347447797,5.885771594698868,4.725660053115311
m2_7_0.5k.tif,422,12.896620688560501,13.864139185483713,4.542531574100152,4.052220064868744
m2_7_0.5k.tif,423,15.376740051745214,15.244404609459806,4.919955790927677,4.4247342861458945
m2_7_0.5k.tif,424,3.849145251662673,7.996441311095341,2.7674191214043438,2.213794016580245
m2_7_0.5k.tif,425,11.70616339423184,15.196069849439828,5.2288465133094375,3.860667060323536
m2_7_0.5k.tif,426,17.55924509134776,16.9346996512546,5.469932357667722,4.728332182281694
m2_7_0.5k.tif,427,16.725924985317697,16.371268057728194,5.556305052183807,4.614770754174078
m2_7_0.5k.tif,428,20.456024507547504,17.333106049503463,5.942802346683785,5.103471302072847
m2_7_0.5k.tif,429,17.717972730591583,15.904505889254263,5.078704694813531,4.7496550962284045
m2_7_0.5k.tif,430,13.76962270440152,14.56428243819461,4.818082319700329,4.187126478066689
m2_7_0.5k.tif,431,1.5872763924382156,4.644164977320638,1.6060274399001095,1.4216128415559932
m2_7_0.5k.tif,432,14.265646577038464,15.01102354896971,4.9800796812749,4.261875802167537
m2_7_0.5k.tif,433,12.122823447246871,13.980829858209983,4.995990519515719,3.928773117256501
m2_7_0.5k.tif,434,18.928270979825722,17.051390252740262,5.524073555323525,4.909197808703281
m2_7_0.5k.tif,435,19.483817717179097,17.44979657974851,5.60961268538993,4.9807195464033125
m2_7_0.5k.tif,436,17.618767956064193,17.284771313230355,5.556305052183807,4.736339524482345
m2_7_0.5k.tif,437,10.694274694052478,12.358890444159034,4.188007179607299,3.690037051674163
m2_7_0.5k.tif,438,6.944334216917193,11.280361850898105,3.5298894714480777,2.973516594343549
m2_7_0.5k.tif,439,16.547356391168396,15.992882622190683,5.259115052766568,4.5900706441253964
m2_7_0.5k.tif,440,17.89654132474088,18.246609376246237,5.437188870102065,4.773529525272375
m2_7_0.5k.tif,441,18.194155648323047,16.53629327675261,5.262886379929445,4.813057079914128
m2_7_0.5k.tif,442,16.329105887208144,15.312760379684875,5.102091025842908,4.5596999183894935
m2_7_0.5k.tif,443,19.97984158981604,18.858375848526975,5.882399625590996,5.043721285885853
m2_7_0.5k.tif,444,16.28942397739719,16.206242672475685,5.363709967265443,4.554156208232128
m2_7_0.5k.tif,445,14.72198853986445,16.08955216597751,5.259115052766568,4.32950551288404
m2_7_0.5k.tif,446,25.694036602593616,19.256782199282096,6.255106959405412,5.719673370595117
m2_7_0.5k.tif,447,9.503817399723816,13.55410956766501,4.663227056063596,3.4785968635745173
m2_7_0.5k.tif,448,1.1507753845177062,4.080733288806749,1.5558266286666642,1.2104597170809759
m2_7_0.5k.tif,449,19.702068221139353,17.168080735491568,5.556305052183807,5.008537947567591
m2_7_0.5k.tif,450,22.221869494135017,20.17028543103739,6.775837191910339,5.319188189740674
m2_7_0.5k.tif,451,18.65049761114903,16.886364891234624,5.5348382428086875,4.873043308601272
m2_7_0.5k.tif,452,3.392803288836686,7.316319068589534,2.6725912081670797,2.0784252006878634
m2_7_0.5k.tif,453,16.567197346073876,15.972861611985591,5.3451824163341595,4.592821660640951
m2_7_0.5k.tif,454,15.694195330232857,15.972861659479333,5.213646345937212,4.470175624877663
m2_7_0.5k.tif,455,20.73379787622419,19.49016323602532,6.6308035765311715,5.13800460962761
m2_7_0.5k.tif,456,18.114791828701136,18.858375777286366,5.704311180588189,4.802548209122703
m2_7_0.5k.tif,457,15.178330502690436,15.244404680700418,5.078704694813531,4.396094928352368
m2_7_0.5k.tif,458,10.079205091982669,13.204038000676737,4.667479885999993,3.582351532528368
m2_7_0.5k.tif,459,7.222107585593881,11.678768225400097,3.923847729799245,3.0324038277099437
m2_7_0.5k.tif,460,21.071094109617313,17.848202977997374,5.665921375827846,5.1796283912266246
m2_7_0.5k.tif,461,12.837097823844069,14.214210823712596,4.735005706774786,4.042857972888977
m2_7_0.5k.tif,462,5.019761591085857,10.105163713850349,3.3864541832669324,2.528113716372982
m2_7_0.5k.tif,463,12.360914906112605,14.117541232432028,4.883526164195723,3.967165949083665
m2_7_0.5k.tif,464,17.579086046253238,16.721339577222725,5.2288465133094375,4.731002802196562
m2_7_0.5k.tif,465,17.89654132474088,16.818009168503295,5.882399625590996,4.773529525272375
m2_7_0.5k.tif,466,17.460040316820372,17.119745975471588,5.581245309211913,4.71495639259219
m2_7_0.5k.tif,467,15.436262916461647,15.292739369479785,5.102091025842908,4.433290016248418
m2_7_0.5k.tif,468,12.91646164346598,14.447591884202692,4.863169568021395,4.0553359592659906
m2_7_0.5k.tif,469,16.825129759845087,16.157907888708838,5.6343169815661165,4.628436080960305
m2_7_0.5k.tif,470,19.404453897557186,17.05139022899339,5.480803383345659,4.9705651636770805
m2_7_0.5k.tif,471,17.06322121871082,16.818009144756424,5.262886379929445,4.661069406930852
m2_7_0.5k.tif,472,16.96401644418343,15.876192163186246,5.38217373948458,4.647500034886704
m2_7_0.5k.tif,473,15.039443818352092,17.119745975471588,5.418912553281054,4.37593585423149
m2_7_0.5k.tif,474,17.698131775686104,15.924526828218742,5.418912553281054,4.746994969950726
m2_7_0.5k.tif,475,15.198171457595913,15.03104451168106,5.1677775980369915,4.398967254649251
m2_7_0.5k.tif,476,13.313280741575534,14.282566570190795,4.516248625001847,4.11715866956024
m2_7_0.5k.tif,477,17.420358407009417,16.487958516732633,5.179282868525897,4.709595439872095
m2_7_0.5k.tif,478,16.58703830097935,15.691145672741166,5.469932357667722,4.595571030333843
m2_7_0.5k.tif,479,19.602863446611963,16.818009144756424,5.613148527332818,4.9959124221977484
m2_7_0.5k.tif,480,13.35296265138649,14.44759181296208,4.688686173681203,4.123289959136631
m2_7_0.5k.tif,481,13.630736020063177,14.282566593937666,4.722418163796693,4.165956327734417
m2_7_0.5k.tif,482,14.880716179108271,15.691145862716128,5.039486311025306,4.352782592000316
m2_7_0.5k.tif,483,18.868748115109288,17.964893531989294,5.581245309211913,4.901472866374373
m2_7_0.5k.tif,484,19.007634799447633,17.216415495511548,5.735529899955367,4.919478862495594
m2_7_0.5k.tif,485,11.547435754988019,13.767469641696886,4.846822733305355,3.8344037142089618
m2_7_0.5k.tif,486,14.72198853986445,14.894333018724662,5.043421872976958,4.32950551288404
m2_7_0.5k.tif,487,17.579086046253238,16.254577456242536,5.549158676168973,4.731002802196562
m2_7_0.5k.tif,488,18.710020475865466,16.60464909447142,5.360009580507454,4.880813247060014
m2_7_0.5k.tif,489,19.18620339359693,16.76967440848332,5.549158676168973,4.942533042283035
m2_7_0.5k.tif,490,18.789384295487377,16.371268057728194,5.363709967265443,4.891153964683627
m2_7_0.5k.tif,491,12.063300582530438,13.60244437517873,4.646176808641674,3.919116142921064
m2_7_0.5k.tif,492,14.781511404580883,15.011023620210322,4.863169568021395,4.338249053623613
m2_7_0.5k.tif,493,17.30131267757655,18.013228268262402,5.60961268538993,4.693475841731612
m2_7_0.5k.tif,494,15.456103871367125,15.739480527748626,5.262886379929445,4.43613825940523
m2_7_0.5k.tif,495,9.98000031745528,12.922322132672923,4.423028548042733,3.5646782548574483
m2_7_0.5k.tif,496,11.864891033475661,15.05935830898969,4.818082319700329,3.8867529452995675
m2_7_0.5k.tif,497,17.440199361914893,15.739480622736108,5.043421872976958,4.712276678597617
m2_7_0.5k.tif,498,26.626561483151068,21.297148879305777,6.648732776206629,5.82254162893406
m2_7_0.5k.tif,499,18.33304233266139,16.6529838544914,5.2288465133094375,4.831392601853864
m2_7_0.5k.tif,500,14.761670449675405,15.856171057993674,5.437188870102065,4.335336499382166
m2_7_0.5k.tif,501,15.614831510610946,15.409429947218573,5.274184181224593,4.458858706405324
m2_7_0.5k.tif,502,14.404533261376807,14.56428243819461,4.850914606329052,4.282571817475793
m2_7_0.5k.tif,503,22.63852954715005,19.0917568852702,6.136622231374249,5.368823991721731
m2_7_0.5k.tif,504,15.714036285138334,16.15790793620258,5.1945835898029085,4.4730003806887115
m2_7_0.5k.tif,505,13.372803606291967,14.495926715463282,4.494228754055171,4.126352187526887
m2_7_0.5k.tif,506,11.606958619704452,13.55410954391814,4.650445231047312,3.844273495566148
m2_7_0.5k.tif,507,14.622783765337061,14.680972944692789,4.863169568021395,4.314893572747593
m2_7_0.5k.tif,508,15.8330820145712,15.622790021250449,4.995990519515719,4.489911595564787
m2_7_0.5k.tif,509,16.309264932302664,16.02119630076496,5.704311180588189,4.556928906332663
m2_7_0.5k.tif,510,13.571213155346744,14.165876039945749,4.5512588282055235,4.156850401375727
m2_7_0.5k.tif,511,13.551372200441266,15.011023572716581,4.928014691973299,4.153810656617196
m2_7_0.5k.tif,512,12.638688274789292,14.350922316668994,4.722418163796693,4.011493201420434
m2_7_0.5k.tif,513,18.7695433405819,17.051390276487133,5.922736552716537,4.888570835924279
m2_7_0.5k.tif,514,13.69025888477961,14.495926715463282,4.919955790927677,4.1750423937683925
m2_7_0.5k.tif,515,10.872843288201777,14.66095198198144,4.263134374309302,3.7207168715513412
m2_7_0.5k.tif,516,14.781511404580883,14.914354005182883,5.121498060630455,4.338249053623613
m2_7_0.5k.tif,517,13.571213155346744,15.361095163451724,4.992017564199868,4.156850401375727
m2_7_0.5k.tif,518,11.924413898192094,13.389084301146854,4.5860017662236405,3.896490128688606
m2_7_0.5k.tif,519,11.983936762908527,13.767469689190627,4.919955790927677,3.9062030397997276
m2_7_0.5k.tif,520,9.583181219345727,11.727103056660688,3.9840637450199208,3.4930910799511534
m2_7_0.5k.tif,521,16.547356391168396,15.691145767728647,5.090411290510215,4.5900706441253964
m2_7_0.5k.tif,522,7.8967000523801225,12.475580998150951,4.423028548042733,3.1708659352931656
m2_7_0.5k.tif,523,12.975984508182412,15.691145767728647,5.363709967265443,4.064669310988127
m2_7_0.5k.tif,524,14.146600847605596,16.76967440848332,5.790614284362006,4.244056034356217
m2_7_0.5k.tif,525,21.071094109617313,17.614822012494763,5.704311180588189,5.1796283912266246
m2_7_0.5k.tif,526,13.472008380819355,15.807836321720565,4.650445231047312,4.141629367466714
m2_7_0.5k.tif,527,18.452088062094255,16.48795856422637,5.262886379929445,4.847053558977249
m2_7_0.5k.tif,528,21.8845732607419,17.896537714270483,6.18493015787252,5.2786649917597845
m2_7_0.5k.tif,529,17.261630767765595,16.08955214223064,5.623742714539086,4.6880903255095605
m2_7_0.5k.tif,530,15.376740051745214,15.642810960214927,5.480803383345659,4.4247342861458945
m2_7_0.5k.tif,531,19.34493103284075,17.16808078298531,5.363709967265443,4.962935742198088
m2_7_0.5k.tif,532,14.245805622132984,14.894332994977793,5.105978333855099,4.2589110186419985
m2_7_0.5k.tif,533,15.218012412501391,14.845998234957815,5.090411290510215,4.401837706670627
m2_7_0.5k.tif,534,15.178330502690436,15.07937931919478,4.995990519515719,4.396094928352368
m2_7_0.5k.tif,535,14.245805622132984,14.797663474937835,4.751737227839269,4.2589110186419985
m2_7_0.5k.tif,536,13.610895065157699,14.09752034096129,4.542531574100152,4.162923232080969
m2_7_0.5k.tif,537,13.233916921953622,14.310880414993166,4.928014691973299,4.1048686162618155
m2_7_0.5k.tif,538,18.35288328756687,16.206242648728818,5.469932357667722,4.834006284815858
m2_7_0.5k.tif,539,17.519563181536803,16.1378869972381,5.411584743906823,4.722986412135741
m2_7_0.5k.tif,540,18.710020475865466,17.6348429039655,6.022396995151783,4.880813247060014
m2_7_0.5k.tif,541,12.301392041396172,13.670800121656928,4.542531574100152,3.95760265847849
m2_7_0.5k.tif,542,21.130616974333744,17.498131363515363,5.735529899955367,5.186939091253511
m2_7_0.5k.tif,543,13.809304614212476,14.399257100435843,4.5860017662236405,4.193155460999399
m2_7_0.5k.tif,544,17.698131775686104,16.48795849298576,5.817960902992126,4.746994969950726
m2_7_0.5k.tif,545,9.781590768400504,12.193865130147136,3.9840637450199208,3.5290661904736114
m2_7_0.5k.tif,546,17.023539308899863,16.254577456242536,5.1677775980369915,4.65564640403938
m2_7_0.5k.tif,547,15.41642196155617,15.176048862981608,4.9800796812749,4.430439942012186
m2_7_0.5k.tif,548,16.34894684211362,15.224383741735938,5.039486311025306,4.562469247474675
m2_7_0.5k.tif,549,16.567197346073876,16.206242696222557,5.039486311025306,4.592821660640951
m2_7_0.5k.tif,550,19.384612942651707,17.799868194230527,5.637837329914306,4.96802332502266
m2_7_0.5k.tif,551,11.666481484420885,13.369063267194893,4.494228754055171,3.854118002070675
m2_7_0.5k.tif,552,12.559324455167381,14.04918548595383,4.646176808641674,3.998878411689772
m2_7_0.5k.tif,553,15.356899096839737,15.127714055467887,4.995990519515719,4.421878697409514
m2_7_0.5k.tif,554,12.856938778749546,13.534088604953661,4.476534871363393,4.045981077234906
m2_7_0.5k.tif,555,15.991809653815022,15.691145743981776,5.29296026118981,4.512361293504192
m2_7_0.5k.tif,556,21.209980793955655,17.896537738017354,5.942802346683785,5.196670692851111
m2_7_0.5k.tif,557,17.12274408342725,16.439623756712653,5.662418487470875,4.669192101573849
m2_7_0.5k.tif,558,16.983857399088908,15.856171129234285,5.171615532170188,4.650217076939836
m2_7_0.5k.tif,559,25.23769463976763,19.276803185740317,6.068345104274031,5.668653352719921
m2_7_0.5k.tif,560,17.99574609926827,16.604649070724548,5.70778835932048,4.7867416444385125
m2_7_0.5k.tif,561,13.273598831764579,14.04918553344757,4.5512588282055235,4.111018235614277
m2_7_0.5k.tif,562,5.6546721480611435,9.871782653360254,3.5467119152918047,2.6832353962006343
m2_7_0.5k.tif,563,12.618847319883814,13.767469665443755,4.423028548042733,4.008343225904114
m2_7_0.5k.tif,564,10.714115648957955,13.6024443989256,4.409550522147143,3.6934585054010163
m2_7_0.5k.tif,565,14.54341994571515,16.274598466447625,5.6343169815661165,4.303168296798842
m2_7_0.5k.tif,566,25.257535594673104,19.091756837776458,6.355799256391959,5.670881159193319
m2_7_0.5k.tif,567,13.968032253456297,14.894333089965274,5.469932357667722,4.217185201913329
m2_7_0.5k.tif,568,18.035428009079226,16.1378869972381,5.179282868525897,4.792016292478964
m2_7_0.5k.tif,569,10.59506991952509,12.640606288415979,4.008886812250619,3.6728819747949073
m2_7_0.5k.tif,570,11.468071935366108,13.369063290941764,4.932039204438227,3.821204350721856
m2_7_0.5k.tif,571,11.864891033475661,14.330901306463904,4.5512588282055235,3.8867529452995675
m2_7_0.5k.tif,572,12.301392041396172,15.827857284431914,5.171615532170188,3.95760265847849
m2_7_0.5k.tif,573,19.563181536801007,17.381440833270315,5.8008843739287,4.990853269080134
m2_7_0.5k.tif,574,10.23793273122649,13.272393747154936,5.027661141085244,3.6104488377120143
m2_7_0.5k.tif,575,15.178330502690436,14.612617174467719,4.646176808641674,4.396094928352368
m2_7_0.5k.tif,576,12.975984508182412,14.56428239070087,4.863169568021395,4.064669310988127
m2_7_0.5k.tif,577,17.162425993238205,16.206242696222557,5.171615532170188,4.674599390127622
m2_7_0.5k.tif,578,15.793400104760245,16.721339600969596,5.121498060630455,4.484281610158443
m2_7_0.5k.tif,579,16.825129759845087,16.789695371194664,5.735529899955367,4.628436080960305
m2_7_0.5k.tif,580,15.13864859287948,17.168080711744697,5.240217704368887,4.390344638215032
m2_7_0.5k.tif,581,18.67033856605451,16.60464909447142,5.979414748925751,4.875634663907315
m2_7_0.5k.tif,582,1.4285487531943941,5.275952436059595,2.154711917607962,1.3486603590783022
m2_7_0.5k.tif,583,8.25383724067872,11.843793491918253,4.033557117792149,3.2417760518949956
m2_7_0.5k.tif,584,9.325248805574516,12.475580974404082,4.373406055796843,3.4457619685276892
m2_7_0.5k.tif,585,15.793400104760245,17.284771313230355,5.641355481476612,4.484281610158443
m2_7_0.5k.tif,586,14.325169441754896,15.12771410296163,4.919955790927677,4.270757803747957
m2_7_0.5k.tif,587,13.749781749496043,14.447591860455821,4.663227056063596,4.184108728861642
m2_7_0.5k.tif,588,8.53161060935541,12.173844143688918,4.101844677684064,3.295873785221965
m2_7_0.5k.tif,589,11.587117664798974,13.272393699661196,4.423028548042733,3.840986386375433
m2_7_0.5k.tif,590,14.999761908541137,15.691145767728647,5.078704694813531,4.370159038704055
m2_7_0.5k.tif,591,23.055189600165082,18.906710608546955,6.178510924012281,5.418005085850054
m2_7_0.5k.tif,592,14.46405612609324,15.244404656953547,4.928014691973299,4.291410984397881
m2_7_0.5k.tif,593,24.02739639053349,18.556639065305554,5.9926728910324005,5.531060589204764
m2_7_0.5k.tif,594,25.713877557499092,19.373472682033405,6.136622231374249,5.72188131253051
m2_7_0.5k.tif,595,15.198171457595913,16.15790791245571,5.039486311025306,4.398967254649251
m2_7_0.5k.tif,596,22.89646196092126,18.013228363249883,5.912678119384793,5.399322254058314
m2_7_0.5k.tif,597,17.20210790304916,16.439623780459524,5.480803383345659,4.68000043108582
m2_7_0.5k.tif,598,9.999841272360758,13.03901268666484,4.423028548042733,3.568219913212259
m2_7_0.5k.tif,599,22.221869494135017,18.810040993519515,6.188137277692856,5.319188189740674
m2_7_0.5k.tif,600,19.761591085855784,18.57665995677629,5.9926728910324005,5.0160980091498875
m2_7_0.5k.tif,601,11.78552721385375,12.970656868946032,4.258477754269313,3.873731960813889
m2_7_0.5k.tif,602,16.60687925588483,15.409429947218573,5.29296026118981,4.598318756158018
m2_7_0.5k.tif,603,14.087077982889163,15.52612045371675,5.078704694813531,4.235118033488858
m2_7_0.5k.tif,604,17.420358407009417,17.449796603495383,5.274184181224593,4.709595439872095
m2_7_0.5k.tif,605,14.860875224202793,15.506099609739753,5.140831832894,4.349879769008567
m2_7_0.5k.tif,606,22.182187584324062,18.013228339503012,5.862127079506838,5.314436792463972
m2_7_0.5k.tif,607,13.928350343645342,14.797663498684706,4.919955790927677,4.21119062148163
m2_7_0.5k.tif,608,14.444215171187762,14.330901401451385,4.663227056063596,4.288466619739489
m2_7_0.5k.tif,609,19.44413580736814,18.343278848792455,5.6343169815661165,4.975644945445976
m2_7_0.5k.tif,610,16.210060157775278,15.876192068198764,5.2288465133094375,4.54304849362357
m2_7_0.5k.tif,611,17.65844986587515,16.08955214223064,5.140831832894,4.74167024032203
m2_7_0.5k.tif,612,9.38477167029095,12.125509359922068,3.923847729799245,3.4567415883928465
m2_7_0.5k.tif,613,14.225964667227506,16.13788697349123,5.078704694813531,4.255944169784099
m2_7_0.5k.tif,614,16.844970714750563,15.409429899724833,5.027661141085244,4.631164307593303
m2_7_0.5k.tif,615,15.813241059665723,15.807836345467436,5.360009580507454,4.487097485858333
m2_7_0.5k.tif,616,14.345010396660374,16.206242696222557,5.027661141085244,4.273714368867558
m2_7_0.5k.tif,617,17.89654132474088,17.449796627242254,5.623742714539086,4.773529525272375
m2_7_0.5k.tif,618,19.086998619069544,17.11974599921846,5.697350456603623,4.929738475021244
m2_7_0.5k.tif,619,20.6345931016968,17.284771313230355,5.556305052183807,5.125697994088197
m2_7_0.5k.tif,620,17.99574609926827,16.302912358743736,5.315404009612085,4.7867416444385125
m2_7_0.5k.tif,621,20.198092093776292,17.05139020524652,5.480803383345659,5.071194098237477
m2_7_0.5k.tif,622,17.003698353994384,15.807836297973695,5.259115052766568,4.6529325323986646
m2_7_0.5k.tif,623,13.650576974968654,14.729307752206507,4.751737227839269,4.168987216696806
m2_7_0.5k.tif,624,19.741750130950308,17.333106073250335,5.8077210108020925,5.013579255283245
m2_7_0.5k.tif,625,13.055348327804323,14.330901330210775,4.650445231047312,4.07708054387604
m2_7_0.5k.tif,626,11.944254853097572,13.60244437517873,4.822198580442313,3.8997304536799353
m2_7_0.5k.tif,627,2.460278408279234,7.03460324807946,2.7745793380844863,1.769893714458358
m2_7_0.5k.tif,628,13.0751892827098,13.884160171941932,4.516248625001847,4.08017745320513
m2_7_0.5k.tif,629,14.38469230647133,14.61261719821459,4.688686173681203,4.279621371505539
m2_7_0.5k.tif,630,18.888589070014767,17.216415471764677,5.6694220999034695,4.904049199202142
m2_7_0.5k.tif,631,11.983936762908527,13.204038000676737,4.263134374309302,3.9062030397997276
m2_7_0.5k.tif,632,15.515626736083558,15.856171081740545,5.440836766433332,4.444672037589696
m2_7_0.5k.tif,633,17.28147172267107,17.731512400258588,5.662418487470875,4.690783856513462
m2_7_0.5k.tif,634,6.071332201076174,10.085142703645259,3.403985555903399,2.78033455678164
m2_7_0.5k.tif,635,20.694115966413236,17.799868194230527,5.976095617529881,5.13308550403874
m2_7_0.5k.tif,636,15.932286789098589,15.5744552374836,5.363709967265443,4.503955769980644
m2_7_0.5k.tif,637,21.150457929239224,17.779847279012916,5.942802346683785,5.189373702554554
m2_7_0.5k.tif,638,12.65852922969477,15.759501514206846,4.919955790927677,4.0146407053973485
m2_7_0.5k.tif,639,19.424294852462662,17.401461819728535,5.623742714539086,4.973105703154833
m2_7_0.5k.tif,640,21.904414215647375,17.61482194125415,5.637837329914306,5.28105731682788
m2_7_0.5k.tif,641,37.816860049840486,27.768320391377607,8.884104829074804,6.939014459789824
m2_7_0.5k.tif,642,20.297296868303683,19.16011260800153,6.424109759600438,5.083632660209963
m2_7_0.5k.tif,643,19.583022491706483,16.934699627507733,5.440836766433332,4.99338348636261
m2_7_0.5k.tif,644,12.360914906112605,14.214210799965727,4.813962539280706,3.967165949083665
m2_7_0.5k.tif,645,10.75379755876891,12.805631626174746,4.0629637558508245,3.7002919219841335
m2_7_0.5k.tif,646,10.178409866510057,12.52391571067719,4.188007179607299,3.5999380473229197
m2_7_0.5k.tif,647,18.4124061522833,17.11974599921846,5.304194006252729,4.8418388683239035
m2_7_0.5k.tif,648,18.35288328756687,17.07141119170474,5.697350456603623,4.834006284815858
m2_7_0.5k.tif,649,23.987714480722534,19.256782175535225,5.8992401971955575,5.526491352085175
m2_7_0.5k.tif,650,16.487833526451965,16.04121735846379,5.090411290510215,4.581807683970252
m2_7_0.5k.tif,651,14.999761908541137,14.894332994977793,4.863169568021395,4.370159038704055
m2_7_0.5k.tif,652,14.404533261376807,14.797663451190965,4.919955790927677,4.282571817475793
m2_7_0.5k.tif,653,21.725845621498078,17.73151251899294,5.976095617529881,5.259487217220196
m2_7_0.5k.tif,654,15.158489547784958,15.292739440720396,5.213646345937212,4.393220724103723
m2_7_0.5k.tif,655,12.32123299630165,13.485753821186812,4.633347948052991,3.9607929876209105
m2_7_0.5k.tif,656,20.41634259773655,18.528325244250052,6.57672271682039,5.098518878488065
m2_7_0.5k.tif,657,16.844970714750563,16.041217429704403,5.179282868525897,4.631164307593303
m2_7_0.5k.tif,658,17.340994587387506,15.856171057993674,5.418912553281054,4.698855185436149
m2_7_0.5k.tif,659,14.523578990809673,14.56428243819461,4.928014691973299,4.300231982368356
m2_7_0.5k.tif,660,22.618688592244574,19.276803114499707,6.414837525141282,5.366470792401269
m2_7_0.5k.tif,661,17.241789812860116,15.972861611985591,4.992017564199868,4.685395246053996
m2_7_0.5k.tif,662,15.178330502690436,15.477785693696772,4.863169568021395,4.396094928352368
m2_7_0.5k.tif,663,15.872763924382156,15.526120477463621,5.1945835898029085,4.495534530261007
m2_7_0.5k.tif,664,17.89654132474088,16.65298387823827,5.735529899955367,4.773529525272375
m2_7_0.5k.tif,665,14.483897080998718,15.12771410296163,4.899750548306312,4.2943533302933705
m2_7_0.5k.tif,666,24.16628307487183,18.57665993302942,5.942802346683785,5.547023279218402
m2_7_0.5k.tif,667,15.793400104760245,15.292739393226656,5.1945835898029085,4.484281610158443
m2_7_0.5k.tif,668,12.896620688560501,14.729307704712767,5.140831832894,4.052220064868744
m2_7_0.5k.tif,669,19.1266805288805,16.652983901985138,5.418912553281054,4.934860282610512
m2_7_0.5k.tif,670,20.75363883112967,17.68317766398548,5.704311180588189,5.140462397192059
m2_7_0.5k.tif,671,11.924413898192094,13.65077918269245,4.423028548042733,3.896490128688606
m2_7_0.5k.tif,672,19.72190917604483,16.886364938728363,5.549158676168973,5.011059235392807
m2_7_0.5k.tif,673,15.317217187028781,17.353127012214813,5.637837329914306,4.416161980478313
m2_7_0.5k.tif,674,14.305328486849419,14.515947630680891,4.701364032352967,4.267799190435641
m2_7_0.5k.tif,675,1.6071173473436933,5.159261905814548,1.88980736663449,1.4304703281326274
m2_7_0.5k.tif,676,14.345010396660374,15.876192091945635,5.213646345937212,4.273714368867558
m2_7_0.5k.tif,677,17.717972730591583,16.37126791524697,5.418912553281054,4.7496550962284045
m2_7_0.5k.tif,678,21.051253154711834,17.401461914716016,5.697350456603623,5.177189197123276
m2_7_0.5k.tif,679,14.225964667227506,14.379236090230753,4.6204834680251805,4.255944169784099
m2_7_0.5k.tif,680,16.844970714750563,15.409429947218573,4.995990519515719,4.631164307593303
m2_7_0.5k.tif,681,16.210060157775278,16.13788704473184,5.495264631128974,4.54304849362357
m2_7_0.5k.tif,682,19.463976762273617,16.76967440848332,5.3451824163341595,4.978182892535493
m2_7_0.5k.tif,683,1.3491849335724833,4.712520747545706,1.7136106109646667,1.3106622793783946
m2_7_0.5k.tif,684,19.245726258313365,17.11974595172472,5.509687922684993,4.9501939092557246
m2_7_0.5k.tif,685,15.436262916461647,15.691145838969259,5.363709967265443,4.433290016248418
m2_7_0.5k.tif,686,17.22194885795464,16.419603007723136,5.665921375827846,4.6826986154731784
m2_7_0.5k.tif,687,11.170457611783942,13.719134905423777,4.650445231047312,3.7712953164809595
m2_7_0.5k.tif,688,14.225964667227506,14.777642559720228,4.919955790927677,4.255944169784099
m2_7_0.5k.tif,689,23.967873525817055,18.975066355025152,5.9926728910324005,5.5242053162677855
m2_7_0.5k.tif,690,19.642545356422918,18.645015727001358,5.735529899955367,5.000966457301199
m2_7_0.5k.tif,691,13.214075967048144,14.729307775953378,4.883526164195723,4.1017903491500185
m2_7_0.5k.tif,692,11.170457611783942,13.087347422937949,4.5512588282055235,3.7712953164809595
m2_7_0.5k.tif,693,7.3808352248377025,11.115336560633079,3.867826262738566,3.0655458374386786
m2_7_0.5k.tif,694,19.503658672084573,17.964893531989294,5.524073555323525,4.9832549090243194
m2_7_0.5k.tif,695,20.47586546245298,17.68317768773235,5.8587415019333635,5.105945712546509
m2_7_0.5k.tif,696,11.726004349137318,13.485753821186812,4.735005706774786,3.863937426907705
m2_7_0.5k.tif,697,20.098887319248906,17.099725107747723,5.882399625590996,5.058724952005575
m2_7_0.5k.tif,698,15.376740051745214,15.011023525222841,4.995990519515719,4.4247342861458945
m2_7_0.5k.tif,699,15.475944826272602,15.361095187198595,5.102091025842908,4.438984675007318
m2_7_0.5k.tif,700,18.213996603228523,16.322933226467605,5.38217373948458,4.815680714385297
m2_7_0.5k.tif,701,21.94409612545833,17.779847231519177,5.665921375827846,5.285838718727919
m2_7_0.5k.tif,702,19.920318725099605,17.119745975471588,5.637837329914306,5.036202690969175
m2_7_0.5k.tif,703,23.749623021856802,21.647220398800307,6.3776137823036345,5.498996199669599
m2_7_0.5k.tif,704,18.4124061522833,16.818009192250166,5.637837329914306,4.8418388683239035
m2_7_0.5k.tif,705,20.39650164283107,17.216415448017806,5.735529899955367,5.096040861875838
m2_7_0.5k.tif,706,19.583022491706483,17.16808075923844,5.922736552716537,4.99338348636261
m2_7_0.5k.tif,707,15.198171457595913,14.729307823447119,4.850914606329052,4.398967254649251
m2_7_0.5k.tif,708,17.598927001158714,15.739480575242366,5.039486311025306,4.733671915414363
m2_7_0.5k.tif,709,14.047396073078207,14.729307704712767,4.899750548306312,4.2291488719127175
m2_7_0.5k.tif,710,14.583101855526106,15.409429947218573,5.315404009612085,4.309034922967852
m2_7_0.5k.tif,711,20.257614958492727,17.333106096997206,5.70778835932048,5.078660891137692
m2_7_0.5k.tif,712,18.84890716020381,16.322933178973866,5.662418487470875,4.89889517865133
m2_7_0.5k.tif,713,9.999841272360758,12.407225227925883,3.9690953874843182,3.568219913212259
m2_7_0.5k.tif,714,5.952286471643308,10.648574415906017,3.9289009807402433,2.752941430050482
m2_7_0.5k.tif,715,22.81709814129935,18.178253558527427,5.885771594698868,5.389956553591644
m2_7_0.5k.tif,716,19.563181536801007,17.05139022899339,5.74935047396885,4.990853269080134
m2_7_0.5k.tif,717,23.5710544277075,18.741685247041318,5.942802346683785,5.478284275981125
m2_7_0.5k.tif,718,12.360914906112605,14.447591884202692,4.797448039359481,3.967165949083665
m2_7_0.5k.tif,719,17.83701846002445,16.371268010234456,5.613148527332818,4.765584671734857
m2_7_0.5k.tif,720,16.229901112680754,15.526120477463621,5.363709967265443,4.545827966807186
m2_7_0.5k.tif,721,19.72190917604483,17.05139020524652,5.5348382428086875,5.011059235392807
m2_7_0.5k.tif,722,16.487833526451965,15.904505960494875,5.274184181224593,4.581807683970252
m2_7_0.5k.tif,723,16.487833526451965,16.041217405957532,5.102091025842908,4.581807683970252
m2_7_0.5k.tif,724,12.261710131585215,13.835825411921954,4.797448039359481,3.9512142722983388
m2_7_0.5k.tif,725,18.035428009079226,17.401461843475403,5.790614284362006,4.792016292478964
m2_7_0.5k.tif,726,21.586958937159732,18.246609328752495,5.8077210108020925,5.2426491175135785
m2_7_0.5k.tif,727,17.023539308899863,16.254577408748794,5.259115052766568,4.65564640403938
m2_7_0.5k.tif,728,20.614752146791325,17.964893508242422,5.8587415019333635,5.123233123546966
m2_7_0.5k.tif,729,18.4124061522833,17.05139018149965,5.641355481476612,4.8418388683239035
m2_7_0.5k.tif,730,9.047475436897829,11.445387212403743,4.101844677684064,3.3940541401513267
m2_7_0.5k.tif,731,15.594990555705468,15.691145767728647,5.1945835898029085,4.456024985937084
m2_7_0.5k.tif,732,17.400517452103937,15.807836297973695,5.179282868525897,4.706912673809986
m2_7_0.5k.tif,733,17.321153632482027,16.371267986487585,5.105978333855099,4.696166283822287
m2_7_0.5k.tif,734,15.436262916461647,15.924526899459353,5.581245309211913,4.433290016248418
m2_7_0.5k.tif,735,21.11077601942827,17.284771218242874,5.549158676168973,5.184503336673903
m2_7_0.5k.tif,736,3.7896223869462395,8.04477609486219,2.709456276640527,2.1966103620518616
m2_7_0.5k.tif,737,10.118887001793624,12.173844143688918,4.028635142660694,3.5893964784334247
m2_7_0.5k.tif,738,14.583101855526106,14.515947630680891,4.789169434331199,4.309034922967852
m2_7_0.5k.tif,739,19.305249123029796,17.0030553977328,5.581245309211913,4.957842938658439
m2_7_0.5k.tif,740,15.198171457595913,15.127714079214758,5.027661141085244,4.398967254649251
m2_7_0.5k.tif,741,23.551213472802022,18.528325173009442,5.8587415019333635,5.47597811537547
m2_7_0.5k.tif,742,23.49169060808559,19.771879080282265,6.255106959405412,5.469053798866692
m2_7_0.5k.tif,743,22.420279043189794,18.17825367726178,6.028982450367154,5.342881795603032
m2_7_0.5k.tif,744,18.729861430770946,17.119745975471588,5.5348382428086875,4.883400479283619
m2_7_0.5k.tif,745,12.757734004222158,14.379236137724494,4.846822733305355,4.030341354697902
m2_7_0.5k.tif,746,15.376740051745214,15.176048862981608,5.29296026118981,4.4247342861458945
m2_7_0.5k.tif,747,20.773479786035146,17.16808078298531,5.6694220999034695,5.142919010186384
m2_7_0.5k.tif,748,13.968032253456297,15.127714079214758,4.789169434331199,4.217185201913329
m2_7_0.5k.tif,749,20.713956921318715,17.381440833270315,5.74935047396885,5.135545645806647
m2_7_0.5k.tif,750,16.09101442834241,16.274598466447625,5.623742714539086,4.526335812229316
m2_7_0.5k.tif,751,4.861033951842035,9.239995194621295,2.941199812795498,2.487822472722988
m2_7_0.5k.tif,752,18.610815701338076,16.652983830744528,5.418912553281054,4.86785645954374
m2_7_0.5k.tif,753,13.69025888477961,14.262545607479446,4.863169568021395,4.1750423937683925
m2_7_0.5k.tif,754,21.388549388104956,18.479990460483204,5.942802346683785,5.21850044413683
m2_7_0.5k.tif,755,7.40067617974318,12.290534745174575,4.476534871363393,3.0696634294053426
m2_7_0.5k.tif,756,16.567197346073876,17.16808078298531,5.8315861228304575,4.592821660640951
m2_7_0.5k.tif,757,20.8131616958461,17.56648708624669,5.581245309211913,5.1478287191901035
m2_7_0.5k.tif,758,16.78544785003413,17.61482196500102,5.735529899955367,4.622974797546842
m2_7_0.5k.tif,759,5.357057824478978,9.59006678535644,3.6568844124872153,2.611669555200189
m2_7_0.5k.tif,760,20.098887319248906,19.160112631748397,6.764114281414202,5.058724952005575
m2_7_0.5k.tif,761,20.614752146791325,19.820213935289726,6.621820772348471,5.123233123546966
m2_7_0.5k.tif,762,16.52751543626292,15.807836297973695,5.304194006252729,4.587317977824381
m2_7_0.5k.tif,763,18.69017952095999,16.721339577222725,5.179282868525897,4.878224642663103
m2_7_0.5k.tif,764,18.5909747464326,16.53629332424635,5.440836766433332,4.865260961380257
m2_7_0.5k.tif,765,12.91646164346598,16.10957315243573,6.0716138064255665,4.0553359592659906
m2_7_0.5k.tif,766,19.305249123029796,16.536293347993222,5.29296026118981,4.957842938658439
m2_7_0.5k.tif,767,15.356899096839737,16.391288996692673,5.2288465133094375,4.421878697409514
m2_7_0.5k.tif,768,16.944175489277953,16.886364914981495,5.549158676168973,4.644781403454952
m2_7_0.5k.tif,769,18.07510991889018,16.13788697349123,5.304194006252729,4.797285141011086
m2_7_0.5k.tif,770,14.444215171187762,14.962688812696603,5.2288465133094375,4.288466619739489
m2_7_0.5k.tif,771,11.26966238631133,12.970656916439772,4.423028548042733,3.7880047262465273
m2_7_0.5k.tif,772,19.543340581895528,16.866343952270146,5.549158676168973,4.98832176840036
m2_7_0.5k.tif,773,21.32902652338852,17.731512471499197,5.8587415019333635,5.211234020871008
m2_7_0.5k.tif,774,23.114712464881514,18.129918822254318,5.862127079506838,5.424994559948418
m2_7_0.5k.tif,775,16.725924985317697,17.401461795981664,5.140831832894,4.614770754174078
m2_7_0.5k.tif,776,20.991730289995402,18.01322822076866,5.704311180588189,5.169864709800158
m2_7_0.5k.tif,777,17.04338026380534,16.13788697349123,5.274184181224593,4.658358694630091
m2_7_0.5k.tif,778,14.265646577038464,14.612617150720848,5.121498060630455,4.261875802167537
m2_7_0.5k.tif,779,14.424374216282285,14.845998258704684,4.992017564199868,4.2855202321572206
m2_7_0.5k.tif,780,19.82111395057222,16.604649070724548,5.304194006252729,5.023646693645001
m2_7_0.5k.tif,781,19.741750130950308,17.236436529463507,5.817960902992126,5.013579255283245
m2_7_0.5k.tif,782,27.578927318613996,20.898742552297527,7.4027506677538035,5.925755720871071
m2_7_0.5k.tif,783,18.610815701338076,16.254577551230017,5.29296026118981,4.86785645954374
m2_7_0.5k.tif,784,20.178251138870817,17.634842880218628,6.0585284166316935,5.068702722946736
m2_7_0.5k.tif,785,21.071094109617313,17.848202977997374,5.641355481476612,5.1796283912266246
m2_7_0.5k.tif,786,21.686163711687122,17.964893650723646,6.081409371503486,5.254681837306681
m2_7_0.5k.tif,787,12.956143553276934,15.011023525222841,5.078704694813531,4.061560576834689
m2_7_0.5k.tif,788,22.04330089998572,17.566487157487302,5.8077210108020925,5.297773343807568
m2_7_0.5k.tif,789,14.602942810431584,14.729307728459636,4.883526164195723,4.311965242873315
m2_7_0.5k.tif,790,14.741829494769927,15.011023525222841,4.995990519515719,4.332421987120398
m2_7_0.5k.tif,791,9.166521166330694,12.407225227925883,3.9137216542606574,3.4163104713453847
m2_7_0.5k.tif,792,24.1067602101554,18.858375801033233,5.817960902992126,5.540187758101524
m2_7_0.5k.tif,793,17.956064189457315,16.536293419233832,5.704311180588189,4.781461177696624
m2_7_0.5k.tif,794,22.003618990174765,17.731512424005455,5.8008843739287,5.293002722989673
m2_7_0.5k.tif,795,20.6345931016968,17.518152326226712,5.70778835932048,5.125697994088197
m2_7_0.5k.tif,796,11.01172997254012,12.688941048435957,4.409550522147143,3.7444051673107612
m2_7_0.5k.tif,797,17.83701846002445,17.96489348449555,5.240217704368887,4.765584671734857
m2_7_0.5k.tif,798,20.198092093776292,17.51815234997358,5.912678119384793,5.071194098237477
m2_7_0.5k.tif,799,13.392644561197445,15.972861659479333,5.105978333855099,4.129412145075723
m2_7_0.5k.tif,800,16.725924985317697,16.10957315243573,5.304194006252729,4.614770754174078
m2_7_0.5k.tif,801,13.710099839685087,14.04918548595383,4.646176808641674,4.178066691444054
m2_7_0.5k.tif,802,22.53932477262266,18.01322831575614,5.8008843739287,5.357047658191221
m2_7_0.5k.tif,803,16.884652624561518,15.574455308724211,5.039486311025306,4.636615944922339
m2_7_0.5k.tif,804,11.150616656878464,12.902301193708444,4.1594846649046024,3.7679445425483986
m2_7_0.5k.tif,805,21.11077601942827,17.77984725526605,6.251934193814828,5.184503336673903
m2_7_0.5k.tif,806,22.10282376470215,17.68317766398548,5.581245309211913,5.304921231039241
m2_7_0.5k.tif,807,20.952048380184447,18.013228268262402,5.745898446954564,5.164975947751852
m2_7_0.5k.tif,808,14.146600847605596,14.680972920945917,4.899750548306312,4.244056034356217
m2_7_0.5k.tif,809,24.682147902414254,19.04342212525022,6.0977003446270786,5.605915336352831
m2_7_1.7k.tif,1,19.10683957397502,17.56648713374043,5.641355481476612,4.932300043640466
m2_7_1.7k.tif,2,18.7695433405819,16.58462806051946,5.240217704368887,4.888570835924279
m2_7_1.7k.tif,3,15.57514960079999,17.731512471499197,5.240217704368887,4.453189462273599
m2_7_1.7k.tif,4,15.118807637974003,16.391288996692673,6.068345104274031,4.387466666985918
m2_7_1.7k.tif,5,15.733877240043812,16.673004793455878,5.469932357667722,4.475823353756526
m2_7_1.7k.tif,6,13.809304614212476,14.262545726213798,4.919955790927677,4.193155460999399
m2_7_1.7k.tif,7,1.7063221218710818,5.839384100826614,2.323088404320837,1.4739595658031712
m2_7_1.7k.tif,8,26.24958333994699,19.58683277981215,6.485585894860441,5.781177003106013
m2_7_1.7k.tif,9,15.49578578117808,15.011023572716581,4.846822733305355,4.441829266568087
m2_7_1.7k.tif,10,12.241869176679737,13.58242343621425,4.722418163796693,3.948016202755902
m2_7_1.7k.tif,11,20.297296868303683,17.236436458222897,5.8587415019333635,5.083632660209963
m2_7_1.7k.tif,12,20.773479786035146,17.663156748767868,5.556305052183807,5.142919010186384
m2_7_1.7k.tif,13,16.50767448135744,15.361095187198595,5.274184181224593,4.584563658766209
m2_7_1.7k.tif,14,25.039285090712852,19.1400917877714,6.365157493494207,5.646326943189987
m2_7_1.7k.tif,15,17.99574609926827,17.56648713374043,5.363709967265443,4.7867416444385125
m2_7_1.7k.tif,16,22.618688592244574,18.013228363249883,5.8992401971955575,5.366470792401269
m2_7_1.7k.tif,17,22.142505674513107,19.67520951274857,5.912678119384793,5.309681143375073
m2_7_1.7k.tif,18,22.063141854891196,18.246609328752495,6.005901765610094,5.300157043970393
m2_7_1.7k.tif,19,23.749623021856802,20.355331779001244,6.775837191910339,5.498996199669599
m2_7_1.7k.tif,20,15.118807637974003,14.894333042471533,5.039486311025306,4.387466666985918
m2_7_1.7k.tif,21,16.666402120601262,15.759501561700587,5.140831832894,4.606552099825584
m2_7_1.7k.tif,22,12.380755861018082,13.767469665443755,4.646176808641674,3.97034859375847
m2_7_1.7k.tif,23,18.174314693417568,16.487958587973242,5.437188870102065,4.81043201449938
m2_7_1.7k.tif,24,12.281551086490692,13.55410954391814,4.688686173681203,3.9544097554508753
m2_7_1.7k.tif,25,17.06322121871082,16.322933226467605,5.102091025842908,4.661069406930852
m2_7_1.7k.tif,26,10.396660370470313,12.873987348906073,4.476534871363393,3.638329165546148
m2_7_1.7k.tif,27,22.79725718639387,18.624994764290008,6.424109759600438,5.387612584551208
m2_7_1.7k.tif,28,19.840954905477695,17.44979657974851,5.665921375827846,5.026160402430598
m2_7_1.7k.tif,29,18.729861430770946,16.48795849298576,5.29296026118981,4.883400479283619
m2_7_1.7k.tif,30,18.25367851303948,16.41960274650756,5.179282868525897,4.820923699840562
m2_7_1.7k.tif,31,20.57507023698037,18.19827456873252,6.57672271682039,5.118299821369092
m2_7_1.7k.tif,32,13.987873208361775,16.13788685475688,6.178510924012281,4.220179298990474
m2_7_1.7k.tif,33,11.051411882351076,13.018991747700362,4.368866972004245,3.751145776128335
m2_7_1.7k.tif,34,20.55522928207489,17.381440833270315,5.885771594698868,5.115831386298411
m2_7_1.7k.tif,35,17.023539308899863,16.25457750373628,5.259115052766568,4.65564640403938
m2_7_1.7k.tif,36,17.83701846002445,16.13788694974436,5.623742714539086,4.765584671734857
m2_7_1.7k.tif,37,17.73781368549706,15.691145862716128,5.3451824163341595,4.752313733490184
m2_7_1.7k.tif,38,15.257694322312348,15.972861635732462,5.171615532170188,4.407573002532034
m2_7_1.7k.tif,39,19.543340581895528,17.09972494151963,5.509687922684993,4.98832176840036
m2_7_1.7k.tif,40,15.555308645894513,15.12771410296163,4.919955790927677,4.450352131968173
m2_7_1.7k.tif,41,14.563260900620628,15.59447622394182,5.179282868525897,4.306102608968533
m2_7_1.7k.tif,42,16.031491563625977,16.5563142869577,5.363709967265443,4.517956287957724
m2_7_1.7k.tif,43,15.813241059665723,16.04121738221066,5.8587415019333635,4.487097485858333
m2_7_1.7k.tif,44,15.654513420421901,15.244404633206676,5.440836766433332,4.464520751488168
m2_7_1.7k.tif,45,16.626720210790307,16.254577479989408,5.440836766433332,4.601064841058598
m2_7_1.7k.tif,46,1.1904572943286618,4.877546061557603,1.5170862760685078,1.231152835133672
m2_7_1.7k.tif,47,21.567117982254253,18.45996933154376,5.942802346683785,5.240239257989558
m2_7_1.7k.tif,48,15.337058141934259,16.371267986487585,5.8587415019333635,4.419021263380965
m2_7_1.7k.tif,49,15.971968698909544,16.206242648728818,5.637837329914306,4.509561193145499
m2_7_1.7k.tif,50,19.940159680005085,18.12991879850745,5.745898446954564,5.038710135830014
m2_7_1.7k.tif,51,19.007634799447633,16.721339624716467,5.469932357667722,4.919478862495594
m2_7_1.7k.tif,52,20.8131616958461,17.401461819728535,5.495264631128974,5.1478287191901035
m2_7_1.7k.tif,53,18.293360422850434,17.284771313230355,5.418912553281054,4.826160989489092
m2_7_1.7k.tif,54,22.995666735448648,20.61702663679997,6.55254350733009,5.411006583356202
m2_7_1.7k.tif,55,13.928350343645342,14.330901401451385,4.494228754055171,4.21119062148163
m2_7_1.7k.tif,56,18.392565197377824,16.371267962740713,5.363709967265443,4.839229415766639
m2_7_1.7k.tif,57,26.6860843478675,19.65518869251844,6.414837525141282,5.829046052815414
m2_7_1.7k.tif,58,15.23785336740687,14.894333042471533,4.735005706774786,4.404706288080772
m2_7_1.7k.tif,59,20.158410183965337,17.614821917507278,5.509687922684993,5.06621012248966
m2_7_1.7k.tif,60,19.10683957397502,17.4981314110091,5.623742714539086,4.932300043640466
m2_7_1.7k.tif,61,19.741750130950308,17.00305544522654,5.5348382428086875,5.013579255283245
m2_7_1.7k.tif,62,19.702068221139353,17.333106073250335,5.942802346683785,5.008537947567591
m2_7_1.7k.tif,63,19.36477198774623,17.216415566752158,5.623742714539086,4.965480185196418
m2_7_1.7k.tif,64,10.535547054808656,12.688941048435957,4.542531574100152,3.6625503594627142
m2_7_1.7k.tif,65,16.487833526451965,15.409429994712314,5.2288465133094375,4.581807683970252
m2_7_1.7k.tif,66,18.789384295487377,16.76967440848332,5.304194006252729,4.891153964683627
m2_7_1.7k.tif,67,16.190219202869798,16.391288996692673,5.817960902992126,4.540267318894828
m2_7_1.7k.tif,68,14.225964667227506,14.379236113977623,4.863169568021395,4.255944169784099
m2_7_1.7k.tif,69,16.96401644418343,15.972861659479333,5.437188870102065,4.647500034886704
m2_7_1.7k.tif,70,24.840875541658075,21.297148855558905,6.696309288434905,5.6239119005798415
m2_7_1.7k.tif,71,15.57514960079999,15.312760355938005,4.995990519515719,4.453189462273599
m2_7_1.7k.tif,72,19.10683957397502,17.401461819728535,5.9926728910324005,4.932300043640466
m2_7_1.7k.tif,73,15.317217187028781,17.05139020524652,5.509687922684993,4.416161980478313
m2_7_1.7k.tif,74,19.325090077935275,17.449796650989125,5.352601132487811,4.960389994022276
m2_7_1.7k.tif,75,18.154473738512092,16.206242672475685,5.363709967265443,4.807805515797161
m2_7_1.7k.tif,76,17.12274408342725,16.206242719969428,5.102091025842908,4.669192101573849
m2_7_1.7k.tif,77,13.888668433834386,14.797663474937835,4.919955790927677,4.205187495662104
m2_7_1.7k.tif,78,25.059126045618328,18.926731547511434,5.976095617529881,5.648563555257579
m2_7_1.7k.tif,79,19.840954905477695,17.216415543005287,5.549158676168973,5.026160402430598
m2_7_1.7k.tif,80,21.606799892065208,17.868223940708724,6.0977003446270786,5.245057869819633
m2_7_1.7k.tif,81,12.420437770829038,14.06920649615892,4.94810452126463,3.976706241695731
m2_7_1.7k.tif,82,20.872684560562536,17.68317766398548,5.790614284362006,5.155184515348728
m2_7_1.7k.tif,83,16.765606895128652,16.934699698748343,5.304194006252729,4.620241735056978
m2_7_1.7k.tif,84,17.28147172267107,16.041217405957532,5.039486311025306,4.690783856513462
m2_7_1.7k.tif,85,14.960079998730182,14.797663498684706,4.995990519515719,4.364374576819093
m2_7_1.7k.tif,86,10.991889017634643,12.805631602427875,4.300205805761535,3.741030308430094
m2_7_1.7k.tif,87,14.702147584958972,14.942667826238383,4.735005706774786,4.3265870727054985
m2_7_1.7k.tif,88,16.0116506087205,16.04121735846379,5.171615532170188,4.515159657366036
m2_7_1.7k.tif,89,21.547277027348777,18.246609352499366,5.976095617529881,5.237828289719317
m2_7_1.7k.tif,90,27.45988158918113,19.936904370547293,6.299357888781633,5.912952488654923
m2_7_1.7k.tif,91,18.134632783606612,17.284771241989745,5.8992401971955575,4.805177581457176
m2_7_1.7k.tif,92,16.944175489277953,15.622789997503578,4.9800796812749,4.644781403454952
m2_7_1.7k.tif,93,16.408469706830054,15.5060994910054,5.240217704368887,4.570767167481298
m2_7_1.7k.tif,94,17.539404136442283,16.954720708953435,5.882399625590996,4.725660053115311
m2_7_1.7k.tif,95,17.936223234551836,16.487958516732633,5.2288465133094375,4.7788187562858075
m2_7_1.7k.tif,96,18.273519467944958,16.769674360989576,5.979414748925751,4.823543055480626
m2_7_1.7k.tif,97,18.0552689639847,17.11974602296533,5.969451818235736,4.794651440488119
m2_7_1.7k.tif,98,22.360756178473363,17.896537809257964,5.665921375827846,5.335784761083734
m2_7_1.7k.tif,99,16.765606895128652,15.642810983961798,5.1945835898029085,4.620241735056978
m2_7_1.7k.tif,100,21.09093506452279,17.964893555736165,5.623742714539086,5.182066437203587
m2_7_1.7k.tif,101,15.773559149854767,17.168080711744697,5.745898446954564,4.4814639651361965
m2_7_1.7k.tif,102,15.8330820145712,15.127714079214758,4.883526164195723,4.489911595564787
m2_7_1.7k.tif,103,13.134712147426233,14.56428241444774,4.5860017662236405,4.089454109635709
m2_7_1.7k.tif,104,23.035348645259603,18.62499474054314,5.8992401971955575,5.415673256568022
m2_7_1.7k.tif,105,15.515626736083558,15.52612042996988,5.437188870102065,4.444672037589696
m2_7_1.7k.tif,106,15.75371819494929,15.457764707238551,5.121498060630455,4.478644547452196
m2_7_1.7k.tif,107,19.20604434850241,17.449796603495383,5.704311180588189,4.945087983287108
m2_7_1.7k.tif,108,19.503658672084573,16.769674360989576,5.440836766433332,4.9832549090243194
m2_7_1.7k.tif,109,11.924413898192094,13.884160148195063,4.899750548306312,3.896490128688606
m2_7_1.7k.tif,110,12.876779733655024,15.876192068198764,4.735005706774786,4.049101772706373
m2_7_1.7k.tif,111,21.94409612545833,17.848202930503636,5.70778835932048,5.285838718727919
m2_7_1.7k.tif,112,14.067237027983685,15.244404656953547,5.1677775980369915,4.23213450509215
m2_7_1.7k.tif,113,17.698131775686104,16.886364914981495,5.549158676168973,4.746994969950726
m2_7_1.7k.tif,114,18.471929016999734,16.838030131214644,5.259115052766568,4.849658801605014
m2_7_1.7k.tif,115,15.317217187028781,15.526120477463621,5.262886379929445,4.416161980478313
m2_7_1.7k.tif,116,13.293439786670056,14.165876063692618,4.797448039359481,4.114089598191084
m2_7_1.7k.tif,117,22.975825780543172,18.17825370100865,6.0585284166316935,5.408671736825337
m2_7_1.7k.tif,118,14.424374216282285,15.244404609459806,5.469932357667722,4.2855202321572206
m2_7_1.7k.tif,119,14.622783765337061,15.07937931919478,4.850914606329052,4.314893572747593
m2_7_1.7k.tif,120,17.182266948143685,16.487958516732633,5.538421822493166,4.677300690202897
m2_7_1.7k.tif,121,23.908350661100624,18.62499483553062,5.9926728910324005,5.5173415256904645
m2_7_1.7k.tif,122,16.805288804939607,15.341074200740374,4.919955790927677,4.625706245228314
m2_7_1.7k.tif,123,16.745765940223176,16.08955221347125,5.121498060630455,4.617507054891346
m2_7_1.7k.tif,124,11.666481484420885,13.932494955708782,4.542531574100152,3.854118002070675
m2_7_1.7k.tif,125,12.22202822177426,13.602444303938118,4.476534871363393,3.9448155405331904
m2_7_1.7k.tif,126,12.876779733655024,13.650779111451838,4.368866972004245,4.049101772706373
m2_7_1.7k.tif,127,17.28147172267107,16.536293347993222,5.704311180588189,4.690783856513462
m2_7_1.7k.tif,128,13.968032253456297,14.894333066218405,5.043421872976958,4.217185201913329
m2_7_1.7k.tif,129,12.04345962762496,13.650779158945578,4.883526164195723,3.915891859246565
m2_7_1.7k.tif,130,20.376660687925593,17.264750303025266,5.745898446954564,5.093561639709219
m2_7_1.7k.tif,131,14.503738035904195,15.011023525222841,5.043421872976958,4.297293661572679
m2_7_1.7k.tif,132,21.309185568483045,17.61482187001354,5.704311180588189,5.208809627150186
m2_7_1.7k.tif,133,14.702147584958972,15.807836321720565,5.043421872976958,4.3265870727054985
m2_7_1.7k.tif,134,22.063141854891196,18.178253558527427,5.8077210108020925,5.300157043970393
m2_7_1.7k.tif,135,15.8330820145712,15.127714079214758,5.027661141085244,4.489911595564787
m2_7_1.7k.tif,136,19.920318725099605,17.119745975471588,5.469932357667722,5.036202690969175
m2_7_1.7k.tif,137,18.868748115109288,16.302912311249997,5.274184181224593,4.901472866374373
m2_7_1.7k.tif,138,19.463976762273617,17.56648710999356,6.0977003446270786,4.978182892535493
m2_7_1.7k.tif,139,21.209980793955655,17.828181991539154,5.922736552716537,5.196670692851111
m2_7_1.7k.tif,140,14.345010396660374,15.244404656953547,5.418912553281054,4.273714368867558
m2_7_1.7k.tif,141,17.81717750511897,16.08955216597751,5.418912553281054,4.762933442226887
m2_7_1.7k.tif,142,14.880716179108271,15.292739440720396,4.992017564199868,4.352782592000316
m2_7_1.7k.tif,143,13.51169029063031,14.282566546443926,4.650445231047312,4.147724483888082
m2_7_1.7k.tif,144,15.852922969476678,15.244404656953547,5.262886379929445,4.492723942596306
m2_7_1.7k.tif,145,15.039443818352092,17.68317766398548,5.2288465133094375,4.37593585423149
m2_7_1.7k.tif,146,17.876700369835405,16.371268057728194,5.171615532170188,4.770882710804798
m2_7_1.7k.tif,147,16.210060157775278,15.409429923471702,4.995990519515719,4.54304849362357
m2_7_1.7k.tif,148,16.944175489277953,16.886364914981495,5.979414748925751,4.644781403454952
m2_7_1.7k.tif,149,19.72190917604483,17.683177711479217,5.8077210108020925,5.011059235392807
m2_7_1.7k.tif,150,12.73789304931668,14.962688788949732,4.9800796812749,4.027206121742115
m2_7_1.7k.tif,151,20.237774003587248,17.119745975471588,5.524073555323525,5.076173180534775
m2_7_1.7k.tif,152,12.32123299630165,14.04918543846009,4.9800796812749,3.9607929876209105
m2_7_1.7k.tif,153,14.781511404580883,15.477785717443643,5.581245309211913,4.338249053623613
m2_7_1.7k.tif,154,20.456024507547504,17.964893555736165,6.152767016526097,5.103471302072847
m2_7_1.7k.tif,155,16.78544785003413,16.254577479989408,5.469932357667722,4.622974797546842
m2_7_1.7k.tif,156,25.13848986524024,19.160112631748397,6.223306514666657,5.6575011614093365
m2_7_1.7k.tif,157,20.971889335089923,18.129918822254318,5.8077210108020925,5.167420906917309
m2_7_1.7k.tif,158,17.340994587387506,15.856171105487414,5.027661141085244,4.698855185436149
m2_7_1.7k.tif,159,17.717972730591583,16.769674337242705,5.704311180588189,4.7496550962284045
m2_7_1.7k.tif,160,16.547356391168396,15.292739440720396,4.9800796812749,4.5900706441253964
m2_7_1.7k.tif,161,21.09093506452279,18.06156307577612,6.255106959405412,5.182066437203587
m2_7_1.7k.tif,162,20.13856922905986,17.56648713374043,5.641355481476612,5.063716295056994
m2_7_1.7k.tif,163,21.150457929239224,17.944872521784202,5.74935047396885,5.189373702554554
m2_7_1.7k.tif,164,21.805209441119988,18.363299930238156,6.251934193814828,5.269084829613819
m2_7_1.7k.tif,165,18.51161092681069,16.371268010234456,5.29296026118981,4.854865092746337
m2_7_1.7k.tif,166,17.023539308899863,15.924526851965613,5.2288465133094375,4.65564640403938
m2_7_1.7k.tif,167,13.968032253456297,14.234231786423946,4.850914606329052,4.217185201913329
m2_7_1.7k.tif,168,15.852922969476678,15.01102354896971,4.919955790927677,4.492723942596306
m2_7_1.7k.tif,169,14.483897080998718,15.759501561700587,4.928014691973299,4.2943533302933705
m2_7_1.7k.tif,170,13.670417929874132,14.51594765442776,4.735005706774786,4.172015903777495
m2_7_1.7k.tif,171,19.503658672084573,18.693350487021338,6.299357888781633,4.9832549090243194
m2_7_1.7k.tif,172,16.031491563625977,15.691145815222388,5.418912553281054,4.517956287957724
m2_7_1.7k.tif,173,16.467992571546485,15.457764778479163,5.3451824163341595,4.579050050446915
m2_7_1.7k.tif,174,20.376660687925593,17.003055421479672,5.817960902992126,5.093561639709219
m2_7_1.7k.tif,175,12.142664402152349,15.196069849439828,4.995990519515719,3.931986838135184
m2_7_1.7k.tif,176,17.717972730591583,16.53629327675261,5.6343169815661165,4.7496550962284045
m2_7_1.7k.tif,177,17.38067649719846,16.08955221347125,5.363709967265443,4.704228377798224
m2_7_1.7k.tif,178,20.257614958492727,17.6348429039655,5.942802346683785,5.078660891137692
m2_7_1.7k.tif,179,16.96401644418343,15.972861635732462,5.304194006252729,4.647500034886704
m2_7_1.7k.tif,180,19.305249123029796,16.604649070724548,5.437188870102065,4.957842938658439
m2_7_1.7k.tif,181,23.352803923747246,18.926731618752044,6.136622231374249,5.452862866069664
m2_7_1.7k.tif,182,18.948111934731198,16.701318567017637,5.556305052183807,4.911770089628387
m2_7_1.7k.tif,183,16.944175489277953,15.856171152981155,5.105978333855099,4.644781403454952
m2_7_1.7k.tif,184,14.900557134013749,14.845998282451555,5.259115052766568,4.355683480420948
m2_7_1.7k.tif,185,16.983857399088908,15.691145815222388,5.039486311025306,4.650217076939836
m2_7_1.7k.tif,186,15.49578578117808,16.137886831010007,5.735529899955367,4.441829266568087
m2_7_1.7k.tif,187,22.281392358851452,18.431655629222615,6.022396995151783,5.326307338395857
m2_7_1.7k.tif,188,15.158489547784958,17.68317768773235,5.469932357667722,4.393220724103723
m2_7_1.7k.tif,189,18.729861430770946,16.818009215997037,5.5348382428086875,4.883400479283619
m2_7_1.7k.tif,190,14.047396073078207,14.729307728459636,4.928014691973299,4.2291488719127175
m2_7_1.7k.tif,191,15.277535277217826,15.292739416973525,4.850914606329052,4.410437853664896
m2_7_1.7k.tif,192,17.38067649719846,16.886364891234624,5.418912553281054,4.704228377798224
m2_7_1.7k.tif,193,23.749623021856802,18.52832519675631,6.136622231374249,5.498996199669599
m2_7_1.7k.tif,194,25.594831828066226,19.373472658286534,6.188137277692856,5.708620851338797
m2_7_1.7k.tif,195,12.618847319883814,13.767469665443755,4.822198580442313,4.008343225904114
m2_7_1.7k.tif,196,18.015587054173746,16.48795849298576,5.637837329914306,4.789379694594371
m2_7_1.7k.tif,197,17.81717750511897,17.119745975471588,5.418912553281054,4.762933442226887
m2_7_1.7k.tif,198,14.444215171187762,15.52612050121049,5.171615532170188,4.288466619739489
m2_7_1.7k.tif,199,15.05928477325757,15.312760355938005,5.140831832894,4.37882140406978
m2_7_1.7k.tif,200,23.035348645259603,18.693350463274466,6.110701852660545,5.415673256568022
m2_7_1.7k.tif,201,16.52751543626292,15.876192091945635,5.304194006252729,4.587317977824381
m2_7_1.7k.tif,202,15.892604879287633,17.00305544522654,5.613148527332818,4.498343361856675
m2_7_1.7k.tif,203,11.587117664798974,13.602444327684989,4.476534871363393,3.840986386375433
m2_7_1.7k.tif,204,14.523578990809673,15.759501490459975,4.919955790927677,4.300231982368356
m2_7_1.7k.tif,205,17.876700369835405,17.0030553977328,5.704311180588189,4.770882710804798
m2_7_1.7k.tif,206,22.440119998095273,18.59668094323451,6.028982450367154,5.34524537979102
m2_7_1.7k.tif,207,13.908509388739864,14.379236137724494,4.919955790927677,4.208190129029804
m2_7_1.7k.tif,208,18.5909747464326,16.769674337242705,5.637837329914306,4.865260961380257
m2_7_1.7k.tif,209,18.67033856605451,17.00305546897341,5.70778835932048,4.875634663907315
m2_7_1.7k.tif,210,15.555308645894513,15.127714079214758,5.262886379929445,4.450352131968173
m2_7_1.7k.tif,211,21.09093506452279,17.4981314110091,5.6694220999034695,5.182066437203587
m2_7_1.7k.tif,212,16.110855383247888,15.292739440720396,5.102091025842908,4.5291255418083285
m2_7_1.7k.tif,213,18.35288328756687,16.769674384736447,5.418912553281054,4.834006284815858
m2_7_1.7k.tif,214,21.96393708036381,17.964893531989294,5.817960902992126,5.288227798496786
m2_7_1.7k.tif,215,15.218012412501391,16.13788692599749,5.418912553281054,4.401837706670627
m2_7_1.7k.tif,216,18.829066205298332,16.206242672475685,5.29296026118981,4.8963161338931425
m2_7_1.7k.tif,217,19.62270440151744,19.256782151788357,6.327641503692666,4.9984400785305745
m2_7_1.7k.tif,218,23.610736337518457,18.178253534780556,5.9926728910324005,5.482893687209699
m2_7_1.7k.tif,219,21.666322756781643,17.848202977997374,5.8587415019333635,5.252277498659963
m2_7_1.7k.tif,220,21.071094109617313,17.779847184025435,5.8077210108020925,5.1796283912266246
m2_7_1.7k.tif,221,13.650576974968654,16.08955214223064,5.538421822493166,4.168987216696806
m2_7_1.7k.tif,222,15.118807637974003,15.12771415045537,5.179282868525897,4.387466666985918
m2_7_1.7k.tif,223,16.825129759845087,16.322933202720733,5.179282868525897,4.628436080960305
m2_7_1.7k.tif,224,19.662386311328397,17.799868170483656,5.776892430278885,5.003491560444832
m2_7_1.7k.tif,225,16.944175489277953,16.254577479989408,5.480803383345659,4.644781403454952
m2_7_1.7k.tif,226,23.630577292423936,19.421807560787734,6.430283821342221,5.485196940277981
m2_7_1.7k.tif,227,16.28942397739719,15.972861635732462,5.363709967265443,4.554156208232128
m2_7_1.7k.tif,228,15.039443818352092,15.196069873186698,4.919955790927677,4.37593585423149
m2_7_1.7k.tif,229,14.067237027983685,15.642811031455539,5.1945835898029085,4.23213450509215
m2_7_1.7k.tif,230,18.0552689639847,16.322933202720733,5.304194006252729,4.794651440488119
m2_7_1.7k.tif,231,20.694115966413236,18.528325173009442,5.9926728910324005,5.13308550403874
m2_7_1.7k.tif,232,14.54341994571515,14.845998258704684,4.850914606329052,4.303168296798842
m2_7_1.7k.tif,233,20.73379787622419,17.56648710999356,5.637837329914306,5.13800460962761
m2_7_1.7k.tif,234,15.872763924382156,15.457764707238551,5.140831832894,4.495534530261007
m2_7_1.7k.tif,235,23.709941112045847,18.995087317736502,6.081409371503486,5.494400297320788
m2_7_1.7k.tif,236,15.019602863446615,15.07937934294165,4.919955790927677,4.37304840036761
m2_7_1.7k.tif,237,29.166203711052212,21.13212354154701,6.807971111806798,6.093895628800442
m2_7_1.7k.tif,238,19.88063681528865,16.954720661459692,5.623742714539086,5.031184052262771
m2_7_1.7k.tif,239,15.872763924382156,15.196069873186698,4.863169568021395,4.495534530261007
m2_7_1.7k.tif,240,17.717972730591583,16.206242719969428,5.259115052766568,4.7496550962284045
m2_7_1.7k.tif,241,24.325010714115653,18.878396787491454,5.922736552716537,5.56521028958642
m2_7_1.7k.tif,242,13.848986524023431,15.361095187198595,5.1677775980369915,4.1991757878053875
m2_7_1.7k.tif,243,17.023539308899863,16.487958516732633,5.437188870102065,4.65564640403938
m2_7_1.7k.tif,244,16.904493579466997,16.25457757497689,5.735529899955367,4.639339361277534
m2_7_1.7k.tif,245,18.84890716020381,17.44979655600164,5.922736552716537,4.89889517865133
m2_7_1.7k.tif,246,23.650418247329412,19.140091669037048,6.068345104274031,5.487499226608226
m2_7_1.7k.tif,247,20.6345931016968,17.683177640238608,5.979414748925751,5.125697994088197
m2_7_1.7k.tif,248,11.150616656878464,15.0310445591748,4.5860017662236405,3.7679445425483986
m2_7_1.7k.tif,249,16.765606895128652,15.739480622736108,5.240217704368887,4.620241735056978
m2_7_1.7k.tif,250,14.305328486849419,15.642810983961798,4.992017564199868,4.267799190435641
m2_7_1.7k.tif,251,14.900557134013749,17.09972503650711,5.240217704368887,4.355683480420948
m2_7_1.7k.tif,252,16.329105887208144,15.64281100770867,5.1945835898029085,4.5596999183894935
m2_7_1.7k.tif,253,23.769463976762278,18.645015727001358,5.8077210108020925,5.501292711024533
m2_7_1.7k.tif,254,13.94819129855082,14.282566593937666,4.5512588282055235,4.214188977590564
m2_7_1.7k.tif,255,17.97590514436279,16.25457750373628,5.259115052766568,4.784102139608952
m2_7_1.7k.tif,256,27.53924540880304,19.538498091032782,6.251934193814828,5.921491052653403
m2_7_1.7k.tif,257,18.551292836621645,17.868223940708724,5.641355481476612,4.860065806709701
m2_7_1.7k.tif,258,19.543340581895528,17.168080711744697,5.704311180588189,4.98832176840036
m2_7_1.7k.tif,259,17.539404136442283,16.652983830744528,5.480803383345659,4.725660053115311
m2_7_1.7k.tif,260,17.717972730591583,17.003055421479672,5.5348382428086875,4.7496550962284045
m2_7_1.7k.tif,261,13.472008380819355,15.409429947218573,5.078704694813531,4.141629367466714
m2_7_1.7k.tif,262,23.035348645259603,18.363299930238156,5.790614284362006,5.415673256568022
m2_7_1.7k.tif,263,19.920318725099605,17.779847231519177,5.8315861228304575,5.036202690969175
m2_7_1.7k.tif,264,22.955984825637692,18.12991889349493,5.8077210108020925,5.406335881939101
m2_7_1.7k.tif,265,15.813241059665723,16.206242719969428,5.437188870102065,4.487097485858333
m2_7_1.7k.tif,266,18.888589070014767,16.48795856422637,5.29296026118981,4.904049199202142
m2_7_1.7k.tif,267,22.420279043189794,19.373472729527144,6.251934193814828,5.342881795603032
m2_7_1.7k.tif,268,17.182266948143685,16.08955211848377,5.469932357667722,4.677300690202897
m2_7_1.7k.tif,269,17.400517452103937,16.53629332424635,5.240217704368887,4.706912673809986
m2_7_1.7k.tif,270,18.43224710718878,16.76967440848332,5.556305052183807,4.844446915304477
m2_7_1.7k.tif,271,22.182187584324062,19.208447391768377,5.9926728910324005,5.314436792463972
m2_7_1.7k.tif,272,13.174394057237189,14.16587608743949,4.598962701440318,4.095626874069257
m2_7_1.7k.tif,273,21.626640846970687,17.916558748222442,5.8587415019333635,5.247465516432464
m2_7_1.7k.tif,274,18.0552689639847,16.98303448251519,5.29296026118981,4.794651440488119
m2_7_1.7k.tif,275,17.162425993238205,16.206242696222557,5.304194006252729,4.674599390127622
m2_7_1.7k.tif,276,17.73781368549706,16.487958587973242,5.2288465133094375,4.752313733490184
m2_7_1.7k.tif,277,14.38469230647133,14.350922340415865,4.722418163796693,4.279621371505539
m2_7_1.7k.tif,278,15.218012412501391,14.914353981436012,4.822198580442313,4.401837706670627
m2_7_1.7k.tif,279,18.809225250392856,18.01322831575614,6.5252348024538644,4.893735729954298
m2_7_1.7k.tif,280,16.467992571546485,16.48795856422637,5.102091025842908,4.579050050446915
m2_7_1.7k.tif,281,15.952127744004066,15.59447627143556,5.1677775980369915,4.506759353053244
m2_7_1.7k.tif,282,16.725924985317697,15.972861588238722,4.995990519515719,4.614770754174078
m2_7_1.7k.tif,283,16.805288804939607,17.168080806732178,5.613148527332818,4.625706245228314
m2_7_1.7k.tif,284,18.293360422850434,16.5563142869577,5.704311180588189,4.826160989489092
m2_7_1.7k.tif,285,16.09101442834241,16.04121735846379,5.641355481476612,4.526335812229316
m2_7_1.7k.tif,286,21.86473230583642,18.975066355025152,6.152767016526097,5.276271581982808
m2_7_1.7k.tif,287,19.28540816812432,17.51815234997358,5.469932357667722,4.955294574090868
m2_7_1.7k.tif,288,16.28942397739719,15.972861659479333,5.469932357667722,4.554156208232128
m2_7_1.7k.tif,289,23.055189600165082,18.576660028016903,6.136622231374249,5.418005085850054
m2_7_1.7k.tif,290,22.836939096204826,18.363299858997543,5.979414748925751,5.39229950373646
m2_7_1.7k.tif,291,20.098887319248906,17.168080735491568,5.790614284362006,5.058724952005575
m2_7_1.7k.tif,292,14.999761908541137,15.196069825692957,5.102091025842908,4.370159038704055
m2_7_1.7k.tif,293,16.071173473436932,15.691145767728647,4.822198580442313,4.523544362187539
m2_7_1.7k.tif,294,20.178251138870817,17.896537761764225,5.70778835932048,5.068702722946736
m2_7_1.7k.tif,295,22.73773432167744,20.733717048310666,6.681478020417699,5.380574550737278
m2_7_1.7k.tif,296,22.63852954715005,18.12991879850745,5.942802346683785,5.368823991721731
m2_7_1.7k.tif,297,12.162505357057826,13.417398050961742,4.300205805761535,3.9351979344957075
m2_7_1.7k.tif,298,17.38067649719846,16.954720661459692,5.912678119384793,4.704228377798224
m2_7_1.7k.tif,299,14.424374216282285,14.61261719821459,4.751737227839269,4.2855202321572206
m2_7_1.7k.tif,300,15.13864859287948,15.14773511316672,5.304194006252729,4.390344638215032
m2_7_1.7k.tif,301,17.12274408342725,16.371267986487585,5.171615532170188,4.669192101573849
m2_7_1.7k.tif,302,22.73773432167744,19.20844741551525,6.223306514666657,5.380574550737278
m2_7_1.7k.tif,303,23.729782066951323,19.441828499752212,6.0977003446270786,5.496698728836221
m2_7_1.7k.tif,304,19.007634799447633,17.05139018149965,5.8077210108020925,4.919478862495594
m2_7_1.7k.tif,305,18.7695433405819,16.419602770254432,5.2288465133094375,4.888570835924279
m2_7_1.7k.tif,306,21.86473230583642,18.246609328752495,5.6694220999034695,5.276271581982808
m2_7_1.7k.tif,307,19.047316709258588,16.419602794001303,5.363709967265443,4.924611340534688
m2_7_1.7k.tif,308,19.642545356422918,17.051390252740262,5.549158676168973,5.000966457301199
m2_7_1.7k.tif,309,17.440199361914893,17.401461843475403,5.8077210108020925,4.712276678597617
m2_7_1.7k.tif,310,24.285328804304697,18.810041017266386,6.094445633776238,5.56066911356328
m2_7_1.7k.tif,311,15.475944826272602,15.292739369479785,5.1945835898029085,4.438984675007318
m2_7_1.7k.tif,312,21.19013983905018,17.61482187001354,5.665921375827846,5.194239501750634
m2_7_1.7k.tif,313,26.626561483151068,19.868548695309705,6.204148008923282,5.82254162893406
m2_7_1.7k.tif,314,24.940080316185462,19.0917568852702,6.068345104274031,5.635130567026675
m2_7_1.7k.tif,315,19.483817717179097,17.61482196500102,5.665921375827846,4.9807195464033125
m2_7_1.7k.tif,316,24.6424659926033,18.64501567950762,5.976095617529881,5.601407160845742
m2_7_1.7k.tif,317,18.74970238567642,17.799868217977394,5.790614284362006,4.885986341513701
m2_7_1.7k.tif,318,18.43224710718878,16.302912216262516,5.363709967265443,4.844446915304477
m2_7_1.7k.tif,319,25.65435469278266,19.256782223028967,6.0716138064255665,5.715254927779948
m2_7_1.7k.tif,320,19.840954905477695,19.60685379001724,6.784616082042392,5.026160402430598
m2_7_1.7k.tif,321,16.765606895128652,16.53629332424635,5.469932357667722,4.620241735056978
m2_7_1.7k.tif,322,15.436262916461647,15.59447624768869,5.105978333855099,4.433290016248418
m2_7_1.7k.tif,323,19.523499626990052,17.848202977997374,5.8587415019333635,4.985788982368381
m2_7_1.7k.tif,324,17.261630767765595,16.021196443246183,5.60961268538993,4.6880903255095605
m2_7_1.7k.tif,325,17.12274408342725,16.53629330049948,5.480803383345659,4.669192101573849
m2_7_1.7k.tif,326,15.674354375327379,15.127714079214758,4.818082319700329,4.467349082941632
m2_7_1.7k.tif,327,32.380438405739596,24.347688287377835,8.470235707358288,6.4209076191803955
m2_7_1.7k.tif,328,21.32902652338852,17.498131363515363,5.745898446954564,5.211234020871008
m2_7_1.7k.tif,329,17.083062173616295,16.439623780459524,5.102091025842908,4.663778543693696
m2_7_1.7k.tif,330,21.86473230583642,18.47999038924259,5.745898446954564,5.276271581982808
m2_7_1.7k.tif,331,0.8134791511245855,4.03239852878677,1.5170862760685078,1.0177199143327273
m2_7_1.7k.tif,332,19.166362438691454,17.05139018149965,5.315404009612085,4.939976779871403
m2_7_1.7k.tif,333,16.547356391168396,17.449796627242254,5.6343169815661165,4.5900706441253964
m2_7_1.7k.tif,334,24.02739639053349,22.210652063567327,7.218195590435633,5.531060589204764
m2_7_1.7k.tif,335,19.523499626990052,17.284771289483487,5.581245309211913,4.985788982368381
m2_7_1.7k.tif,336,25.47578609863336,19.07173589881198,6.0585284166316935,5.695329515839652
m2_7_1.7k.tif,337,15.872763924382156,16.254577432495665,5.274184181224593,4.495534530261007
m2_7_1.7k.tif,338,16.388628751924575,16.15790793620258,5.469932357667722,4.56800286897174
m2_7_1.7k.tif,339,17.241789812860116,16.206242696222557,5.440836766433332,4.685395246053996
m2_7_1.7k.tif,340,19.88063681528865,17.216415543005287,5.70778835932048,5.031184052262771
m2_7_1.7k.tif,341,16.130696338153367,15.642810983961798,5.440836766433332,4.531913554101793
m2_7_1.7k.tif,342,18.630656656243556,16.206242719969428,5.171615532170188,4.870450574547767
m2_7_1.7k.tif,343,18.65049761114903,17.353127059708555,5.70778835932048,4.873043308601272
m2_7_1.7k.tif,344,19.543340581895528,17.333106120744077,5.735529899955367,4.98832176840036
m2_7_1.7k.tif,345,19.523499626990052,17.353127059708555,6.485585894860441,4.985788982368381
m2_7_1.7k.tif,346,14.38469230647133,15.409429947218573,5.078704694813531,4.279621371505539
m2_7_1.7k.tif,347,24.16628307487183,18.975066378772024,6.136622231374249,5.547023279218402
m2_7_1.7k.tif,348,16.0116506087205,15.64281100770867,5.259115052766568,4.515159657366036
m2_7_1.7k.tif,349,13.591054110252221,16.769674360989576,4.850914606329052,4.159887924909576
m2_7_1.7k.tif,350,17.460040316820372,15.924526828218742,5.469932357667722,4.71495639259219
m2_7_1.7k.tif,351,21.24966270376661,17.731512424005455,5.641355481476612,5.201529666042439
m2_7_1.7k.tif,352,8.710179203504708,11.727103056660688,3.9289009807402433,3.3301868721787997
m2_7_1.7k.tif,353,11.01172997254012,13.155703216909888,4.5512588282055235,3.7444051673107612
m2_7_1.7k.tif,354,16.646561165695786,15.972861611985591,5.315404009612085,4.603809287971923
m2_7_1.7k.tif,355,12.261710131585215,13.835825435668825,4.667479885999993,3.9512142722983388
m2_7_1.7k.tif,356,18.134632783606612,17.68317766398548,5.9926728910324005,4.805177581457176
m2_7_1.7k.tif,357,20.05920540943795,18.459969497771855,6.424109759600438,5.053728679229019
m2_7_1.7k.tif,358,17.876700369835405,16.701318638258247,5.697350456603623,4.770882710804798
m2_7_1.7k.tif,359,25.13848986524024,18.926731595005172,6.022396995151783,5.6575011614093365
m2_7_1.7k.tif,360,16.745765940223176,16.089552237218122,5.623742714539086,4.617507054891346
m2_7_1.7k.tif,361,17.06322121871082,17.683177640238608,5.259115052766568,4.661069406930852
m2_7_1.7k.tif,362,26.666243392962024,19.60685376627037,6.223306514666657,5.8268787182720745
m2_7_1.7k.tif,363,22.79725718639387,19.325137922013425,6.485585894860441,5.387612584551208
m2_7_1.7k.tif,364,14.841034269297316,15.361095139704855,5.259115052766568,4.346975007570099
m2_7_1.7k.tif,365,15.039443818352092,15.759501514206846,5.179282868525897,4.37593585423149
m2_7_1.7k.tif,366,13.313280741575534,15.244404633206676,4.701364032352967,4.11715866956024
m2_7_1.7k.tif,367,15.75371819494929,16.954720685206564,5.697350456603623,4.478644547452196
m2_7_1.7k.tif,368,0.912683925651974,3.7506826845298256,1.275522756460727,1.0779913107183288
m2_7_1.7k.tif,369,21.924255170552854,17.896537761764225,5.697350456603623,5.283448558660551
m2_7_1.7k.tif,370,18.789384295487377,16.769674360989576,5.480803383345659,4.891153964683627
m2_7_1.7k.tif,371,23.07503055507056,19.325137969507164,6.3776137823036345,5.4203359119788885
m2_7_1.7k.tif,372,20.356819733020114,18.08158403848747,5.922736552716537,5.091081210226989
m2_7_1.7k.tif,373,19.682227266233873,17.284771313230355,5.524073555323525,5.006015389891807
m2_7_1.7k.tif,374,0.7936381962191078,3.51730162403973,1.3362956040835399,1.0052320804861197
m2_7_1.7k.tif,375,18.967952889636678,16.721339624716467,5.259115052766568,4.914341024161735
m2_7_1.7k.tif,376,23.531372517896546,19.441828476005345,6.503915425224904,5.473670983141033
m2_7_1.7k.tif,377,18.114791828701136,16.769674384736447,5.469932357667722,4.802548209122703
m2_7_1.7k.tif,378,19.840954905477695,18.17825360602117,5.70778835932048,5.026160402430598
m2_7_1.7k.tif,379,22.02345994508024,18.878396834985196,6.352676780518716,5.295388570630776
m2_7_1.7k.tif,380,23.015507690354127,18.178253582274298,5.882399625590996,5.41334042283645
m2_7_1.7k.tif,381,18.174314693417568,16.48795856422637,5.440836766433332,4.81043201449938
m2_7_1.7k.tif,382,17.420358407009417,16.08955211848377,5.078704694813531,4.709595439872095
m2_7_1.7k.tif,383,14.602942810431584,15.196069825692957,4.995990519515719,4.311965242873315
m2_7_1.7k.tif,384,19.840954905477695,18.01322824451553,6.081409371503486,5.026160402430598
m2_7_1.7k.tif,385,21.646481801876167,17.799868194230527,5.745898446954564,5.249872058873319
m2_7_1.7k.tif,386,15.813241059665723,15.409429923471702,4.995990519515719,4.487097485858333
m2_7_1.7k.tif,387,11.507753845177064,13.204037976929866,4.309423835215924,3.827809721858907
m2_7_1.7k.tif,388,10.93236615291821,13.320728507174914,4.202195838591432,3.730887415001917
m2_7_1.7k.tif,389,20.03936445453247,17.051390276487133,5.581245309211913,5.051228689623043
m2_7_1.7k.tif,390,16.229901112680754,15.127714126708499,4.9800796812749,4.545827966807186
m2_7_1.7k.tif,391,16.130696338153367,15.244404728194159,5.2288465133094375,4.531913554101793
m2_7_1.7k.tif,392,16.0116506087205,16.206242791210038,5.1945835898029085,4.515159657366036
m2_7_1.7k.tif,393,24.047237345438965,18.576660004270032,5.8077210108020925,5.533343792847605
m2_7_1.7k.tif,394,13.095030237615278,14.09752034096129,5.090411290510215,4.083272013720672
m2_7_1.7k.tif,395,13.848986524023431,15.526120477463621,5.027661141085244,4.1991757878053875
m2_7_1.7k.tif,396,21.805209441119988,17.731512447752326,5.662418487470875,5.269084829613819
m2_7_1.7k.tif,397,20.793320740940626,17.381440975751538,5.8587415019333635,5.145374450292948
m2_7_1.7k.tif,398,14.622783765337061,15.176048910475348,4.928014691973299,4.314893572747593
m2_7_1.7k.tif,399,17.360835542292982,16.13788692599749,5.027661141085244,4.701542549216284
m2_7_1.7k.tif,400,20.515547372263935,18.246609352499366,5.6694220999034695,5.110890939577365
m2_7_1.7k.tif,401,13.154553102331711,13.65077918269245,4.494228754055171,4.092541655647179
m2_7_1.7k.tif,402,19.166362438691454,16.721339600969596,5.3451824163341595,4.939976779871403
m2_7_1.7k.tif,403,12.519642545356426,13.884160219435675,4.667479885999993,3.99255607032595
m2_7_1.7k.tif,404,21.586958937159732,19.04342210150335,5.942802346683785,5.2426491175135785
m2_7_1.7k.tif,405,18.531451881716166,17.051390252740262,5.315404009612085,4.857466145755199
m2_7_1.7k.tif,406,23.610736337518457,18.41163457152378,6.365157493494207,5.482893687209699
m2_7_1.7k.tif,407,19.88063681528865,17.05139020524652,5.697350456603623,5.031184052262771
m2_7_1.7k.tif,408,15.75371819494929,15.526120477463621,4.846822733305355,4.478644547452196
m2_7_1.7k.tif,409,19.82111395057222,17.6348429039655,5.942802346683785,5.023646693645001
m2_7_1.7k.tif,410,10.714115648957955,12.805631578681005,4.0873076750364925,3.6934585054010163
m2_7_1.7k.tif,411,26.348788114474377,19.373472610792792,6.236046152389853,5.792091071728467
m2_7_1.7k.tif,412,14.146600847605596,14.680972944692789,4.919955790927677,4.244056034356217
m2_7_1.7k.tif,413,21.24966270376661,17.401461795981664,5.817960902992126,5.201529666042439
m2_7_1.7k.tif,414,0.8333201060300632,3.51730162403973,1.3362956040835399,1.0300563637104405
m2_7_1.7k.tif,415,16.44815161664101,15.642811031455539,5.262886379929445,4.57629075519759
m2_7_1.7k.tif,416,16.26958302249171,16.15790793620258,5.538421822493166,4.551381821006482
m2_7_1.7k.tif,417,20.852843605657057,17.4981314110091,5.6343169815661165,5.152733750049612
m2_7_1.7k.tif,418,23.94803257091158,20.782051855824385,6.178510924012281,5.521918334047535
m2_7_1.7k.tif,419,23.273440104125335,18.12991877476058,5.637837329914306,5.443589283055585
m2_7_1.7k.tif,420,13.174394057237189,14.894333018724662,4.883526164195723,4.095626874069257
m2_7_1.7k.tif,421,13.729940794590565,14.399257100435843,4.5512588282055235,4.181088801561769
m2_7_1.7k.tif,422,13.729940794590565,14.467612870660913,4.751737227839269,4.181088801561769
m2_7_1.7k.tif,423,20.73379787622419,18.363299858997543,6.657679269748368,5.13800460962761
m2_7_1.7k.tif,424,26.309106204663422,19.305117030542686,6.068345104274031,5.787727913993081
m2_7_1.7k.tif,425,15.436262916461647,15.59447624768869,5.1945835898029085,4.433290016248418
m2_7_1.7k.tif,426,16.96401644418343,16.274598442700757,5.581245309211913,4.647500034886704
m2_7_1.7k.tif,427,16.051332518531456,15.477785717443643,5.2288465133094375,4.520751188495967
m2_7_1.7k.tif,428,15.991809653815022,17.353127059708555,5.259115052766568,4.512361293504192
m2_7_1.7k.tif,429,16.924334534372473,16.60464904697768,5.363709967265443,4.642061179852114
m2_7_1.7k.tif,430,19.741750130950308,18.363299811503804,6.048695797087242,5.013579255283245
m2_7_1.7k.tif,431,24.463897398453998,19.393493692238494,6.57672271682039,5.581075307327012
m2_7_1.7k.tif,432,15.218012412501391,15.176048862981608,5.090411290510215,4.401837706670627
m2_7_1.7k.tif,433,13.987873208361775,15.147735065672979,5.078704694813531,4.220179298990474
m2_7_1.7k.tif,434,18.84890716020381,16.721339624716467,5.469932357667722,4.89889517865133
m2_7_1.7k.tif,435,25.63451373787718,19.04342212525022,6.152767016526097,5.713044424921096
m2_7_1.7k.tif,436,21.388549388104956,17.449796650989125,5.6694220999034695,5.21850044413683
m2_7_1.7k.tif,437,12.975984508182412,14.165876111186359,4.822198580442313,4.064669310988127
m2_7_1.7k.tif,438,18.194155648323047,17.16808078298531,5.697350456603623,4.813057079914128
m2_7_1.7k.tif,439,23.9281916160061,18.645015727001358,6.239226997356903,5.519630404248036
m2_7_1.7k.tif,440,24.08691925524992,18.343279015020546,5.8077210108020925,5.537907376132887
m2_7_1.7k.tif,441,20.594911191885846,18.17825362976804,5.790614284362006,5.120767066545582
m2_7_1.7k.tif,442,17.14258503833273,18.57665998052316,6.594798947110299,4.6718965281554095
m2_7_1.7k.tif,443,22.936143870732216,18.411634666511265,5.817960902992126,5.403999017389926
m2_7_1.7k.tif,444,22.87662100601578,18.294944112519346,5.74935047396885,5.3969823526465595
m2_7_1.7k.tif,445,16.170378247964322,18.266630315210715,6.355799256391959,4.537484439492159
m2_7_1.7k.tif,446,20.67427501150776,17.916558700728704,5.704311180588189,5.130624182629409
m2_7_1.7k.tif,447,15.654513420421901,15.409429947218573,5.549158676168973,4.464520751488168
m2_7_1.7k.tif,448,8.829224932937574,11.795458803138885,4.263134374309302,3.3528671810821535
m2_7_1.7k.tif,449,14.325169441754896,14.660952005728308,4.735005706774786,4.270757803747957
m2_7_1.7k.tif,450,22.02345994508024,17.779847184025435,5.735529899955367,5.295388570630776
m2_7_1.7k.tif,451,20.356819733020114,17.05139022899339,5.637837329914306,5.091081210226989
m2_7_1.7k.tif,452,22.87662100601578,18.294944160013085,5.8315861228304575,5.3969823526465595
m2_7_1.7k.tif,453,23.452008698274636,18.47999038924259,6.0716138064255665,5.464432713293876
m2_7_1.7k.tif,454,13.729940794590565,14.56428243819461,4.722418163796693,4.181088801561769
m2_7_1.7k.tif,455,18.967952889636678,17.449796603495383,5.697350456603623,4.914341024161735
m2_7_1.7k.tif,456,16.110855383247888,16.157907864961967,5.090411290510215,4.5291255418083285
m2_7_1.7k.tif,457,14.900557134013749,16.04121738221066,4.899750548306312,4.355683480420948
m2_7_1.7k.tif,458,12.380755861018082,14.399257052942103,4.797448039359481,3.97034859375847
m2_7_1.7k.tif,459,19.62270440151744,16.934699746242085,5.8077210108020925,4.9984400785305745
m2_7_1.7k.tif,460,14.265646577038464,15.642810983961798,4.883526164195723,4.261875802167537
m2_7_1.7k.tif,461,11.96409580800305,13.787490628155105,4.735005706774786,3.9029680884872313
m2_7_1.7k.tif,462,11.686322439326362,13.485753868680552,4.633347948052991,3.857393921065907
m2_7_1.7k.tif,463,13.452167425913878,14.165876063692618,4.5512588282055235,4.1385784430250645
m2_7_1.7k.tif,464,19.72190917604483,17.614821917507278,5.8077210108020925,5.011059235392807
m2_7_1.7k.tif,465,22.082982809796675,17.731512400258588,5.581245309211913,5.302539672566339
m2_7_1.7k.tif,466,15.852922969476678,16.206242672475685,5.090411290510215,4.492723942596306
m2_7_1.7k.tif,467,19.62270440151744,19.393493692238494,5.5348382428086875,4.9984400785305745
m2_7_1.7k.tif,468,18.967952889636678,16.886364914981495,5.74935047396885,4.914341024161735
m2_7_1.7k.tif,469,16.110855383247888,15.759501514206846,5.259115052766568,4.5291255418083285
m2_7_1.7k.tif,470,13.551372200441266,15.57445526123047,5.315404009612085,4.153810656617196
m2_7_1.7k.tif,471,22.440119998095273,18.363299882744414,5.790614284362006,5.34524537979102
m2_7_1.7k.tif,472,21.348867478294,17.683177616491736,5.979414748925751,5.213657287228839
m2_7_1.7k.tif,473,11.567276709893497,13.485753868680552,4.751737227839269,3.8376964616720857
m2_7_1.7k.tif,474,24.126601165060876,20.733717167045018,6.696309288434905,5.5424672018343015
m2_7_1.7k.tif,475,13.095030237615278,14.000850725933851,4.883526164195723,4.083272013720672
m2_7_1.7k.tif,476,20.773479786035146,17.168080735491568,5.581245309211913,5.142919010186384
m2_7_1.7k.tif,477,21.071094109617313,18.246609352499366,6.365157493494207,5.1796283912266246
m2_7_1.7k.tif,478,26.031332835986735,19.20844743926212,6.0716138064255665,5.75709322218611
m2_7_1.7k.tif,479,23.015507690354127,18.013228268262402,6.110701852660545,5.41334042283645
m2_7_1.7k.tif,480,19.840954905477695,16.983034458768323,5.509687922684993,5.026160402430598
m2_7_1.7k.tif,481,15.178330502690436,16.13788692599749,5.304194006252729,4.396094928352368
m2_7_1.7k.tif,482,21.309185568483045,17.683177616491736,5.735529899955367,5.208809627150186
m2_7_1.7k.tif,483,15.13864859287948,16.04121738221066,5.363709967265443,4.390344638215032
m2_7_1.7k.tif,484,20.773479786035146,18.830062027471474,6.3776137823036345,5.142919010186384
m2_7_1.7k.tif,485,14.761670449675405,15.127714079214758,5.078704694813531,4.335336499382166
m2_7_1.7k.tif,486,24.52342026317043,20.403666539021224,7.373209371841334,5.5878608117264505
m2_7_1.7k.tif,487,18.313201377755913,16.93469967500147,6.0716138064255665,4.828777504178184
m2_7_1.7k.tif,488,14.80135235948636,15.662831994166888,5.38217373948458,4.341159653785742
m2_7_1.7k.tif,489,17.618767956064193,16.254577479989408,5.3451824163341595,4.736339524482345
m2_7_1.7k.tif,490,19.72190917604483,17.05139022899339,5.495264631128974,5.011059235392807
m2_7_1.7k.tif,491,17.797336550213494,16.13788692599749,5.274184181224593,4.760280736121799
m2_7_1.7k.tif,492,14.781511404580883,14.942667731250902,4.992017564199868,4.338249053623613
m2_7_1.7k.tif,493,22.003618990174765,17.896537714270483,5.8008843739287,5.293002722989673
m2_7_1.7k.tif,494,19.72190917604483,17.05139022899339,5.60961268538993,5.011059235392807
m2_7_1.7k.tif,495,7.678449548419868,11.960484069657042,4.409550522147143,3.126740412522605
m2_7_1.7k.tif,496,22.975825780543172,19.276803114499707,6.57672271682039,5.408671736825337
m2_7_1.7k.tif,497,11.349026205933242,13.534088676194273,4.663227056063596,3.801319370906616
m2_7_1.7k.tif,498,22.321074268662407,18.528325173009442,5.942802346683785,5.331048155834974
m2_7_1.7k.tif,499,24.582943127886864,19.72354434400916,6.657679269748368,5.594638086275204
m2_7_1.7k.tif,500,14.622783765337061,14.914353981436012,5.102091025842908,4.314893572747593
m2_7_1.7k.tif,501,19.741750130950308,18.363299811503804,6.255106959405412,5.013579255283245
m2_7_1.7k.tif,502,25.098807955429283,19.256782151788357,6.251934193814828,5.653034124659612
m2_7_1.7k.tif,503,20.952048380184447,17.44979655600164,5.8077210108020925,5.164975947751852
m2_7_1.7k.tif,504,18.015587054173746,15.856171129234285,5.039486311025306,4.789379694594371
m2_7_1.7k.tif,505,20.75363883112967,17.216415448017806,5.440836766433332,5.140462397192059
m2_7_1.7k.tif,506,19.523499626990052,17.284771289483487,6.022396995151783,4.985788982368381
m2_7_1.7k.tif,507,21.706004666592598,18.01322824451553,5.623742714539086,5.257085076324301
m2_7_1.7k.tif,508,20.277455913398203,17.119745975471588,5.469932357667722,5.081147383767023
m2_7_1.7k.tif,509,18.69017952095999,16.652983901985138,5.469932357667722,4.878224642663103
m2_7_1.7k.tif,510,16.725924985317697,16.274598466447625,5.315404009612085,4.614770754174078
m2_7_1.7k.tif,511,21.96393708036381,17.731512424005455,5.704311180588189,5.288227798496786
m2_7_1.7k.tif,512,17.777495595308014,18.645015727001358,5.976095617529881,4.757626550949679
m2_7_1.7k.tif,513,17.28147172267107,16.50797950319085,5.418912553281054,4.690783856513462
m2_7_1.7k.tif,514,15.714036285138334,15.52612042996988,5.2288465133094375,4.4730003806887115
m2_7_1.7k.tif,515,20.13856922905986,17.16808078298531,5.704311180588189,5.063716295056994
m2_7_1.7k.tif,516,23.531372517896546,18.71337149722643,6.136622231374249,5.473670983141033
m2_7_1.7k.tif,517,24.602784082792343,19.703523310057196,6.136622231374249,5.596895354104097
m2_7_1.7k.tif,518,22.519483817717184,18.62499478803688,5.942802346683785,5.354689283585098
m2_7_1.7k.tif,519,19.781432040761263,17.49813138726223,5.704311180588189,5.018615498898917
m2_7_1.7k.tif,520,19.741750130950308,17.333106096997206,5.524073555323525,5.013579255283245
m2_7_1.7k.tif,521,9.98000031745528,12.592271528396,4.1066789099777505,3.5646782548574483
m2_7_1.7k.tif,522,12.579165410072859,14.165876039945749,4.863169568021395,4.002035836904696
m2_7_1.7k.tif,523,15.515626736083558,15.924526923206225,5.704311180588189,4.444672037589696
m2_7_1.7k.tif,524,24.18612402977731,18.858375872273847,6.226493867764058,5.549299915176854
m2_7_1.7k.tif,525,14.940239043824704,15.876192091945635,5.121498060630455,4.361479468986856
m2_7_1.7k.tif,526,22.241710449040497,17.73151249524607,5.735529899955367,5.321562297508846
m2_7_1.7k.tif,527,19.245726258313365,18.576660004270032,6.340171499139263,4.9501939092557246
m2_7_1.7k.tif,528,9.761749813495026,12.407225204179012,4.454318680278466,3.525485198997858
m2_7_1.7k.tif,529,7.737972413136301,11.115336560633079,3.673125281789995,3.138836165280837
m2_7_1.7k.tif,530,19.999682544721516,17.284771289483487,5.735529899955367,5.046224994794525
m2_7_1.7k.tif,531,23.769463976762278,19.606853742523498,6.43645196071853,5.501292711024533
m2_7_1.7k.tif,532,16.904493579466997,16.4879585404795,5.121498060630455,4.639339361277534
m2_7_1.7k.tif,533,20.773479786035146,17.333106049503463,5.735529899955367,5.142919010186384
m2_7_1.7k.tif,534,13.670417929874132,14.845998211210944,4.789169434331199,4.172015903777495
m2_7_1.7k.tif,535,15.23785336740687,15.127714079214758,4.863169568021395,4.404706288080772
m2_7_1.7k.tif,536,25.29721750448406,19.325137922013425,6.255106959405412,5.675334148618536
m2_7_1.7k.tif,537,19.761591085855784,20.17028554977174,6.424109759600438,5.0160980091498875
m2_7_1.7k.tif,538,16.825129759845087,16.322933202720733,5.179282868525897,4.628436080960305
m2_7_1.7k.tif,539,16.567197346073876,15.972861659479333,5.1945835898029085,4.592821660640951
m2_7_1.7k.tif,540,16.666402120601262,15.856171105487414,5.121498060630455,4.606552099825584
m2_7_1.7k.tif,541,16.3687877970191,16.274598466447625,5.213646345937212,4.565236896650937
m2_7_1.7k.tif,542,19.82111395057222,16.93469967500147,5.556305052183807,5.023646693645001
m2_7_1.7k.tif,543,10.614910874430567,13.08734747043169,4.1066789099777505,3.676319394335087
m2_7_1.7k.tif,544,26.309106204663422,19.771879104029136,6.43645196071853,5.787727913993081
m2_7_1.7k.tif,545,19.047316709258588,16.721339600969596,5.363709967265443,4.924611340534688
m2_7_1.7k.tif,546,20.118728274154382,18.013228268262402,5.9926728910324005,5.061221238835028
m2_7_1.7k.tif,547,16.646561165695786,15.807836274226824,5.29296026118981,4.603809287971923
m2_7_1.7k.tif,548,13.015666417993367,14.56428239070087,4.789169434331199,4.070879657330909
m2_7_1.7k.tif,549,20.41634259773655,18.06156307577612,5.922736552716537,5.098518878488065
m2_7_1.7k.tif,550,15.654513420421901,15.711166777933737,5.304194006252729,4.464520751488168
m2_7_1.7k.tif,551,16.170378247964322,15.972861611985591,5.411584743906823,4.537484439492159
m2_7_1.7k.tif,552,14.940239043824704,15.244404609459806,5.29296026118981,4.361479468986856
m2_7_1.7k.tif,553,13.452167425913878,14.165876039945749,4.423028548042733,4.1385784430250645
m2_7_1.7k.tif,554,17.75765464040254,16.04121738221066,5.2288465133094375,4.754970884233717
m2_7_1.7k.tif,555,14.880716179108271,15.361095187198595,4.818082319700329,4.352782592000316
m2_7_1.7k.tif,556,28.13447405596737,20.10192973205293,6.330776327518209,5.985142014888464
m2_7_1.7k.tif,557,20.31713782320916,17.381440833270315,5.5348382428086875,5.086116722249342
m2_7_1.7k.tif,558,16.071173473436932,15.526120524957362,5.1677775980369915,4.523544362187539
m2_7_1.7k.tif,559,21.805209441119988,18.06156298078864,6.005901765610094,5.269084829613819
m2_7_1.7k.tif,560,24.067078300344445,21.01543298755509,6.178510924012281,5.53562605476888
m2_7_1.7k.tif,561,18.531451881716166,19.276803161993445,6.906348933609449,4.857466145755199
m2_7_1.7k.tif,562,20.436183552642024,17.449796603495383,6.0977003446270786,5.100995691302841
m2_7_1.7k.tif,563,20.257614958492727,17.09972498901337,5.549158676168973,5.078660891137692
m2_7_1.7k.tif,564,23.908350661100624,18.528325173009442,6.110701852660545,5.5173415256904645
m2_7_1.7k.tif,565,20.932207425278968,17.56648708624669,5.60961268538993,5.162529830660951
m2_7_1.7k.tif,566,21.547277027348777,17.779847231519177,5.704311180588189,5.237828289719317
m2_7_1.7k.tif,567,25.277376549578584,19.20844741551525,6.048695797087242,5.673108090816243
m2_7_1.7k.tif,568,16.864811669656042,16.886364938728363,5.360009580507454,4.633890927969401
m2_7_1.7k.tif,569,13.313280741575534,14.310880320005683,4.650445231047312,4.11715866956024
m2_7_1.7k.tif,570,19.702068221139353,17.09972498901337,5.697350456603623,5.008537947567591
m2_7_1.7k.tif,571,21.646481801876167,17.896537738017354,5.922736552716537,5.249872058873319
m2_7_1.7k.tif,572,14.900557134013749,16.673004769709006,5.363709967265443,4.355683480420948
m2_7_1.7k.tif,573,14.940239043824704,15.244404609459806,5.090411290510215,4.361479468986856
m2_7_1.7k.tif,574,12.99582546308789,13.884160219435675,4.542531574100152,4.0677756693406355
m2_7_1.7k.tif,575,23.511531562991067,21.248814071792058,6.994840584095394,5.471362878048682
m2_7_1.7k.tif,576,17.519563181536803,16.371268010234456,5.140831832894,4.722986412135741
m2_7_1.7k.tif,577,10.773638513674388,13.417398098455484,4.263134374309302,3.703703902351266
m2_7_1.7k.tif,578,14.087077982889163,16.15790791245571,4.919955790927677,4.235118033488858
m2_7_1.7k.tif,579,21.209980793955655,18.19827459247939,5.74935047396885,5.196670692851111
m2_7_1.7k.tif,580,19.067157664164064,17.264750303025266,5.363709967265443,4.927175574679049
m2_7_1.7k.tif,581,18.233837558134002,16.53629330049948,5.29296026118981,4.8183029202503915
m2_7_1.7k.tif,582,23.273440104125335,18.52832519675631,5.790614284362006,5.443589283055585
m2_7_1.7k.tif,583,13.789463659306998,14.282566570190795,4.735005706774786,4.190142053882913
m2_7_1.7k.tif,584,22.063141854891196,18.246609352499366,5.776892430278885,5.300157043970393
m2_7_1.7k.tif,585,20.03936445453247,17.751533386716805,5.885771594698868,5.051228689623043
m2_7_1.7k.tif,586,15.773559149854767,16.60464909447142,5.469932357667722,4.4814639651361965
m2_7_1.7k.tif,587,18.908430024920243,17.16808075923844,5.6694220999034695,4.906624179268892
m2_7_1.7k.tif,588,17.14258503833273,16.886364938728363,6.110701852660545,4.6718965281554095
m2_7_1.7k.tif,589,24.225805939588266,18.69335051076821,6.188137277692856,5.55385038737665
m2_7_1.7k.tif,590,17.38067649719846,17.05139020524652,5.60961268538993,4.704228377798224
m2_7_1.7k.tif,591,19.503658672084573,17.23643655321038,5.912678119384793,4.9832549090243194
m2_7_1.7k.tif,592,13.710099839685087,14.447591884202692,4.789169434331199,4.178066691444054
m2_7_1.7k.tif,593,17.04338026380534,15.876192068198764,5.140831832894,4.658358694630091
m2_7_1.7k.tif,594,15.376740051745214,15.477785741190512,5.363709967265443,4.4247342861458945
m2_7_1.7k.tif,595,6.190377930509041,10.318523811629095,3.7426880932382347,2.807460414321087
m2_7_1.7k.tif,596,14.483897080998718,15.127714079214758,5.29296026118981,4.2943533302933705
m2_7_1.7k.tif,597,13.015666417993367,14.797663474937835,4.818082319700329,4.070879657330909
m2_7_1.7k.tif,598,12.579165410072859,14.234231833917688,4.667479885999993,4.002035836904696
m2_7_1.7k.tif,599,19.305249123029796,17.168080711744697,5.70778835932048,4.957842938658439
m2_7_1.7k.tif,600,24.02739639053349,18.858375801033233,5.912678119384793,5.531060589204764
m2_7_1.7k.tif,601,15.039443818352092,15.99288257469694,5.697350456603623,4.37593585423149
m2_7_1.7k.tif,602,24.404374533737563,18.906710608546955,6.299357888781633,5.574281543022599
m2_7_1.7k.tif,603,17.479881271725848,16.604649165712033,5.274184181224593,4.717634584454048
m2_7_1.7k.tif,604,20.713956921318715,17.44979657974851,5.549158676168973,5.135545645806647
m2_7_1.7k.tif,605,17.539404136442283,16.6529838544914,5.274184181224593,4.725660053115311
m2_7_1.7k.tif,606,15.475944826272602,15.127714126708499,5.304194006252729,4.438984675007318
m2_7_1.7k.tif,607,21.745686576403553,17.61482196500102,5.74935047396885,5.261888261498299
m2_7_1.7k.tif,608,16.031491563625977,15.526120477463621,5.140831832894,4.517956287957724
m2_7_1.7k.tif,609,25.57499087316075,21.482195108535283,7.530302060332988,5.706407778624757
m2_7_1.7k.tif,610,20.75363883112967,17.68317766398548,5.745898446954564,5.140462397192059
m2_7_1.7k.tif,611,16.924334534372473,16.371268010234456,5.790614284362006,4.642061179852114
m2_7_1.7k.tif,612,28.332883605022147,20.56869182928625,6.55254350733009,6.006209105774853
m2_7_1.7k.tif,613,16.78544785003413,15.924526828218742,5.509687922684993,4.622974797546842
m2_7_1.7k.tif,614,2.539642227901145,6.237790499075476,2.323088404320837,1.7982138121044027
m2_7_1.7k.tif,615,23.273440104125335,18.459969450278113,5.8315861228304575,5.443589283055585
m2_7_1.7k.tif,616,20.55522928207489,17.05139022899339,5.469932357667722,5.115831386298411
m2_7_1.7k.tif,617,20.31713782320916,17.44979655600164,5.5348382428086875,5.086116722249342
m2_7_1.7k.tif,618,18.33304233266139,16.487958516732633,5.363709967265443,4.831392601853864
m2_7_1.7k.tif,619,13.868827478928909,16.43962370921891,5.8992401971955575,4.202182716789212
m2_7_1.7k.tif,620,12.896620688560501,13.767469665443755,4.454318680278466,4.052220064868744
m2_7_1.7k.tif,621,19.34493103284075,17.264750303025266,5.556305052183807,4.962935742198088
m2_7_1.7k.tif,622,19.26556721321884,17.168080735491568,5.8992401971955575,4.952744898298663
m2_7_1.7k.tif,623,21.031412199806358,17.848203001744245,5.641355481476612,5.174748853269982
m2_7_1.7k.tif,624,15.892604879287633,15.876192091945635,5.2288465133094375,4.498343361856675
m2_7_1.7k.tif,625,15.555308645894513,15.361095187198595,4.919955790927677,4.450352131968173
m2_7_1.7k.tif,626,9.106998301614261,11.960484093403911,4.033557117792149,3.4052004891711207
m2_7_1.7k.tif,627,19.34493103284075,17.168080664250958,5.8587415019333635,4.962935742198088
m2_7_1.7k.tif,628,20.73379787622419,17.731512424005455,6.048695797087242,5.13800460962761
m2_7_1.7k.tif,629,14.126759892700118,14.729307704712767,4.919955790927677,4.2410787936991285
m2_7_1.7k.tif,630,20.6345931016968,17.44979657974851,5.8077210108020925,5.125697994088197
m2_7_1.7k.tif,631,21.606799892065208,17.896537738017354,5.704311180588189,5.245057869819633
m2_8_0.5k.tif,1,10.75379755876891,12.407225275419624,4.373406055796843,3.7002919219841335
m2_8_0.5k.tif,2,11.805368168759228,13.252372784443587,4.409550522147143,3.8769913067508908
m2_8_0.5k.tif,3,17.22194885795464,15.856171057993674,5.363709967265443,4.6826986154731784
m2_8_0.5k.tif,4,21.924255170552854,18.06156314701673,5.60961268538993,5.283448558660551
m2_8_0.5k.tif,5,16.42831066173553,15.787815359009215,5.70778835932048,4.573529795214629
m2_8_0.5k.tif,6,16.725924985317697,15.972861588238722,5.1677775980369915,4.614770754174078
m2_8_0.5k.tif,7,22.261551403945973,17.848203001744245,5.8077210108020925,5.323935346588892
m2_8_0.5k.tif,8,19.44413580736814,17.216415519258415,5.418912553281054,4.975644945445976
m2_8_0.5k.tif,9,16.745765940223176,16.322933226467605,5.259115052766568,4.617507054891346
m2_8_0.5k.tif,10,21.40839034301043,17.498131363515363,5.524073555323525,5.22092033781854
m2_8_0.5k.tif,11,22.281392358851452,18.06156302828238,5.74935047396885,5.326307338395857
m2_8_0.5k.tif,12,18.67033856605451,16.137886902250617,5.262886379929445,4.875634663907315
m2_8_0.5k.tif,13,16.646561165695786,15.642810983961798,5.480803383345659,4.603809287971923
m2_8_0.5k.tif,14,18.07510991889018,18.363299882744414,5.697350456603623,4.797285141011086
m2_8_0.5k.tif,15,16.646561165695786,15.876192068198764,5.418912553281054,4.603809287971923
m2_8_0.5k.tif,16,16.745765940223176,16.55631426321083,5.637837329914306,4.617507054891346
m2_8_0.5k.tif,17,19.166362438691454,17.284771336977226,5.8008843739287,4.939976779871403
m2_8_0.5k.tif,18,16.249742067586233,16.206242719969428,5.039486311025306,4.5486057415649155
m2_8_0.5k.tif,19,18.51161092681069,17.16808075923844,5.817960902992126,4.854865092746337
m2_8_0.5k.tif,20,15.277535277217826,15.292739393226656,5.2288465133094375,4.410437853664896
m2_8_0.5k.tif,21,19.96000063491056,17.683177640238608,5.704311180588189,5.041216333515859
m2_8_0.5k.tif,22,24.285328804304697,18.64501575074823,5.976095617529881,5.56066911356328
m2_8_0.5k.tif,23,19.463976762273617,16.93469967500147,5.8008843739287,4.978182892535493
m2_8_0.5k.tif,24,11.309344296122287,13.272393770901807,4.542531574100152,3.794667888346482
m2_8_0.5k.tif,25,17.91638227964636,16.67300481720275,5.735529899955367,4.776174872954095
m2_8_0.5k.tif,26,14.285487531943941,14.729307728459636,5.039486311025306,4.264838524667979
m2_8_0.5k.tif,27,17.083062173616295,16.439623756712653,5.469932357667722,4.663778543693696
m2_8_0.5k.tif,28,22.499642862811704,18.013228268262402,5.637837329914306,5.352329869818389
m2_8_0.5k.tif,29,14.54341994571515,14.845998282451555,5.440836766433332,4.303168296798842
m2_8_0.5k.tif,30,21.765527531309033,17.731512471499197,5.8077210108020925,5.2642882106591165
m2_8_0.5k.tif,31,15.614831510610946,15.01102354896971,5.171615532170188,4.458858706405324
m2_8_0.5k.tif,32,6.607037983524072,10.366858595395945,3.4272212219293334,2.9004037708895147
m2_8_0.5k.tif,33,15.535467690989035,14.845998234957815,4.751737227839269,4.4475129915631175
m2_8_0.5k.tif,34,14.97992095363566,15.176048910475348,4.863169568021395,4.367267765454254
m2_8_0.5k.tif,35,13.69025888477961,14.56428241444774,4.646176808641674,4.1750423937683925
m2_8_0.5k.tif,36,10.297455595942923,13.980829763222502,4.688686173681203,3.6209291176311256
m2_8_0.5k.tif,37,21.01157124490088,17.799868217977394,6.0585284166316935,5.172307358039353
m2_8_0.5k.tif,38,19.781432040761263,17.09972498901337,5.556305052183807,5.018615498898917
m2_8_0.5k.tif,39,19.920318725099605,18.013228268262402,5.8587415019333635,5.036202690969175
m2_8_0.5k.tif,40,17.81717750511897,16.322933178973866,5.262886379929445,4.762933442226887
m2_8_0.5k.tif,41,17.876700369835405,16.371267986487585,5.29296026118981,4.770882710804798
m2_8_0.5k.tif,42,13.472008380819355,14.282566593937666,4.633347948052991,4.141629367466714
m2_8_0.5k.tif,43,7.063379946350059,11.280361850898105,3.9289009807402433,2.9988955745711166
m2_8_0.5k.tif,44,18.015587054173746,17.05139022899339,5.509687922684993,4.789379694594371
m2_8_0.5k.tif,45,13.174394057237189,14.00085074968072,4.476534871363393,4.095626874069257
m2_8_0.5k.tif,46,10.15856891160458,13.369063385929245,4.542531574100152,3.5964276242088054
m2_8_0.5k.tif,47,18.07510991889018,16.206242648728818,5.5348382428086875,4.797285141011086
m2_8_0.5k.tif,48,18.5909747464326,16.53629332424635,5.480803383345659,4.865260961380257
m2_8_0.5k.tif,49,18.710020475865466,17.0997249652665,5.509687922684993,4.880813247060014
m2_8_0.5k.tif,50,19.047316709258588,16.6529838544914,5.469932357667722,4.924611340534688
m2_8_0.5k.tif,51,18.551292836621645,16.536293371740094,5.262886379929445,4.860065806709701
m2_8_0.5k.tif,52,16.725924985317697,15.642810983961798,5.304194006252729,4.614770754174078
m2_8_0.5k.tif,53,13.710099839685087,15.07937931919478,4.919955790927677,4.178066691444054
m2_8_0.5k.tif,54,17.75765464040254,16.041217405957532,5.38217373948458,4.754970884233717
m2_8_0.5k.tif,55,12.698211139505725,15.0310445591748,5.043421872976958,4.020928321944479
m2_8_0.5k.tif,56,20.6345931016968,18.08158406223434,6.236046152389853,5.125697994088197
m2_8_0.5k.tif,57,22.301233313756928,17.779847231519177,5.74935047396885,5.328678274341632
m2_8_0.5k.tif,58,17.698131775686104,16.818009168503295,5.745898446954564,4.746994969950726
m2_8_0.5k.tif,59,18.134632783606612,17.216415543005287,5.790614284362006,4.805177581457176
m2_8_0.5k.tif,60,23.055189600165082,18.411634666511265,5.976095617529881,5.418005085850054
m2_8_0.5k.tif,61,21.388549388104956,17.683177616491736,5.70778835932048,5.21850044413683
m2_8_0.5k.tif,62,20.932207425278968,17.333106073250335,5.581245309211913,5.162529830660951
m2_8_0.5k.tif,63,24.146442119966355,18.693350463274466,5.8992401971955575,5.544745708488345
m2_8_0.5k.tif,64,18.888589070014767,16.886364938728363,5.440836766433332,4.904049199202142
m2_8_0.5k.tif,65,20.91236647037349,17.68317768773235,5.745898446954564,5.160082553997874
m2_8_0.5k.tif,66,20.535388327169414,17.56648710999356,5.6694220999034695,5.113361759610302
m2_8_0.5k.tif,67,20.852843605657057,17.731512447752326,5.6694220999034695,5.152733750049612
m2_8_0.5k.tif,68,23.729782066951323,19.208447391768377,6.239226997356903,5.496698728836221
m2_8_0.5k.tif,69,21.78536848621451,17.683177616491736,5.613148527332818,5.26668706619973
m2_8_0.5k.tif,70,19.26556721321884,16.93469967500147,5.360009580507454,4.952744898298663
m2_8_0.5k.tif,71,14.364851351565852,14.56428239070087,4.995990519515719,4.276668890042341
m2_8_0.5k.tif,72,20.05920540943795,17.73151251899294,5.885771594698868,5.053728679229019
m2_8_0.5k.tif,73,21.844891350930943,17.498131434755972,5.637837329914306,5.273877086020152
m2_8_0.5k.tif,74,23.41232678846368,18.178253653514908,5.74935047396885,5.459807716516613
m2_8_0.5k.tif,75,24.384533578832087,18.693350487021338,6.081409371503486,5.57201511416574
m2_8_0.5k.tif,76,23.511531562991067,18.39161360881243,5.942802346683785,5.471362878048682
m2_8_0.5k.tif,77,21.289344613577565,18.926731571258305,5.9926728910324005,5.206384104491474
m2_8_0.5k.tif,78,15.13864859287948,14.680972968439658,4.850914606329052,4.390344638215032
m2_8_0.5k.tif,79,7.8371771876636895,10.99864603038803,3.591186529346603,3.158892830475532
m2_8_0.5k.tif,80,24.602784082792343,19.373472705780273,6.239226997356903,5.596895354104097
m2_8_0.5k.tif,81,24.26548784939922,19.325137969507164,6.18493015787252,5.558397134259632
m2_8_0.5k.tif,82,23.134553419786993,18.343278943779936,5.74935047396885,5.427322384367902
m2_8_0.5k.tif,83,21.94409612545833,18.081584085981213,5.70778835932048,5.285838718727919
m2_8_0.5k.tif,84,19.702068221139353,16.701318662005118,5.240217704368887,5.008537947567591
m2_8_0.5k.tif,85,20.39650164283107,18.274923078567387,5.623742714539086,5.096040861875838
m2_8_0.5k.tif,86,23.25359914921986,18.246609328752495,5.942802346683785,5.4412684177686605
m2_8_0.5k.tif,87,17.22194885795464,17.05139020524652,5.790614284362006,4.6826986154731784
m2_8_0.5k.tif,88,20.991730289995402,17.77984725526605,5.862127079506838,5.169864709800158
m2_8_0.5k.tif,89,18.35288328756687,17.00305546897341,5.9926728910324005,4.834006284815858
m2_8_0.5k.tif,90,23.967873525817055,19.470142225820233,6.330776327518209,5.5242053162677855
m2_8_0.5k.tif,91,20.872684560562536,17.284771313230355,5.5348382428086875,5.155184515348728
m2_8_0.5k.tif,92,15.892604879287633,15.807836297973695,5.469932357667722,4.498343361856675
m2_8_0.5k.tif,93,22.936143870732216,18.17825362976804,5.745898446954564,5.403999017389926
m2_8_0.5k.tif,94,18.69017952095999,16.4879585404795,5.363709967265443,4.878224642663103
m2_8_0.5k.tif,95,24.761511722036165,18.741685318281927,5.8992401971955575,5.614920828642174
m2_8_0.5k.tif,96,18.5909747464326,16.838030154961515,5.882399625590996,4.865260961380257
m2_8_0.5k.tif,97,20.257614958492727,16.934699698748343,5.363709967265443,5.078660891137692
m2_8_0.5k.tif,98,21.606799892065208,17.731512447752326,5.662418487470875,5.245057869819633
m2_8_0.5k.tif,99,15.297376232123304,15.506099467258531,5.363709967265443,4.413300845108021
m2_8_0.5k.tif,100,18.610815701338076,16.98303443502145,5.437188870102065,4.86785645954374
m2_8_0.5k.tif,101,17.579086046253238,16.487958516732633,5.262886379929445,4.731002802196562
m2_8_0.5k.tif,102,21.646481801876167,18.06156305202925,5.979414748925751,5.249872058873319
m2_8_0.5k.tif,103,1.2102982492341394,4.99423659180265,1.88980736663449,1.2413700462991044
m2_8_0.5k.tif,104,20.237774003587248,17.54646614728221,5.976095617529881,5.076173180534775
m2_8_0.5k.tif,105,21.96393708036381,17.4981314110091,5.74935047396885,5.288227798496786
m2_8_0.5k.tif,106,24.761511722036165,19.04342212525022,6.0585284166316935,5.614920828642174
m2_8_0.5k.tif,107,23.888509706195144,18.411634619017523,5.8587415019333635,5.515051697193547
m2_8_0.5k.tif,108,24.72182981222521,18.741685318281927,5.9926728910324005,5.610419889378851
m2_8_0.5k.tif,109,22.916302915826737,18.69335051076821,5.942802346683785,5.401661141867409
m2_8_0.5k.tif,110,14.682306630053494,16.254577456242536,5.469932357667722,4.323666662603787
m2_8_0.5k.tif,111,23.273440104125335,18.59668091948764,6.197748679722728,5.443589283055585
m2_8_0.5k.tif,112,22.420279043189794,17.779847207772306,5.735529899955367,5.342881795603032
m2_8_0.5k.tif,113,26.467833843907243,19.373472682033405,6.289901754520695,5.80516086887714
m2_8_0.5k.tif,114,21.924255170552854,17.828181991539154,5.790614284362006,5.283448558660551
m2_8_0.5k.tif,115,23.114712464881514,18.363299858997543,6.068345104274031,5.424994559948418
m2_8_0.5k.tif,116,22.321074268662407,18.12991877476058,6.048695797087242,5.331048155834974
m2_8_0.5k.tif,117,21.924255170552854,17.896537738017354,5.745898446954564,5.283448558660551
m2_8_0.5k.tif,118,21.051253154711834,17.63484292771237,5.8587415019333635,5.177189197123276
m2_8_0.5k.tif,119,20.41634259773655,17.56648710999356,5.8008843739287,5.098518878488065
m2_8_0.5k.tif,120,21.071094109617313,17.449796627242254,5.581245309211913,5.1796283912266246
m2_8_0.5k.tif,121,19.97984158981604,17.56648710999356,5.549158676168973,5.043721285885853
m2_8_0.5k.tif,122,24.483738353359474,18.741685270788185,5.9926728910324005,5.583338058406124
m2_8_0.5k.tif,123,22.47980190790623,18.061563099522992,5.613148527332818,5.349969415516239
m2_8_0.5k.tif,124,19.305249123029796,16.838030131214644,5.581245309211913,4.957842938658439
m2_8_0.5k.tif,125,23.114712464881514,18.363299835250675,6.178510924012281,5.424994559948418
m2_8_0.5k.tif,126,22.400438088284318,17.896537809257964,5.922736552716537,5.340517165349749
m2_8_0.5k.tif,127,18.65049761114903,16.322933202720733,5.259115052766568,4.873043308601272
m2_8_0.5k.tif,128,5.932445516737831,9.239995194621295,3.1496789443908164,2.7483493644181105
m2_8_0.5k.tif,129,26.547197663529158,19.373472753274015,6.0716138064255665,5.813857743968822
m2_8_0.5k.tif,130,22.082982809796675,17.799868194230527,5.662418487470875,5.302539672566339
m2_8_0.5k.tif,131,21.42823129791591,17.44979657974851,5.581245309211913,5.223339110400378
m2_8_0.5k.tif,132,23.511531562991067,18.363299882744414,5.912678119384793,5.471362878048682
m2_8_0.5k.tif,133,26.447992889001767,19.09175695651081,6.068345104274031,5.8029846135545995
m2_8_0.5k.tif,134,23.035348645259603,19.16011265549527,6.424109759600438,5.415673256568022
m2_8_0.5k.tif,135,22.38059713337884,18.08158406223434,5.9926728910324005,5.338151487641051
m2_8_0.5k.tif,136,23.452008698274636,18.343278920033065,5.8992401971955575,5.464432713293876
m2_8_0.5k.tif,137,23.769463976762278,18.411634642764394,5.976095617529881,5.501292711024533
m2_8_0.5k.tif,138,21.348867478294,17.44979655600164,5.509687922684993,5.213657287228839
m2_8_0.5k.tif,139,26.368629069379857,19.421807560787734,6.152767016526097,5.794271418529476
m2_8_0.5k.tif,140,22.360756178473363,17.964893531989294,5.74935047396885,5.335784761083734
m2_8_0.5k.tif,141,26.8646529420168,19.53849804353904,6.18493015787252,5.848515921271106
m2_8_0.5k.tif,142,24.62262503769782,18.52832519675631,5.8587415019333635,5.599151711927709
m2_8_0.5k.tif,143,26.1503785654196,19.373472705780273,6.204148008923282,5.77024229121161
m2_8_0.5k.tif,144,22.20202853922954,18.596680990728252,6.693345663908941,5.3168130218661735
m2_8_0.5k.tif,145,23.134553419786993,18.17825360602117,5.912678119384793,5.427322384367902
m2_8_0.5k.tif,146,24.26548784939922,18.459969379037503,6.136622231374249,5.558397134259632
m2_8_0.5k.tif,147,24.52342026317043,18.64501570325449,6.110701852660545,5.5878608117264505
m2_8_0.5k.tif,148,19.02747575435311,16.934699722495214,5.922736552716537,4.922045770503551
m2_8_0.5k.tif,149,39.66206885604991,23.73592186259084,7.530302060332988,7.106286969545465
m2_8_0.5k.tif,150,19.384612942651707,16.67300481720275,5.418912553281054,4.96802332502266
m2_8_0.5k.tif,151,21.40839034301043,17.49813138726223,5.556305052183807,5.22092033781854
m2_8_0.5k.tif,152,22.440119998095273,17.964893531989294,5.745898446954564,5.34524537979102
m2_8_0.5k.tif,153,24.741670767130685,18.761706280993277,6.0585284166316935,5.612670810187318
m2_8_0.5k.tif,154,22.20202853922954,20.6853823595313,7.132475613533131,5.3168130218661735
m2_8_0.5k.tif,155,21.071094109617313,17.848203001744245,5.8587415019333635,5.1796283912266246
m2_8_0.5k.tif,156,23.33296296884177,18.411634666511265,5.8315861228304575,5.4505459495146455
m2_8_0.5k.tif,157,24.821034586752596,18.858375848526975,5.942802346683785,5.621665480717668
m2_8_0.5k.tif,158,18.273519467944958,16.536293347993222,5.704311180588189,4.823543055480626
m2_8_0.5k.tif,159,13.94819129855082,16.371267986487585,5.2288465133094375,4.214188977590564
m2_8_0.5k.tif,160,42.77709877620991,28.331752079891498,10.086843745953916,7.380074103348326
m2_8_0.5k.tif,161,24.047237345438965,18.57665993302942,6.365157493494207,5.533343792847605
m2_8_0.5k.tif,162,23.987714480722534,18.294944207506827,5.74935047396885,5.526491352085175
m2_8_0.5k.tif,163,20.991730289995402,17.381440857017186,5.8077210108020925,5.169864709800158
m2_8_0.5k.tif,164,19.940159680005085,16.934699722495214,5.418912553281054,5.038710135830014
m2_8_0.5k.tif,165,23.690100157140368,18.17825360602117,5.735529899955367,5.492100903917171
m2_8_0.5k.tif,166,21.706004666592598,18.246609352499366,5.8992401971955575,5.257085076324301
m2_8_0.5k.tif,167,21.666322756781643,17.449796603495383,5.637837329914306,5.252277498659963
m2_8_0.5k.tif,168,18.273519467944958,15.972861588238722,5.027661141085244,4.823543055480626
m2_8_0.5k.tif,169,24.741670767130685,18.858375824780104,5.9926728910324005,5.612670810187318
m2_8_0.5k.tif,170,25.178171775051194,19.490163259772192,6.255106959405412,5.661964673868066
m2_8_0.5k.tif,171,26.963857716544187,19.490163283519063,6.152767016526097,5.859304559699591
m2_8_0.5k.tif,172,22.221869494135017,17.916558724475575,5.70778835932048,5.319188189740674
m2_8_0.5k.tif,173,26.190060475230556,19.373472729527144,6.178510924012281,5.774618660662272
m2_8_0.5k.tif,174,21.42823129791591,17.61482194125415,5.60961268538993,5.223339110400378
m2_8_0.5k.tif,175,19.90047777019413,17.0997249652665,5.665921375827846,5.033693997069568
m2_8_0.5k.tif,176,21.309185568483045,17.614822012494763,5.6694220999034695,5.208809627150186
m2_8_0.5k.tif,177,25.713877557499092,19.20844743926212,5.9926728910324005,5.72188131253051
m2_8_0.5k.tif,178,24.285328804304697,18.411634642764394,6.022396995151783,5.56066911356328
m2_8_0.5k.tif,179,21.24966270376661,17.333106073250335,5.637837329914306,5.201529666042439
m2_8_0.5k.tif,180,18.134632783606612,16.15790791245571,5.38217373948458,4.805177581457176
m2_8_0.5k.tif,181,20.773479786035146,17.56648706249982,5.8587415019333635,5.142919010186384
m2_8_0.5k.tif,182,26.269424294852467,19.20844743926212,6.239226997356903,5.78336146454921
m2_8_0.5k.tif,183,27.45988158918113,20.335310792543027,7.0653975501865345,5.912952488654923
m2_8_0.5k.tif,184,17.28147172267107,16.439623780459524,5.480803383345659,4.690783856513462
m2_8_0.5k.tif,185,25.73371851240457,19.09175686152333,6.136622231374249,5.724088402800644
m2_8_0.5k.tif,186,22.519483817717184,17.896537761764225,5.969451818235736,5.354689283585098
m2_8_0.5k.tif,187,23.07503055507056,18.129918822254318,5.942802346683785,5.4203359119788885
m2_8_0.5k.tif,188,21.348867478294,18.479990412989462,6.022396995151783,5.213657287228839
m2_8_0.5k.tif,189,22.53932477262266,17.848202977997374,5.8008843739287,5.357047658191221
m2_8_0.5k.tif,190,24.483738353359474,18.64501575074823,6.178510924012281,5.583338058406124
m2_8_0.5k.tif,191,18.174314693417568,16.818009192250166,5.697350456603623,4.81043201449938
m2_8_0.5k.tif,192,25.614672782971706,19.09175686152333,5.9926728910324005,5.710833066438823
m2_8_0.5k.tif,193,23.888509706195144,18.343278920033065,6.028982450367154,5.515051697193547
m2_8_0.5k.tif,194,18.154473738512092,16.439623756712653,5.437188870102065,4.807805515797161
m2_8_0.5k.tif,195,20.158410183965337,17.44979657974851,5.8077210108020925,5.06621012248966
m2_8_0.5k.tif,196,24.364692623926608,18.57665995677629,5.817960902992126,5.569747763058978
m2_8_0.5k.tif,197,28.590816018793358,20.218620214804236,6.330776327518209,6.033486352961715
m2_8_0.5k.tif,198,19.384612942651707,17.16808078298531,5.989361106921478,4.96802332502266
m2_8_0.5k.tif,199,20.952048380184447,17.051390252740262,5.440836766433332,5.164975947751852
m2_8_0.5k.tif,200,20.535388327169414,17.333106049503463,5.556305052183807,5.113361759610302
m2_8_0.5k.tif,201,19.642545356422918,16.652983830744528,5.363709967265443,5.000966457301199
m2_8_0.5k.tif,202,26.467833843907243,19.305117030542686,6.152767016526097,5.80516086887714
m2_8_0.5k.tif,203,21.26950365867209,17.779847160278564,5.8587415019333635,5.203957451316309
m2_8_0.5k.tif,204,22.916302915826737,18.363299906491285,5.8992401971955575,5.401661141867409
m2_8_0.5k.tif,205,19.086998619069544,16.95472063771282,5.8077210108020925,4.929738475021244
m2_8_0.5k.tif,206,21.765527531309033,17.964893531989294,6.197748679722728,5.2642882106591165
m2_8_0.5k.tif,207,22.45996095300075,17.848203001744245,5.735529899955367,5.34760791930076
m2_8_0.5k.tif,208,20.65443405660228,17.56648708624669,5.495264631128974,5.128161679880104
m2_8_0.5k.tif,209,25.098807955429283,18.693350487021338,5.9926728910324005,5.653034124659612
m2_8_0.5k.tif,210,22.47980190790623,17.896537785511093,5.885771594698868,5.349969415516239
m2_8_0.5k.tif,211,25.31705845938954,18.97506630753141,5.9926728910324005,5.677559333628019
m2_8_0.5k.tif,212,21.150457929239224,17.61482189376041,5.662418487470875,5.189373702554554
m2_8_0.5k.tif,213,24.00755543562801,19.20844741551525,6.621820772348471,5.528776442673658
m2_8_0.5k.tif,214,21.983778035269285,17.848202954250503,6.068345104274031,5.290615799430642
m2_8_0.5k.tif,215,24.62262503769782,18.69335051076821,6.022396995151783,5.599151711927709
m2_8_0.5k.tif,216,24.662306947508775,18.459969474024984,5.9926728910324005,5.603661701955687
m2_8_0.5k.tif,217,21.11077601942827,17.61482196500102,5.9926728910324005,5.184503336673903
m2_8_0.5k.tif,218,18.928270979825722,17.05139018149965,5.74935047396885,4.909197808703281
m2_8_0.5k.tif,219,23.213917239408904,18.246609328752495,5.745898446954564,5.4366237149010725
m2_8_0.5k.tif,220,24.88055745146903,18.810041064760124,5.979414748925751,5.628402050517134
m2_8_0.5k.tif,221,18.035428009079226,16.206242624981947,5.549158676168973,4.792016292478964
m2_8_0.5k.tif,222,21.904414215647375,17.61482196500102,5.549158676168973,5.28105731682788
m2_8_0.5k.tif,223,20.614752146791325,17.16808075923844,5.440836766433332,5.123233123546966
m2_8_0.5k.tif,224,15.694195330232857,15.176048862981608,5.38217373948458,4.470175624877663
m2_8_0.5k.tif,225,17.261630767765595,16.02119637200557,5.437188870102065,4.6880903255095605
m2_8_0.5k.tif,226,22.082982809796675,18.12991879850745,5.745898446954564,5.302539672566339
m2_8_0.5k.tif,227,16.60687925588483,15.807836321720565,5.440836766433332,4.598318756158018
m2_8_0.5k.tif,228,23.15439437469247,18.06156314701673,5.882399625590996,5.429649210791784
m2_8_0.5k.tif,229,24.047237345438965,18.41163459527065,5.817960902992126,5.533343792847605
m2_8_0.5k.tif,230,2.718210822050444,7.481344430095172,3.1496789443908164,1.8603584357756706
m2_8_0.5k.tif,231,25.257535594673104,18.858375801033233,6.022396995151783,5.670881159193319
m2_8_0.5k.tif,232,20.594911191885846,17.051390252740262,5.469932357667722,5.120767066545582
m2_8_0.5k.tif,233,20.079046364343426,17.051390276487133,5.469932357667722,5.056227432745964
m2_8_0.5k.tif,234,17.003698353994384,15.57445526123047,5.240217704368887,4.6529325323986646
m2_8_0.5k.tif,235,20.277455913398203,17.05139020524652,5.418912553281054,5.081147383767023
m2_8_0.5k.tif,236,25.971809971270304,19.0917568852702,5.9926728910324005,5.750507412721799
m2_8_0.5k.tif,237,20.436183552642024,17.216415566752158,5.480803383345659,5.100995691302841
m2_8_0.5k.tif,238,22.955984825637692,18.363299858997543,6.081409371503486,5.406335881939101
m2_8_0.5k.tif,239,21.42823129791591,17.848203001744245,5.70778835932048,5.223339110400378
m2_8_0.5k.tif,240,18.471929016999734,16.536293371740094,5.509687922684993,4.849658801605014
m2_8_0.5k.tif,241,20.356819733020114,17.21641559049903,5.942802346683785,5.091081210226989
m2_8_0.5k.tif,242,18.49176997190521,16.254577432495665,5.121498060630455,4.852262645444489
m2_8_0.5k.tif,243,19.10683957397502,17.333106096997206,6.0585284166316935,4.932300043640466
m2_8_0.5k.tif,244,18.213996603228523,16.419602770254432,5.418912553281054,4.815680714385297
m2_8_0.5k.tif,245,19.662386311328397,16.866343881029533,5.581245309211913,5.003491560444832
m2_8_0.5k.tif,246,25.852764241837438,19.256782151788357,6.18493015787252,5.737313114465916
m2_8_0.5k.tif,247,21.487754162632342,17.731512424005455,5.776892430278885,5.230588717095916
m2_8_0.5k.tif,248,21.78536848621451,17.614821917507278,5.697350456603623,5.26668706619973
m2_8_0.5k.tif,249,21.765527531309033,17.56648710999356,5.912678119384793,5.2642882106591165
m2_8_0.5k.tif,250,17.65844986587515,18.57665998052316,5.6694220999034695,4.74167024032203
m2_8_0.5k.tif,251,24.305169759210177,18.69335053451508,6.081409371503486,5.562940164960218
m2_8_0.5k.tif,252,31.189981111410937,21.462174169570805,7.61154309742741,6.301770969385605
m2_8_0.5k.tif,253,14.702147584958972,15.244404656953547,5.043421872976958,4.3265870727054985
m2_8_0.5k.tif,254,23.67025920223489,18.294944136266217,5.922736552716537,5.489800547416713
m2_8_0.5k.tif,255,24.285328804304697,18.57665995677629,5.922736552716537,5.56066911356328
m2_8_0.5k.tif,256,19.840954905477695,16.749653398278227,5.469932357667722,5.026160402430598
m2_8_0.5k.tif,257,24.047237345438965,18.57665988553568,5.969451818235736,5.533343792847605
m2_8_0.5k.tif,258,37.51924572625832,23.900947200349606,8.067114235584299,6.911655904868806
m2_9_0.5k.tif,1,5.813399787304965,9.638401592870158,3.392308041021196,2.7206342088843303
m2_9_0.5k.tif,2,18.67033856605451,16.60464904697768,5.3451824163341595,4.875634663907315
m2_9_0.5k.tif,3,14.404533261376807,14.56428241444774,4.883526164195723,4.282571817475793
m2_9_0.5k.tif,4,10.773638513674388,12.757296818661025,4.373406055796843,3.703703902351266
m2_9_0.5k.tif,5,20.198092093776292,17.11974595172472,5.70778835932048,5.071194098237477
m2_9_0.5k.tif,6,20.39650164283107,17.216415543005287,5.469932357667722,5.096040861875838
m2_9_0.5k.tif,7,6.984016126728148,10.153498450123458,3.6623060380179755,2.9820002537924744
m2_9_0.5k.tif,8,15.297376232123304,15.176048886728479,5.039486311025306,4.413300845108021
m2_9_0.5k.tif,9,26.209901430136036,19.256782199282096,6.0585284166316935,5.776805602100515
m2_9_0.5k.tif,10,10.694274694052478,13.08734744668482,4.373406055796843,3.690037051674163
m2_9_0.5k.tif,11,21.051253154711834,17.49813138726223,5.524073555323525,5.177189197123276
m2_9_0.5k.tif,12,13.233916921953622,14.680972968439658,4.667479885999993,4.1048686162618155
m2_9_0.5k.tif,13,16.130696338153367,15.904505936748004,5.480803383345659,4.531913554101793
m2_9_0.5k.tif,14,3.6705766575133736,8.113131841340389,3.040704685751743,2.1618333313018936
m2_9_0.5k.tif,15,18.313201377755913,16.302912263756255,5.078704694813531,4.828777504178184
m2_9_0.5k.tif,16,16.547356391168396,15.292739464467267,4.850914606329052,4.5900706441253964
m2_9_0.5k.tif,17,14.642624720242539,14.56428239070087,4.863169568021395,4.317819916639583
m2_9_0.5k.tif,18,3.293598514309297,7.928085540870272,2.9880478087649407,2.0478134370346286
m2_9_0.5k.tif,19,17.28147172267107,17.099725107747723,5.9926728910324005,4.690783856513462
m2_9_0.5k.tif,20,9.841113633116937,12.805631626174746,4.688686173681203,3.539787428916716
m2_9_0.5k.tif,21,12.757734004222158,14.1175412561789,4.822198580442313,4.030341354697902
m2_9_0.5k.tif,22,16.249742067586233,15.807836274226824,5.524073555323525,4.5486057415649155
m2_9_0.5k.tif,23,21.01157124490088,17.16808085422592,5.509687922684993,5.172307358039353
m2_9_0.5k.tif,24,6.904652307106238,10.318523764135355,3.673125281789995,2.9650086610420785
m2_9_0.5k.tif,25,9.761749813495026,13.204038000676737,4.454318680278466,3.525485198997858
m2_9_0.5k.tif,26,18.630656656243556,16.302912192515645,5.549158676168973,4.870450574547767
m2_9_0.5k.tif,27,17.182266948143685,15.924526851965613,5.090411290510215,4.677300690202897
m2_9_0.5k.tif,28,22.916302915826737,18.12991886974806,5.862127079506838,5.401661141867409
m2_9_0.5k.tif,29,8.273678195584198,12.12550938366894,4.309423835215924,3.2456700785863726
m2_9_0.5k.tif,30,17.678290820780624,15.972861730719943,5.1945835898029085,4.744333352152495
m2_9_0.5k.tif,31,14.225964667227506,15.01102359646345,5.363709967265443,4.255944169784099
m2_9_0.5k.tif,32,12.956143553276934,13.65077913519871,4.542531574100152,4.061560576834689
m2_9_0.5k.tif,33,9.72206790368407,12.407225251672754,4.3506632804465255,3.5183122817014185
m2_9_0.5k.tif,34,17.440199361914893,15.807836274226824,5.262886379929445,4.712276678597617
m2_9_0.5k.tif,35,6.9244932620117154,11.630433441633249,3.705393473653043,2.9692656749515525
m2_9_0.5k.tif,36,16.44815161664101,15.807836345467436,4.9800796812749,4.57629075519759
m2_9_0.5k.tif,37,11.924413898192094,14.914354028929754,4.863169568021395,3.896490128688606
m2_9_0.5k.tif,38,8.849065887843052,13.534088652447402,4.735005706774786,3.3566323335105896
m2_9_0.5k.tif,39,24.00755543562801,18.741685318281927,6.0977003446270786,5.528776442673658
m2_9_0.5k.tif,40,19.20604434850241,16.65298387823827,5.437188870102065,4.945087983287108
m2_9_0.5k.tif,41,12.440278725734515,14.0491855097007,4.542531574100152,3.979881257164935
m2_9_0.5k.tif,42,15.039443818352092,14.894333042471533,4.751737227839269,4.37593585423149
m2_9_0.5k.tif,43,10.991889017634643,13.204037976929866,4.476534871363393,3.741030308430094
m2_9_0.5k.tif,44,16.70608403041222,16.08955218972438,5.213646345937212,4.612032830020774
m2_9_0.5k.tif,45,18.233837558134002,16.60464904697768,5.581245309211913,4.8183029202503915
m2_9_0.5k.tif,46,7.737972413136301,11.280361898391845,4.0629637558508245,3.138836165280837
m2_9_0.5k.tif,47,12.876779733655024,14.447591884202692,4.38699512859467,4.049101772706373
m2_9_0.5k.tif,48,13.0751892827098,13.980829739475631,4.542531574100152,4.08017745320513
m2_9_0.5k.tif,49,20.515547372263935,17.216415543005287,5.623742714539086,5.110890939577365
m2_9_0.5k.tif,50,15.05928477325757,14.61261719821459,4.928014691973299,4.37882140406978
m2_9_0.5k.tif,51,16.229901112680754,15.292739393226656,4.822198580442313,4.545827966807186
m2_9_0.5k.tif,52,15.277535277217826,17.449796650989125,5.274184181224593,4.410437853664896
m2_9_0.5k.tif,53,11.924413898192094,14.914354028929754,5.102091025842908,3.896490128688606
m2_9_0.5k.tif,54,26.01149188108126,19.256782175535225,6.0977003446270786,5.754898789774698
m2_9_0.5k.tif,55,16.071173473436932,16.254577551230017,5.6694220999034695,4.523544362187539
m2_9_0.5k.tif,56,17.38067649719846,16.65298387823827,5.912678119384793,4.704228377798224
m2_9_0.5k.tif,57,1.9047316709258588,6.169434823837888,2.680004790253727,1.55729884271847
m2_9_0.5k.tif,58,1.9047316709258588,6.00440939109164,2.4315847840106977,1.55729884271847
m2_9_0.5k.tif,59,16.408469706830054,15.409429970965444,5.039486311025306,4.570767167481298
m2_9_0.5k.tif,60,13.095030237615278,14.729307704712767,5.043421872976958,4.083272013720672
m2_9_0.5k.tif,61,13.313280741575534,13.884160171941932,4.476534871363393,4.11715866956024
m2_9_0.5k.tif,62,18.908430024920243,16.371267962740713,5.1945835898029085,4.906624179268892
m2_9_0.5k.tif,63,14.702147584958972,14.61261719821459,4.6204834680251805,4.3265870727054985
m2_9_0.5k.tif,64,21.8845732607419,17.896537714270483,5.817960902992126,5.2786649917597845
m2_9_0.5k.tif,65,10.456183235186746,13.952515965913873,4.476534871363393,3.648729365414296
m2_9_0.5k.tif,66,13.710099839685087,15.011023572716581,4.813962539280706,4.178066691444054
m2_9_0.5k.tif,67,18.789384295487377,16.701318590764508,5.315404009612085,4.891153964683627
m2_9_0.5k.tif,68,2.0436183552642024,5.791049340806635,1.9920318725099604,1.6130764719222135
m2_9_0.5k.tif,69,20.436183552642024,17.779847160278564,5.665921375827846,5.100995691302841
m2_9_0.5k.tif,70,15.594990555705468,15.856171129234285,5.102091025842908,4.456024985937084
m2_9_0.5k.tif,71,17.38067649719846,16.08955214223064,5.1945835898029085,4.704228377798224
m2_9_0.5k.tif,72,18.4124061522833,17.68317766398548,5.8077210108020925,4.8418388683239035
m2_9_0.5k.tif,73,12.99582546308789,14.379236161471365,5.070885283409504,4.0677756693406355
m2_9_0.5k.tif,74,17.717972730591583,16.206242719969428,5.240217704368887,4.7496550962284045
m2_9_0.5k.tif,75,10.456183235186746,12.757296842407897,4.290967973812354,3.648729365414296
m2_9_0.5k.tif,76,11.567276709893497,12.922322108926052,4.263134374309302,3.8376964616720857
m2_9_0.5k.tif,77,7.857018142569167,11.843793491918253,4.225737736174588,3.1628889014349966
m2_9_0.5k.tif,78,13.650576974968654,15.292739440720396,4.850914606329052,4.168987216696806
m2_9_0.5k.tif,79,4.226123394866749,8.841588820119304,3.1496789443908164,2.319669680638767
m2_9_0.5k.tif,80,12.420437770829038,13.767469641696886,5.102091025842908,3.976706241695731
m2_9_0.5k.tif,81,16.150537293058843,15.292739369479785,4.995990519515719,4.5346998522771615
m2_9_0.5k.tif,82,20.932207425278968,17.401461795981664,5.662418487470875,5.162529830660951
m2_9_0.5k.tif,83,21.1702988841447,17.401461819728535,5.5348382428086875,5.191807172185396
m2_9_0.5k.tif,84,8.968111617275918,12.242199913913986,3.9840637450199208,3.379135148631158
m2_9_0.5k.tif,85,14.186282757416551,14.845998258704684,5.102091025842908,4.250004258766965
m2_9_0.5k.tif,86,13.710099839685087,16.604649070724548,4.735005706774786,4.178066691444054
m2_9_0.5k.tif,87,10.991889017634643,14.56428241444774,4.494228754055171,3.741030308430094
m2_9_0.5k.tif,88,18.7695433405819,18.411634666511265,6.136622231374249,4.888570835924279
m2_9_0.5k.tif,89,10.019682227266236,12.057153684684481,4.1451498100965765,3.571758059756492
m2_9_0.5k.tif,90,13.313280741575534,14.04918548595383,4.701364032352967,4.11715866956024
m2_9_0.5k.tif,91,16.904493579466997,16.652983901985138,5.60961268538993,4.639339361277534
m2_9_0.5k.tif,92,20.991730289995402,17.216415543005287,5.581245309211913,5.169864709800158
m2_9_0.5k.tif,93,12.22202822177426,14.000850773427592,4.409550522147143,3.9448155405331904
m2_9_0.5k.tif,94,16.52751543626292,15.711166777933737,5.5348382428086875,4.587317977824381
m2_9_0.5k.tif,95,20.39650164283107,17.216415519258415,5.697350456603623,5.096040861875838
m2_9_0.5k.tif,96,15.49578578117808,15.011023572716581,5.363709967265443,4.441829266568087
m2_9_0.5k.tif,97,11.666481484420885,14.000850725933851,4.542531574100152,3.854118002070675
m2_9_0.5k.tif,98,20.39650164283107,17.68317768773235,5.6694220999034695,5.096040861875838
m2_9_0.5k.tif,99,17.102903128521774,16.02119641949931,5.274184181224593,4.666486107662665
m2_9_0.5k.tif,100,20.019523499626995,17.26475042175962,5.704311180588189,5.048727462091805
m2_9_0.5k.tif,101,15.039443818352092,14.894333089965274,5.043421872976958,4.37593585423149
m2_9_0.5k.tif,102,14.662465675148017,15.409429947218573,4.9800796812749,4.320744278584468
m2_9_0.5k.tif,103,12.202187266868782,13.815804401716864,4.735005706774786,3.941612279314292
m2_9_0.5k.tif,104,7.976063872002033,10.950311222874312,3.77961473326898,3.186760099719847
m2_9_0.5k.tif,105,14.563260900620628,14.66095202947518,5.078704694813531,4.306102608968533
m2_9_0.5k.tif,106,14.97992095363566,14.845998282451555,4.919955790927677,4.367267765454254
m2_9_0.5k.tif,107,13.452167425913878,14.097520269720679,4.598962701440318,4.1385784430250645
m2_9_0.5k.tif,108,7.281630450310314,11.1636713681468,3.9289009807402433,3.0448743552867334
m2_9_0.5k.tif,109,8.829224932937574,11.658747286435618,4.1066789099777505,3.3528671810821535
m2_9_0.5k.tif,110,21.586958937159732,18.17825362976804,5.8992401971955575,5.2426491175135785
m2_9_0.5k.tif,111,14.960079998730182,14.797663522431575,4.928014691973299,4.364374576819093
m2_9_0.5k.tif,112,20.178251138870817,17.731512424005455,5.8587415019333635,5.068702722946736
m2_9_0.5k.tif,113,0.8333201060300632,3.7506826845298256,1.436474611738641,1.0300563637104405
m2_9_0.5k.tif,114,9.245884985952605,12.54393672088228,4.646176808641674,3.431067820691974
m2_9_0.5k.tif,115,13.908509388739864,14.447591860455821,4.789169434331199,4.208190129029804
m2_9_0.5k.tif,116,12.142664402152349,13.60244435143186,4.542531574100152,3.931986838135184
m2_9_0.5k.tif,117,19.682227266233873,16.652983830744528,5.440836766433332,5.006015389891807
m2_9_0.5k.tif,118,14.126759892700118,14.729307752206507,4.850914606329052,4.2410787936991285
m2_9_0.5k.tif,119,19.02747575435311,18.62499481178375,6.0585284166316935,4.922045770503551
m2_9_0.5k.tif,120,17.14258503833273,15.924526851965613,5.2288465133094375,4.6718965281554095
m2_9_0.5k.tif,121,18.551292836621645,18.693350558261947,5.437188870102065,4.860065806709701
m2_9_0.5k.tif,122,15.356899096839737,15.361095187198595,5.179282868525897,4.421878697409514
m2_9_0.5k.tif,123,19.245726258313365,16.721339577222725,5.662418487470875,4.9501939092557246
m2_9_0.5k.tif,124,9.38477167029095,11.658747238941878,3.847252572874097,3.4567415883928465
m2_9_0.5k.tif,125,8.075268646529421,12.05715363719074,3.9289009807402433,3.206517016190816
m2_9_0.5k.tif,126,16.190219202869798,15.292739416973525,5.1945835898029085,4.540267318894828
m2_9_0.5k.tif,127,15.852922969476678,16.371268033981323,5.179282868525897,4.492723942596306
m2_9_0.5k.tif,128,9.960159362549803,12.173844143688918,4.5860017662236405,3.561133074214242
m2_9_0.5k.tif,129,12.083141537435916,13.252372736949846,4.476534871363393,3.9223377761349725
m2_9_0.5k.tif,130,21.626640846970687,17.848202977997374,5.70778835932048,5.247465516432464
m2_9_0.5k.tif,131,16.130696338153367,15.972861635732462,5.262886379929445,4.531913554101793
m2_9_0.5k.tif,132,17.003698353994384,16.9346996512546,5.363709967265443,4.6529325323986646
m2_9_0.5k.tif,133,10.436342280281268,13.135682206704798,4.494228754055171,3.6452659290709706
m2_9_0.5k.tif,134,16.547356391168396,16.322933226467605,5.418912553281054,4.5900706441253964
m2_9_0.5k.tif,135,11.487912890271586,14.709286813242029,4.423028548042733,3.824508462321217
m2_9_0.5k.tif,136,10.972048062729165,13.252372713202975,4.290967973812354,3.737652402270923
m2_9_0.5k.tif,137,13.154553102331711,14.379236185218234,4.9800796812749,4.092541655647179
m2_9_0.5k.tif,138,22.02345994508024,18.17825360602117,5.8587415019333635,5.295388570630776
m2_9_0.5k.tif,139,13.571213155346744,15.622790021250449,4.919955790927677,4.156850401375727
m2_9_0.5k.tif,140,6.329264614847385,11.232027067131256,3.9840637450199208,2.8387796668140095
m2_9_0.5k.tif,141,19.1266805288805,16.886364914981495,5.437188870102065,4.934860282610512
m2_9_0.5k.tif,142,19.543340581895528,18.761706280993277,6.068345104274031,4.98832176840036
m2_9_0.5k.tif,143,14.841034269297316,15.361095187198595,5.3451824163341595,4.346975007570099
m2_9_0.5k.tif,144,14.285487531943941,15.691145767728647,4.995990519515719,4.264838524667979
m2_9_0.5k.tif,145,16.666402120601262,15.691145743981776,5.171615532170188,4.606552099825584
m2_9_0.5k.tif,146,23.23375819431438,19.65518852629035,7.132475613533131,5.438946562140107
m2_9_0.5k.tif,147,19.325090077935275,17.449796627242254,5.556305052183807,4.960389994022276
m2_9_0.5k.tif,148,21.844891350930943,18.363299882744414,5.745898446954564,5.273877086020152
m2_9_0.5k.tif,149,14.841034269297316,16.15790793620258,5.262886379929445,4.346975007570099
m2_9_0.5k.tif,150,7.241948540499359,10.60023963213917,3.9289009807402433,3.036566360661476
m2_9_0.5k.tif,151,20.8131616958461,17.498131458502844,5.8077210108020925,5.1478287191901035
m2_9_0.5k.tif,152,13.2537578768591,16.391288972945805,5.105978333855099,4.107944576690654
m2_9_0.5k.tif,153,15.118807637974003,14.962688812696603,5.259115052766568,4.387466666985918
m2_9_0.5k.tif,154,14.940239043824704,15.876192091945635,5.2288465133094375,4.361479468986856
m2_9_0.5k.tif,155,14.364851351565852,15.127714055467887,4.818082319700329,4.276668890042341
m2_9_0.5k.tif,156,12.618847319883814,15.759501537953716,4.751737227839269,4.008343225904114
m2_9_0.5k.tif,157,15.872763924382156,15.059358261495948,4.751737227839269,4.495534530261007
m2_9_0.5k.tif,158,12.876779733655024,15.477785693696772,4.797448039359481,4.049101772706373
m2_9_0.5k.tif,159,11.606958619704452,12.757296794914156,4.277073815454958,3.844273495566148
m2_9_0.5k.tif,160,13.848986524023431,14.165876063692618,4.598962701440318,4.1991757878053875
m2_9_0.5k.tif,161,12.956143553276934,14.914354005182883,4.598962701440318,4.061560576834689
m2_9_0.5k.tif,162,1.746004031682037,5.440977750071492,2.271265787050076,1.4910001268962372
m2_9_0.5k.tif,163,21.150457929239224,17.44979657974851,5.581245309211913,5.189373702554554
m2_9_0.5k.tif,164,14.007714163267252,14.56428243819461,4.701364032352967,4.223171273346452
m2_9_0.5k.tif,165,16.26958302249171,15.52612050121049,4.995990519515719,4.551381821006482
m2_9_0.5k.tif,166,16.150537293058843,15.292739416973525,4.751737227839269,4.5346998522771615
m2_9_0.5k.tif,167,11.130775701972986,15.244404656953547,4.476534871363393,3.764590786171758
m2_9_0.5k.tif,168,18.69017952095999,16.419602841495045,5.240217704368887,4.878224642663103
m2_9_0.5k.tif,169,15.674354375327379,15.292739488214137,4.919955790927677,4.467349082941632
m2_9_0.5k.tif,170,17.99574609926827,16.439623756712653,5.38217373948458,4.7867416444385125
m2_9_0.5k.tif,171,8.114950556340377,11.328696634664954,3.867826262738566,3.214385781436817
m2_9_0.5k.tif,172,19.90047777019413,17.168080806732178,5.418912553281054,5.033693997069568
m2_9_0.5k.tif,173,11.19029856668942,15.196069849439828,5.2288465133094375,3.7746431159120433
m2_9_0.5k.tif,174,20.31713782320916,17.051390276487133,5.418912553281054,5.086116722249342
m2_9_0.5k.tif,175,14.285487531943941,14.165876039945749,4.663227056063596,4.264838524667979
m2_9_0.5k.tif,176,22.340915223567883,18.246609352499366,5.922736552716537,5.333416984281506
m2_9_0.5k.tif,177,13.868827478928909,14.350922292922125,5.1945835898029085,4.202182716789212
m2_9_0.5k.tif,178,9.226044031047127,12.757296842407897,4.1451498100965765,3.4273844403272022
m2_9_0.5k.tif,179,14.325169441754896,14.262545583732576,4.663227056063596,4.270757803747957
m2_9_0.5k.tif,180,14.087077982889163,14.49592664422267,4.919955790927677,4.235118033488858
m2_9_0.5k.tif,181,22.79725718639387,18.69335053451508,5.8587415019333635,5.387612584551208
m2_9_0.5k.tif,182,13.015666417993367,13.767469665443755,4.650445231047312,4.070879657330909
m2_9_0.5k.tif,183,16.309264932302664,15.856171010499933,5.315404009612085,4.556928906332663
m2_9_0.5k.tif,184,15.396581006650692,15.12771415045537,5.259115052766568,4.42758803316049
m2_9_0.5k.tif,185,8.571292519166365,12.07717459990209,4.309423835215924,3.3035297160605785
m2_9_0.5k.tif,186,18.273519467944958,17.00305544522654,5.418912553281054,4.823543055480626
m2_9_0.5k.tif,187,9.72206790368407,12.173844191182658,4.1451498100965765,3.5183122817014185
m2_9_0.5k.tif,188,19.642545356422918,17.68317773522609,5.922736552716537,5.000966457301199
m2_9_0.5k.tif,189,16.904493579466997,15.856171057993674,5.043421872976958,4.639339361277534
m2_9_0.5k.tif,190,19.36477198774623,18.178253582274298,5.665921375827846,4.965480185196418
m2_9_0.5k.tif,191,17.539404136442283,16.254577456242536,5.304194006252729,4.725660053115311
m2_9_0.5k.tif,192,13.095030237615278,14.399257076688972,4.735005706774786,4.083272013720672
m2_9_0.5k.tif,193,20.05920540943795,17.401461819728535,5.623742714539086,5.053728679229019
m2_9_0.5k.tif,194,12.618847319883814,14.49592664422267,5.2288465133094375,4.008343225904114
m2_9_0.5k.tif,195,16.0116506087205,15.17604893422222,4.919955790927677,4.515159657366036
m2_9_0.5k.tif,196,11.36886716083872,12.688941072182827,4.1594846649046024,3.804640751506091
m2_9_0.5k.tif,197,11.19029856668942,13.369063267194893,4.454318680278466,3.7746431159120433
m2_9_0.5k.tif,198,12.678370184600247,13.980829715728762,4.454318680278466,4.017785743643416
m2_9_0.5k.tif,199,21.448072252821387,17.828181944045415,5.8315861228304575,5.225756763439069
m2_9_0.5k.tif,200,17.460040316820372,15.856171129234285,5.171615532170188,4.71495639259219
m2_9_0.5k.tif,201,12.797415914033113,13.952515965913873,4.5860017662236405,4.036604515204585
m2_9_0.5k.tif,202,17.440199361914893,16.04121733471692,5.581245309211913,4.712276678597617
m2_9_0.5k.tif,203,0.912683925651974,3.915707998541722,1.5170862760685078,1.0779913107183288
m2_9_0.5k.tif,204,9.64270408406216,13.835825411921954,4.701364032352967,3.503922396116558
m2_9_0.5k.tif,205,21.051253154711834,17.799868170483656,5.745898446954564,5.177189197123276
m2_9_0.5k.tif,206,12.579165410072859,14.00085070218698,4.797448039359481,4.002035836904696
m2_9_0.5k.tif,207,10.853002333296299,12.757296794914156,4.263134374309302,3.717320506743512
m2_9_0.5k.tif,208,17.28147172267107,16.302912263756255,5.363709967265443,4.690783856513462
m2_9_0.5k.tif,209,10.952207107823687,12.737275855949676,4.290967973812354,3.7342714405638278
m2_9_0.5k.tif,210,12.956143553276934,13.815804449210605,4.751737227839269,4.061560576834689
m2_9_0.5k.tif,211,12.301392041396172,14.729307704712767,4.928014691973299,3.95760265847849
m2_9_0.5k.tif,212,4.503896763543437,8.608207759629208,3.2973994735551493,2.3946898472971854
m2_9_0.5k.tif,213,12.837097823844069,15.477785646203031,4.992017564199868,4.042857972888977
m2_9_0.5k.tif,214,17.14258503833273,16.322933250214476,5.6694220999034695,4.6718965281554095
m2_9_0.5k.tif,215,14.444215171187762,15.12771410296163,4.688686173681203,4.288466619739489
m2_9_0.5k.tif,216,14.682306630053494,15.361095139704855,4.818082319700329,4.323666662603787
m2_9_0.5k.tif,217,4.980079681274901,8.841588843866175,3.1180230761949264,2.5181013454845873
m2_9_0.5k.tif,218,11.289503341216808,13.55410959141188,4.454318680278466,3.7913377710851597
m2_9_0.5k.tif,219,11.825209123664706,13.369063267194893,4.409550522147143,3.880247914890612
m2_9_0.5k.tif,220,4.424532943921526,9.473376255111392,3.635117049979016,2.373497484975363
m2_9_0.5k.tif,221,13.055348327804323,14.56428239070087,4.5860017662236405,4.07708054387604
m2_9_0.5k.tif,222,14.444215171187762,14.564282461941481,4.94810452126463,4.288466619739489
m2_9_0.5k.tif,223,12.65852922969477,14.729307752206507,4.9800796812749,4.0146407053973485
m2_9_0.5k.tif,224,15.158489547784958,15.127714079214758,5.1677775980369915,4.393220724103723
m2_9_0.5k.tif,225,10.33713750575388,12.358890444159034,4.1066789099777505,3.6278991512569423
m2_9_0.5k.tif,226,20.13856922905986,17.00305544522654,5.581245309211913,5.063716295056994
m2_9_0.5k.tif,227,21.983778035269285,18.246609328752495,5.862127079506838,5.290615799430642
m2_9_0.5k.tif,228,10.138727956699102,12.290534697680835,4.309423835215924,3.592913771269947
m2_9_0.5k.tif,229,14.206123712322029,15.361095139704855,5.259115052766568,4.2529752512715495
m2_9_0.5k.tif,230,15.594990555705468,14.962688788949732,4.919955790927677,4.456024985937084
m2_9_0.5k.tif,231,8.313360105395153,12.193865130147136,4.309423835215924,3.253444149791539
m2_9_0.5k.tif,232,13.69025888477961,14.467612870660913,4.9800796812749,4.1750423937683925
m2_9_0.5k.tif,233,1.03172965508484,4.149089059031818,1.5558266286666642,1.1461409146915522
m2_9_0.5k.tif,234,8.491928699544454,12.970656940186641,4.5512588282055235,3.288200029093644
m2_9_0.5k.tif,235,17.717972730591583,15.807836345467436,5.078704694813531,4.7496550962284045
m2_9_0.5k.tif,236,12.837097823844069,13.719134881676906,4.54689729502523,4.042857972888977
m2_9_0.5k.tif,237,15.297376232123304,15.011023572716581,4.9800796812749,4.413300845108021
m2_9_0.5k.tif,238,7.797495277852734,10.765264946151065,3.77961473326898,3.1508854846928025
m2_9_0.5k.tif,239,18.015587054173746,17.51815237372045,6.327641503692666,4.789379694594371
m2_9_0.5k.tif,240,18.928270979825722,16.818009168503295,5.363709967265443,4.909197808703281
m2_9_0.5k.tif,241,7.876859097474645,11.328696658411825,3.831749813081941,3.166879930027604
m2_9_0.5k.tif,242,10.198250821415535,13.437419013673091,4.598962701440318,3.603445050636143
m2_9_0.5k.tif,243,14.186282757416551,15.07937936668852,5.240217704368887,4.250004258766965
m2_9_0.5k.tif,244,11.825209123664706,13.369063267194893,4.409550522147143,3.880247914890612
m2_9_0.5k.tif,245,14.38469230647133,14.845998282451555,4.818082319700329,4.279621371505539
m2_9_0.5k.tif,246,12.876779733655024,14.1175412561789,4.646176808641674,4.049101772706373
m2_9_0.5k.tif,247,10.515706099903179,14.729307704712767,4.646176808641674,3.6591000050845146
m2_9_0.5k.tif,248,15.594990555705468,15.457764707238551,4.928014691973299,4.456024985937084
m2_9_0.5k.tif,249,17.876700369835405,15.972861588238722,5.1945835898029085,4.770882710804798
m2_9_0.5k.tif,250,19.146521483785975,16.838030107467773,5.662418487470875,4.937419193999803
m2_9_0.5k.tif,251,11.110934747067509,14.262545678720057,4.846822733305355,3.7612340393730266
m2_9_0.5k.tif,252,4.384851034110571,8.113131841340389,2.7674191214043438,2.3628300265576554
m2_9_0.5k.tif,253,13.908509388739864,14.282566522697055,4.5512588282055235,4.208190129029804
m2_9_0.5k.tif,254,15.634672465516424,15.361095163451724,5.1945835898029085,4.461690627114067
m2_9_0.5k.tif,255,18.868748115109288,16.934699627507733,5.697350456603623,4.901472866374373
m2_9_0.5k.tif,256,31.68600498404788,24.69775994935359,8.456169432984511,6.351682813268088
m2_9_0.5k.tif,257,12.202187266868782,13.650779158945578,4.3506632804465255,3.941612279314292
m2_9_0.5k.tif,258,13.035507372898845,15.011023572716581,4.598962701440318,4.0739812803769215
m2_9_0.5k.tif,259,14.563260900620628,14.894333113712145,5.213646345937212,4.306102608968533
m2_9_0.5k.tif,260,14.900557134013749,14.845998282451555,4.928014691973299,4.355683480420948
m2_9_0.5k.tif,261,11.70616339423184,13.204038000676737,4.5860017662236405,3.860667060323536
m2_9_0.5k.tif,262,12.142664402152349,13.60244437517873,4.663227056063596,3.931986838135184
m2_9_0.5k.tif,263,21.626640846970687,17.61482187001354,5.70778835932048,5.247465516432464
m2_9_0.5k.tif,264,1.7856859414929926,5.839384124573484,2.050922338842032,1.5078481207291796
m2_9_0.5k.tif,265,21.844891350930943,17.896537761764225,5.735529899955367,5.273877086020152
m2_9_0.5k.tif,266,19.920318725099605,16.98303441127458,5.437188870102065,5.036202690969175
m2_9_0.5k.tif,267,12.876779733655024,14.447591860455821,4.735005706774786,4.049101772706373
m2_9_0.5k.tif,268,18.630656656243556,16.934699698748343,5.549158676168973,4.870450574547767
m2_9_0.5k.tif,269,14.781511404580883,15.01102354896971,4.701364032352967,4.338249053623613
m2_9_0.5k.tif,270,13.452167425913878,14.729307728459636,4.688686173681203,4.1385784430250645
m2_9_0.5k.tif,271,12.718052094411203,13.65077913519871,4.688686173681203,4.024068446063785
m2_9_0.5k.tif,272,10.634751829336045,13.03901266291797,4.54689729502523,3.679753602832024
m2_9_0.5k.tif,273,22.082982809796675,18.363299953985027,6.068345104274031,5.302539672566339
m2_9_0.5k.tif,274,13.551372200441266,14.845998258704684,5.105978333855099,4.153810656617196
m2_9_0.5k.tif,275,17.162425993238205,15.739480598989237,5.304194006252729,4.674599390127622
m2_9_0.5k.tif,276,23.749623021856802,18.294944041278733,5.735529899955367,5.498996199669599
m2_9_0.5k.tif,277,18.7695433405819,18.013228268262402,6.094445633776238,4.888570835924279
m2_9_0.5k.tif,278,12.281551086490692,14.117541232432028,4.883526164195723,3.9544097554508753
m2_9_0.5k.tif,279,21.40839034301043,17.333106025756596,5.623742714539086,5.22092033781854
m2_9_0.5k.tif,280,19.62270440151744,17.09972503650711,5.418912553281054,4.9984400785305745
m2_9_0.5k.tif,281,10.872843288201777,13.272393699661196,4.735005706774786,3.7207168715513412
m2_9_0.5k.tif,282,6.8649703972952825,10.318523787882224,3.3154017882655857,2.9564762443274617
m2_9_0.5k.tif,283,12.22202822177426,13.534088652447402,4.5512588282055235,3.9448155405331904
m2_9_0.5k.tif,284,14.960079998730182,15.292739440720396,4.883526164195723,4.364374576819093
m2_9_0.5k.tif,285,11.805368168759228,13.01899162896601,4.221039860640855,3.8769913067508908
m2_9_0.5k.tif,286,19.543340581895528,20.05359490079234,6.239226997356903,4.98832176840036
m2_9_0.5k.tif,287,12.91646164346598,13.650779111451838,4.476534871363393,4.0553359592659906
m2_9_0.5k.tif,288,11.726004349137318,13.417398074708613,4.3506632804465255,3.863937426907705
m2_9_0.5k.tif,289,0.8333201060300632,3.51730162403973,1.275522756460727,1.0300563637104405
m2_9_0.5k.tif,290,17.14258503833273,16.08955218972438,5.581245309211913,4.6718965281554095
m2_9_0.5k.tif,291,15.932286789098589,15.176048815487867,5.039486311025306,4.503955769980644
m2_9_0.5k.tif,292,17.420358407009417,16.08955218972438,5.078704694813531,4.709595439872095
m2_9_0.5k.tif,293,11.26966238631133,13.03901268666484,4.423028548042733,3.7880047262465273
m2_9_0.5k.tif,294,15.8330820145712,15.059358427724042,5.043421872976958,4.489911595564787
m2_9_0.5k.tif,295,16.745765940223176,15.691145815222388,5.315404009612085,4.617507054891346
m2_9_0.5k.tif,296,15.079125728163048,15.924526875712484,5.363709967265443,4.38170505364414
m2_9_0.5k.tif,297,13.888668433834386,14.825977295993335,4.919955790927677,4.205187495662104
m2_9_0.5k.tif,298,8.968111617275918,11.61041257390938,4.1066789099777505,3.379135148631158
m2_9_0.5k.tif,299,8.313360105395153,11.892128346925714,4.3506632804465255,3.253444149791539
m2_9_0.5k.tif,300,15.13864859287948,14.845998187464073,5.262886379929445,4.390344638215032
m2_9_0.5k.tif,301,17.856859414929925,15.759501561700587,5.304194006252729,4.768234427108758
m2_9_0.5k.tif,302,0.7936381962191078,3.7506826845298256,1.3362956040835399,1.0052320804861197
m2_9_0.5k.tif,303,14.087077982889163,14.495926739210153,4.919955790927677,4.235118033488858
m2_9_0.5k.tif,304,16.58703830097935,15.292739511961008,5.105978333855099,4.595571030333843
m2_9_0.5k.tif,305,12.301392041396172,13.534088699941142,4.542531574100152,3.95760265847849
m2_9_0.5k.tif,306,13.94819129855082,15.477785693696772,5.078704694813531,4.214188977590564
m2_9_0.5k.tif,307,18.114791828701136,16.274598442700757,5.259115052766568,4.802548209122703
m2_9_0.5k.tif,308,13.055348327804323,14.330901306463904,4.598962701440318,4.07708054387604
m2_9_0.5k.tif,309,13.729940794590565,14.894333042471533,4.813962539280706,4.181088801561769
m2_9_0.5k.tif,310,14.781511404580883,14.61261722196146,4.813962539280706,4.338249053623613
m2_9_0.5k.tif,311,15.694195330232857,15.176048862981608,4.919955790927677,4.470175624877663
m2_9_0.5k.tif,312,17.12274408342725,16.604649070724548,5.440836766433332,4.669192101573849
m2_9_0.5k.tif,313,9.007793527086873,13.204037976929866,3.9840637450199208,3.3866028597248357
m2_9_0.5k.tif,314,17.91638227964636,15.904505889254263,5.179282868525897,4.776174872954095
m2_9_0.5k.tif,315,16.725924985317697,15.506099562246012,5.015808092435925,4.614770754174078
m2_9_0.5k.tif,316,17.321153632482027,16.206242696222557,5.027661141085244,4.696166283822287
m2_9_0.5k.tif,317,16.34894684211362,15.457764754732294,5.039486311025306,4.562469247474675
m2_9_0.5k.tif,318,24.979762225996417,18.858375848526975,6.094445633776238,5.639611784885577
m2_9_0.5k.tif,319,16.249742067586233,16.673004793455878,5.418912553281054,4.5486057415649155
m2_9_0.5k.tif,320,3.551530928080507,7.481344406348302,2.5972917949014542,2.1264876256357748
m2_9_0.5k.tif,321,17.539404136442283,15.856171247968637,5.102091025842908,4.725660053115311
m2_9_0.5k.tif,322,13.095030237615278,13.835825388175085,4.863169568021395,4.083272013720672
m2_9_0.5k.tif,323,20.376660687925593,17.401461819728535,5.6694220999034695,5.093561639709219
m2_9_0.5k.tif,324,10.991889017634643,13.767469689190627,5.027661141085244,3.741030308430094
m2_9_0.5k.tif,325,13.928350343645342,15.361095187198595,5.140831832894,4.21119062148163
m2_9_0.5k.tif,326,9.02763448199235,12.358890467905905,4.1066789099777505,3.3903305469949974
m2_9_0.5k.tif,327,17.360835542292982,16.041217429704403,5.1945835898029085,4.701542549216284
m2_9_0.5k.tif,328,15.376740051745214,14.777642535973357,5.039486311025306,4.4247342861458945
m2_9_0.5k.tif,329,14.72198853986445,14.797663498684706,4.94810452126463,4.32950551288404
m2_9_0.5k.tif,330,16.864811669656042,16.322933202720733,5.623742714539086,4.633890927969401
m2_9_0.5k.tif,331,14.960079998730182,14.56428239070087,4.863169568021395,4.364374576819093
m2_9_0.5k.tif,332,14.880716179108271,14.797663546178446,4.863169568021395,4.352782592000316
m2_9_0.5k.tif,333,18.7695433405819,16.4879585404795,5.1945835898029085,4.888570835924279
m2_9_0.5k.tif,334,15.277535277217826,15.856171057993674,5.440836766433332,4.410437853664896
m2_9_0.5k.tif,335,21.130616974333744,17.56648710999356,5.8008843739287,5.186939091253511
m2_9_0.5k.tif,336,7.4998809542705684,11.610412431428157,4.373406055796843,3.090169091131321
m2_9_0.5k.tif,337,16.229901112680754,15.292739345732913,4.899750548306312,4.545827966807186
m2_9_0.5k.tif,338,12.063300582530438,13.437419037419962,4.290967973812354,3.919116142921064
m2_9_0.5k.tif,339,20.594911191885846,17.284771265736616,5.637837329914306,5.120767066545582
m2_9_0.5k.tif,340,6.329264614847385,10.298502753930263,3.339253907219166,2.8387796668140095
m2_9_0.5k.tif,341,2.8174155965778325,7.598034936593349,2.709456276640527,1.8940023631232636
m2_9_0.5k.tif,342,15.714036285138334,14.962688741455992,5.304194006252729,4.4730003806887115
m2_9_0.5k.tif,343,36.44783416136253,25.289505506416717,8.841570127957032,6.812255410229121
m2_9_0.5k.tif,344,1.170616339423184,4.595830217300659,1.8365626408949975,1.2208501198209047
m2_9_0.5k.tif,345,13.154553102331711,14.04918548595383,4.5512588282055235,4.092541655647179
m2_9_0.5k.tif,346,17.618767956064193,16.322933273961347,5.090411290510215,4.736339524482345
m2_9_0.5k.tif,347,17.65844986587515,15.924526923206225,5.102091025842908,4.74167024032203
m2_9_0.5k.tif,348,14.007714163267252,14.399257124182714,4.789169434331199,4.223171273346452
m2_9_0.5k.tif,349,17.083062173616295,16.04121733471692,5.524073555323525,4.663778543693696
m2_9_0.5k.tif,350,5.734035967683054,9.968452197147082,3.6568844124872153,2.701999508694963
m2_9_0.5k.tif,351,16.68624307550674,15.642810983961798,5.304194006252729,4.609293279538465
m2_9_0.5k.tif,352,16.745765940223176,16.157907959949448,5.29296026118981,4.617507054891346
m2_9_0.5k.tif,353,18.114791828701136,16.371268033981323,5.121498060630455,4.802548209122703
m2_9_0.5k.tif,354,16.944175489277953,15.52612050121049,5.259115052766568,4.644781403454952
m2_9_0.5k.tif,355,11.349026205933242,13.369063338435504,4.300205805761535,3.801319370906616
m2_9_0.5k.tif,356,17.261630767765595,16.021196443246183,5.665921375827846,4.6880903255095605
m2_9_0.5k.tif,357,19.18620339359693,16.769674384736447,5.5348382428086875,4.942533042283035
m2_9_0.5k.tif,358,12.202187266868782,13.55410956766501,4.735005706774786,3.941612279314292
m2_9_0.5k.tif,359,7.281630450310314,11.960484069657042,4.309423835215924,3.0448743552867334
m2_9_0.5k.tif,360,14.345010396660374,14.845998234957815,4.94810452126463,4.273714368867558
m2_9_0.5k.tif,361,12.341073951207127,13.932495003202524,4.818082319700329,3.9639807490927526
m2_9_0.5k.tif,362,21.209980793955655,17.56648722872791,5.790614284362006,5.196670692851111
m2_9_0.5k.tif,363,16.051332518531456,15.244404585712935,4.995990519515719,4.520751188495967
m2_9_0.5k.tif,364,17.83701846002445,16.041217405957532,5.363709967265443,4.765584671734857
m2_9_0.5k.tif,365,15.118807637974003,15.856171105487414,5.411584743906823,4.387466666985918
m2_9_0.5k.tif,366,18.5909747464326,16.206242791210038,5.304194006252729,4.865260961380257
m2_9_0.5k.tif,367,14.940239043824704,15.07937934294165,5.140831832894,4.361479468986856
m2_9_0.5k.tif,368,16.26958302249171,15.759501514206846,5.363709967265443,4.551381821006482
m2_9_0.5k.tif,369,10.376819415564835,12.922322085179182,4.373406055796843,3.634855819488961
m2_9_0.5k.tif,370,21.309185568483045,17.449796603495383,5.613148527332818,5.208809627150186
m2_9_0.5k.tif,371,14.225964667227506,14.54426147548326,4.688686173681203,4.255944169784099
m2_9_0.5k.tif,372,14.841034269297316,14.797663498684706,4.751737227839269,4.346975007570099
m2_9_0.5k.tif,373,18.43224710718878,16.371268033981323,5.363709967265443,4.844446915304477
m2_9_0.5k.tif,374,13.749781749496043,15.477785693696772,5.637837329914306,4.184108728861642
m2_9_0.5k.tif,375,22.20202853922954,17.731512447752326,5.613148527332818,5.3168130218661735
m2_9_0.5k.tif,376,21.547277027348777,17.61482194125415,5.8587415019333635,5.237828289719317
m2_9_0.5k.tif,377,7.9562229170965555,10.833620692629264,3.705393473653043,3.1827939997391423
m2_9_0.5k.tif,378,16.904493579466997,15.691145743981776,5.090411290510215,4.639339361277534
m2_9_0.5k.tif,379,22.89646196092126,17.848203001744245,5.697350456603623,5.399322254058314
m2_9_0.5k.tif,380,18.809225250392856,16.886364914981495,5.29296026118981,4.893735729954298
m2_9_0.5k.tif,381,18.729861430770946,16.65298387823827,5.509687922684993,4.883400479283619
m2_9_0.5k.tif,382,21.646481801876167,18.06156300453551,5.637837329914306,5.249872058873319
m2_9_0.5k.tif,383,20.079046364343426,16.983034577502675,5.469932357667722,5.056227432745964
m2_9_0.5k.tif,384,16.0116506087205,15.57445521373673,5.363709967265443,4.515159657366036
m2_9_0.5k.tif,385,12.876779733655024,14.914354028929754,5.121498060630455,4.049101772706373
m2_9_0.5k.tif,386,19.62270440151744,16.934699722495214,5.637837329914306,4.9984400785305745
m2_9_0.5k.tif,387,10.674433739147,14.069206448665179,4.646176808641674,3.6866124225821713
m2_9_0.5k.tif,388,14.563260900620628,14.962688765202861,4.94810452126463,4.306102608968533
m2_9_0.5k.tif,389,18.908430024920243,16.53629327675261,5.509687922684993,4.906624179268892
m2_9_0.5k.tif,390,21.24966270376661,17.663156677527258,5.704311180588189,5.201529666042439
m2_9_0.5k.tif,391,20.237774003587248,17.051390276487133,5.6694220999034695,5.076173180534775
m2_9_0.5k.tif,392,15.714036285138334,15.622790021250449,4.883526164195723,4.4730003806887115
m2_9_0.5k.tif,393,16.646561165695786,15.642810983961798,4.919955790927677,4.603809287971923
m2_9_0.5k.tif,394,10.118887001793624,13.13568223045167,4.797448039359481,3.5893964784334247
m2_9_0.5k.tif,395,14.563260900620628,14.56428239070087,4.663227056063596,4.306102608968533
m2_9_0.5k.tif,396,19.920318725099605,16.886364867487753,5.440836766433332,5.036202690969175
m2_9_0.5k.tif,397,9.364930715385473,13.204037976929866,4.516248625001847,3.4530855941510836
m2_9_0.5k.tif,398,13.055348327804323,15.127714126708499,5.027661141085244,4.07708054387604
m2_9_0.5k.tif,399,23.531372517896546,18.24660939999311,5.8587415019333635,5.473670983141033
m2_9_0.5k.tif,400,16.904493579466997,15.856171081740545,4.9800796812749,4.639339361277534
m2_9_0.5k.tif,401,16.28942397739719,15.876192044451894,5.6694220999034695,4.554156208232128
m2_9_0.5k.tif,402,19.860795860383174,17.003055421479672,5.623742714539086,5.028672854675702
m2_9_0.5k.tif,403,15.733877240043812,15.244404609459806,5.363709967265443,4.475823353756526
m2_9_0.5k.tif,404,9.781590768400504,13.417398074708613,4.928014691973299,3.5290661904736114
m2_9_0.5k.tif,405,18.729861430770946,16.48795856422637,5.440836766433332,4.883400479283619
m2_9_0.5k.tif,406,19.02747575435311,18.69335053451508,5.885771594698868,4.922045770503551
m2_9_0.5k.tif,407,17.717972730591583,16.536293347993222,5.315404009612085,4.7496550962284045
m2_9_0.5k.tif,408,14.146600847605596,14.214210823712596,4.5512588282055235,4.244056034356217
m2_9_0.5k.tif,409,12.182346311963304,14.729307704712767,4.722418163796693,3.9384064127576077
m2_9_0.5k.tif,410,14.841034269297316,15.224383646748457,5.078704694813531,4.346975007570099
m2_9_0.5k.tif,411,1.9642545356422918,6.354481029320524,2.3987240196797406,1.5814444507174983
m2_9_0.5k.tif,412,17.698131775686104,16.322933226467605,5.090411290510215,4.746994969950726
m2_9_0.5k.tif,413,17.81717750511897,16.351247142510587,5.623742714539086,4.762933442226887
m2_9_0.5k.tif,414,17.12274408342725,15.904505913001135,5.480803383345659,4.669192101573849
m2_9_0.5k.tif,415,20.67427501150776,18.01322822076866,5.942802346683785,5.130624182629409
m2_9_0.5k.tif,416,14.72198853986445,15.12771410296163,5.140831832894,4.32950551288404
m2_9_0.5k.tif,417,20.55522928207489,17.119745975471588,5.581245309211913,5.115831386298411
m2_9_0.5k.tif,418,13.908509388739864,15.477785693696772,5.171615532170188,4.208190129029804
m2_9_0.5k.tif,419,12.04345962762496,13.485753844933681,4.667479885999993,3.915891859246565
m2_9_0.5k.tif,420,5.773717877494009,10.600239608392299,4.188007179607299,2.7113328681240416
m2_9_0.5k.tif,421,11.96409580800305,13.485753821186812,4.5860017662236405,3.9029680884872313
m2_9_0.5k.tif,422,16.150537293058843,15.361095187198595,4.9800796812749,4.5346998522771615
m2_9_0.5k.tif,423,18.372724242472344,16.818009168503295,5.885771594698868,4.836618555357676
m2_9_0.5k.tif,424,15.376740051745214,15.244404656953547,4.928014691973299,4.4247342861458945
m2_9_0.5k.tif,425,11.229980476500375,13.204038000676737,4.3506632804465255,3.781329822864451
m2_9_0.5k.tif,426,19.44413580736814,16.6529838544914,5.259115052766568,4.975644945445976
m2_9_0.5k.tif,427,12.99582546308789,14.214210847459468,4.846822733305355,4.0677756693406355
m2_9_0.5k.tif,428,22.321074268662407,17.731512447752326,5.623742714539086,5.331048155834974
m2_9_0.5k.tif,429,17.38067649719846,16.487958587973242,5.078704694813531,4.704228377798224
m2_9_0.5k.tif,430,10.952207107823687,12.57225054193778,4.3506632804465255,3.7342714405638278
m2_9_0.5k.tif,431,9.821272678211459,13.01899172395349,4.476534871363393,3.5362172944441426
m2_9_0.5k.tif,432,17.956064189457315,16.302912216262516,5.171615532170188,4.781461177696624
m2_9_0.5k.tif,433,16.78544785003413,16.08955211848377,5.704311180588189,4.622974797546842
m2_9_0.5k.tif,434,17.003698353994384,15.642810936468058,5.1677775980369915,4.6529325323986646
m2_9_0.5k.tif,435,22.936143870732216,18.01322829200927,5.862127079506838,5.403999017389926
m2_9_0.5k.tif,436,18.154473738512092,16.439623756712653,5.418912553281054,4.807805515797161
m2_9_0.5k.tif,437,18.035428009079226,15.876192068198764,5.418912553281054,4.792016292478964
m2_9_0.5k.tif,438,17.360835542292982,16.371268105221937,5.5348382428086875,4.701542549216284
m2_9_0.5k.tif,439,18.43224710718878,16.371268010234456,5.469932357667722,4.844446915304477
m2_9_0.5k.tif,440,19.1266805288805,16.721339600969596,5.480803383345659,4.934860282610512
m2_9_0.5k.tif,441,20.713956921318715,17.216415543005287,5.637837329914306,5.135545645806647
m2_9_0.5k.tif,442,20.73379787622419,17.333106096997206,5.697350456603623,5.13800460962761
m2_9_0.5k.tif,443,24.78135267694164,19.256782199282096,6.251934193814828,5.617169945827764
m2_9_0.5k.tif,444,19.483817717179097,17.05139020524652,5.418912553281054,4.9807195464033125
m2_9_0.5k.tif,445,13.51169029063031,14.214210823712596,4.928014691973299,4.147724483888082
m2_9_0.5k.tif,446,15.098966683068525,15.176048862981608,5.363709967265443,4.384586806703861
m2_9_0.5k.tif,447,10.952207107823687,13.767469641696886,4.850914606329052,3.7342714405638278
m2_9_0.5k.tif,448,21.983778035269285,18.14993980871254,6.0716138064255665,5.290615799430642
m2_9_0.5k.tif,449,15.813241059665723,15.972861659479333,5.315404009612085,4.487097485858333
m2_9_0.5k.tif,450,11.567276709893497,13.65077913519871,4.3506632804465255,3.8376964616720857
m2_9_0.5k.tif,451,13.69025888477961,15.292739369479785,5.121498060630455,4.1750423937683925
m2_9_0.5k.tif,452,16.68624307550674,15.642810983961798,5.363709967265443,4.609293279538465
m2_9_0.5k.tif,453,13.888668433834386,14.399257100435843,4.542531574100152,4.205187495662104
m2_9_0.5k.tif,454,18.888589070014767,16.886364914981495,5.556305052183807,4.904049199202142
m2_9_0.5k.tif,455,8.571292519166365,12.640606288415979,4.1594846649046024,3.3035297160605785
m2_9_0.5k.tif,456,19.840954905477695,16.652983830744528,5.363709967265443,5.026160402430598
m2_9_0.5k.tif,457,16.666402120601262,15.856171081740545,5.363709967265443,4.606552099825584
m2_9_0.5k.tif,458,12.797415914033113,13.815804401716864,4.423028548042733,4.036604515204585
m2_9_0.5k.tif,459,14.72198853986445,15.292739393226656,4.919955790927677,4.32950551288404
m2_9_0.5k.tif,460,21.567117982254253,18.19827459247939,5.8008843739287,5.240239257989558
m2_9_0.5k.tif,461,22.082982809796675,17.964893508242422,5.9926728910324005,5.302539672566339
m2_9_0.5k.tif,462,16.0116506087205,15.57445526123047,5.304194006252729,4.515159657366036
m2_9_0.5k.tif,463,18.07510991889018,16.302912311249997,5.363709967265443,4.797285141011086
m2_9_0.5k.tif,464,11.309344296122287,13.204037976929866,4.309423835215924,3.794667888346482
m2_9_0.5k.tif,465,22.45996095300075,18.013228268262402,5.8077210108020925,5.34760791930076
m2_9_0.5k.tif,466,13.015666417993367,14.399257124182714,5.105978333855099,4.070879657330909
m2_9_0.5k.tif,467,21.666322756781643,17.848202930503636,5.70778835932048,5.252277498659963
m2_9_0.5k.tif,468,19.26556721321884,17.00305544522654,5.480803383345659,4.952744898298663
m2_9_0.5k.tif,469,20.614752146791325,17.498131434755972,5.817960902992126,5.123233123546966
m2_9_0.5k.tif,470,12.876779733655024,14.0491855097007,5.102091025842908,4.049101772706373
m2_9_0.5k.tif,471,15.614831510610946,15.244404680700418,5.2288465133094375,4.458858706405324
m2_9_0.5k.tif,472,17.499722226631327,15.691145815222388,5.078704694813531,4.720311256774057
m2_9_0.5k.tif,473,20.217933048681772,17.16808075923844,5.524073555323525,5.0736842501666946
m2_9_0.5k.tif,474,9.583181219345727,12.290534650187094,4.373406055796843,3.4930910799511534
m2_9_0.5k.tif,475,15.49578578117808,15.011023525222841,4.899750548306312,4.441829266568087
m2_9_0.5k.tif,476,18.67033856605451,16.371267986487585,5.304194006252729,4.875634663907315
m2_9_0.5k.tif,477,19.463976762273617,16.934699698748343,5.440836766433332,4.978182892535493
m2_9_0.5k.tif,478,12.420437770829038,15.196069873186698,5.105978333855099,3.976706241695731
m2_9_0.5k.tif,479,20.079046364343426,17.284771241989745,5.538421822493166,5.056227432745964
m2_9_0.5k.tif,480,14.146600847605596,14.51594765442776,4.863169568021395,4.244056034356217
m2_9_0.5k.tif,481,13.035507372898845,14.214210799965727,4.863169568021395,4.0739812803769215
m2_9_0.5k.tif,482,17.182266948143685,15.856171105487414,5.440836766433332,4.677300690202897
m2_9_0.5k.tif,483,16.904493579466997,16.08955211848377,5.440836766433332,4.639339361277534
m2_9_0.5k.tif,484,13.412485516102922,14.330901330210775,4.5512588282055235,4.13246983682759
m2_9_0.5k.tif,485,2.2420279043189795,6.02443040129673,2.2537267926264466,1.689567574315579
m2_9_0.5k.tif,486,21.567117982254253,17.49813129227475,5.70778835932048,5.240239257989558
m2_9_0.5k.tif,487,22.71789336677196,18.06156314701673,5.8008843739287,5.378226492780933
m2_9_0.5k.tif,488,15.039443818352092,14.729307728459636,4.735005706774786,4.37593585423149
m2_9_0.5k.tif,489,19.80127299566674,17.051390252740262,5.549158676168973,5.02113172643174
m2_9_0.5k.tif,490,12.698211139505725,14.165876039945749,4.789169434331199,4.020928321944479
m2_9_0.5k.tif,491,20.297296868303683,17.333106120744077,5.469932357667722,5.083632660209963
m2_9_0.5k.tif,492,9.662545038967638,12.455560035439602,4.202195838591432,3.5075254021030493
m2_9_0.5k.tif,493,17.83701846002445,16.536293371740094,5.5348382428086875,4.765584671734857
m2_9_0.5k.tif,494,19.086998619069544,16.6529838544914,5.363709967265443,4.929738475021244
m2_9_0.5k.tif,495,20.05920540943795,17.003055421479672,5.538421822493166,5.053728679229019
m2_9_0.5k.tif,496,16.78544785003413,15.759501514206846,5.179282868525897,4.622974797546842
m2_9_0.5k.tif,497,31.805050713480746,24.53273458784795,8.020247864222071,6.363603404574407
m2_9_0.5k.tif,498,13.531531245535788,14.729307680965896,4.992017564199868,4.150768685753955
m2_9_0.5k.tif,499,11.210139521594897,15.176048862981608,4.813962539280706,3.7779879487490615
m2_9_0.5k.tif,500,16.58703830097935,15.924526875712484,5.027661141085244,4.595571030333843
m2_9_0.5k.tif,501,20.67427501150776,17.051390276487133,5.480803383345659,5.130624182629409
m2_9_0.5k.tif,502,12.281551086490692,13.485753821186812,4.423028548042733,3.9544097554508753
m2_9_0.5k.tif,503,17.519563181536803,15.64281100770867,5.171615532170188,4.722986412135741
m2_9_0.5k.tif,504,23.749623021856802,19.02340116253887,5.912678119384793,5.498996199669599
m2_9_0.5k.tif,505,20.05920540943795,16.769674432230186,5.581245309211913,5.053728679229019
m2_9_0.5k.tif,506,12.579165410072859,14.564282461941481,4.494228754055171,4.002035836904696
m2_9_0.5k.tif,507,12.837097823844069,13.884160243182544,4.5512588282055235,4.042857972888977
m2_9_0.5k.tif,508,17.479881271725848,16.371268010234456,5.213646345937212,4.717634584454048
m2_9_0.5k.tif,509,18.868748115109288,16.70131868575199,5.3451824163341595,4.901472866374373
m2_9_0.5k.tif,510,14.999761908541137,14.894333066218405,5.090411290510215,4.370159038704055
m2_9_0.5k.tif,511,12.40059681592356,14.04918553344757,4.813962539280706,3.973528689257298
m2_9_0.5k.tif,512,16.130696338153367,15.244404609459806,4.818082319700329,4.531913554101793
m2_9_0.5k.tif,513,17.936223234551836,16.254577456242536,5.105978333855099,4.7788187562858075
m2_9_0.5k.tif,514,21.1702988841447,19.256782175535225,6.0585284166316935,5.191807172185396
m2_9_0.5k.tif,515,20.31713782320916,17.449796603495383,5.745898446954564,5.086116722249342
m2_9_0.5k.tif,516,20.237774003587248,17.119745975471588,5.469932357667722,5.076173180534775
m2_9_0.5k.tif,517,14.206123712322029,14.564282366954,4.598962701440318,4.2529752512715495
m2_9_0.5k.tif,518,20.91236647037349,17.381440833270315,5.637837329914306,5.160082553997874
m2_9_0.5k.tif,519,11.944254853097572,13.369063267194893,4.5512588282055235,3.8997304536799353
m2_9_0.5k.tif,520,18.531451881716166,16.322933178973866,5.304194006252729,4.857466145755199
m2_9_0.5k.tif,521,19.28540816812432,16.65298387823827,5.623742714539086,4.955294574090868
m2_9_0.5k.tif,522,13.015666417993367,13.767469665443755,4.368866972004245,4.070879657330909
m2_9_0.5k.tif,523,15.079125728163048,14.962688788949732,4.9800796812749,4.38170505364414
m2_9_0.5k.tif,524,4.64278344788178,8.55987297586236,2.872949223477282,2.431332038921247
m2_9_0.5k.tif,525,16.983857399088908,15.856171129234285,5.121498060630455,4.650217076939836
m2_9_0.5k.tif,526,19.305249123029796,16.60464904697768,5.524073555323525,4.957842938658439
m2_9_0.5k.tif,527,21.983778035269285,18.01322824451553,5.704311180588189,5.290615799430642
m2_9_0.5k.tif,528,19.34493103284075,16.604649070724548,5.469932357667722,4.962935742198088
m2_9_0.5k.tif,529,18.51161092681069,16.371267962740713,5.1945835898029085,4.854865092746337
m2_9_0.5k.tif,530,13.174394057237189,14.000850725933851,4.735005706774786,4.095626874069257
m2_9_0.5k.tif,531,17.12274408342725,15.807836369214305,5.171615532170188,4.669192101573849
m2_9_0.5k.tif,532,18.84890716020381,16.322933178973866,5.304194006252729,4.89889517865133
m2_9_0.5k.tif,533,16.071173473436932,15.457764754732294,5.437188870102065,4.523544362187539
m2_9_0.5k.tif,534,18.67033856605451,16.206242672475685,5.262886379929445,4.875634663907315
m2_9_0.5k.tif,535,23.709941112045847,18.294944183759956,5.697350456603623,5.494400297320788
m2_9_0.5k.tif,536,18.134632783606612,16.322933226467605,5.171615532170188,4.805177581457176
m2_9_0.5k.tif,537,20.75363883112967,17.284771313230355,5.480803383345659,5.140462397192059
m2_9_0.5k.tif,538,19.02747575435311,16.70131868575199,5.3451824163341595,4.922045770503551
m2_9_0.5k.tif,539,12.837097823844069,13.815804472957476,4.476534871363393,4.042857972888977
m2_9_0.5k.tif,540,18.154473738512092,16.934699722495214,5.363709967265443,4.807805515797161
m2_9_0.5k.tif,541,25.23769463976763,18.906710632293823,5.9926728910324005,5.668653352719921
m2_9_0.5k.tif,542,16.031491563625977,15.292739393226656,5.043421872976958,4.517956287957724
m2_9_0.5k.tif,543,52.34043904065016,32.97591712845274,11.75973875947844,8.163450053461217
m2_9_0.5k.tif,544,14.523578990809673,15.526120477463621,5.1945835898029085,4.300231982368356
m2_9_0.5k.tif,545,22.003618990174765,17.896537785511093,5.8315861228304575,5.293002722989673
m2_9_0.5k.tif,546,15.594990555705468,17.916558724475575,5.418912553281054,4.456024985937084
m2_9_0.5k.tif,547,19.563181536801007,16.886364938728363,5.74935047396885,4.990853269080134
m2_9_0.5k.tif,548,14.245805622132984,14.495926667969542,4.899750548306312,4.2589110186419985
m2_9_0.5k.tif,549,18.551292836621645,16.604649070724548,5.60961268538993,4.860065806709701
m2_9_0.5k.tif,550,17.99574609926827,17.333106096997206,5.735529899955367,4.7867416444385125
m2_9_0.5k.tif,551,16.408469706830054,15.642810983961798,5.363709967265443,4.570767167481298
m2_9_0.5k.tif,552,19.047316709258588,16.886364891234624,5.556305052183807,4.924611340534688
m2_9_0.5k.tif,553,17.06322121871082,16.02119641949931,5.38217373948458,4.661069406930852
m2_9_0.5k.tif,554,13.293439786670056,16.322933250214476,5.5348382428086875,4.114089598191084
m2_9_0.5k.tif,555,21.289344613577565,17.333106049503463,5.8992401971955575,5.206384104491474
m2_9_0.5k.tif,556,17.083062173616295,16.04121738221066,5.3451824163341595,4.663778543693696
m2_9_0.5k.tif,557,16.567197346073876,15.642810983961798,5.363709967265443,4.592821660640951
m2_9_0.5k.tif,558,21.26950365867209,17.614821917507278,5.70778835932048,5.203957451316309
m2_9_0.5k.tif,559,21.586958937159732,17.683177640238608,5.790614284362006,5.2426491175135785
m2_9_0.5k.tif,560,15.158489547784958,14.894333018724662,4.735005706774786,4.393220724103723
m2_9_0.5k.tif,561,8.472087744638976,10.99864603038803,3.705393473653043,3.2843564275121664
m2_9_0.5k.tif,562,17.22194885795464,15.759501514206846,5.102091025842908,4.6826986154731784
m2_9_0.5k.tif,563,21.825050396025464,17.848202977997374,5.662418487470875,5.271481502391661
m2_9_0.5k.tif,564,20.158410183965337,17.614821917507278,5.6343169815661165,5.06621012248966
m2_9_0.5k.tif,565,20.118728274154382,17.216415566752158,5.509687922684993,5.061221238835028
m2_9_0.5k.tif,566,13.94819129855082,14.680972944692789,4.995990519515719,4.214188977590564
m2_9_0.5k.tif,567,12.360914906112605,16.041217429704403,4.899750548306312,3.967165949083665
m2_9_0.5k.tif,568,21.229821748861134,17.779847279012916,5.745898446954564,5.199100747083923
m2_9_0.5k.tif,569,12.182346311963304,14.399257124182714,4.5860017662236405,3.9384064127576077
m2_9_0.5k.tif,570,16.944175489277953,15.62279006874419,5.121498060630455,4.644781403454952
m2_9_0.5k.tif,571,17.04338026380534,16.04121738221066,5.315404009612085,4.658358694630091
m2_9_0.5k.tif,572,22.678211456961005,17.896537761764225,5.704311180588189,5.373527298792553
m2_9_0.5k.tif,573,20.892525515468012,17.16808075923844,5.538421822493166,5.157634116111986
m2_9_0.5k.tif,574,13.4323264710084,15.244404633206676,5.039486311025306,4.135525267808288
m2_9_0.5k.tif,575,16.388628751924575,15.62279004499732,5.437188870102065,4.56800286897174
m2_9_0.5k.tif,576,16.983857399088908,15.856171081740545,5.179282868525897,4.650217076939836
m2_9_0.5k.tif,577,16.745765940223176,15.691145815222388,4.919955790927677,4.617507054891346
m2_9_0.5k.tif,578,20.594911191885846,17.11974592797785,5.581245309211913,5.120767066545582
m2_9_0.5k.tif,579,18.213996603228523,16.48795846923889,5.418912553281054,4.815680714385297
m2_9_0.5k.tif,580,20.49570641735846,17.498131363515363,5.8077210108020925,5.108418924468023
m2_9_0.5k.tif,581,14.602942810431584,15.12771410296163,4.899750548306312,4.311965242873315
m2_9_0.5k.tif,582,10.75379755876891,12.737275855949676,4.368866972004245,3.7002919219841335
m2_9_0.5k.tif,583,23.23375819431438,18.129918822254318,5.912678119384793,5.438946562140107
m2_9_0.5k.tif,584,21.209980793955655,17.333106120744077,5.70778835932048,5.196670692851111
m2_9_0.5k.tif,585,15.594990555705468,15.127714126708499,4.928014691973299,4.456024985937084
m2_9_0.5k.tif,586,19.463976762273617,16.701318567017637,5.480803383345659,4.978182892535493
m2_9_0.5k.tif,587,21.547277027348777,17.61482187001354,5.790614284362006,5.237828289719317
m2_9_0.5k.tif,588,10.118887001793624,12.242199937660857,4.263134374309302,3.5893964784334247
m2_9_0.5k.tif,589,23.650418247329412,18.343278967526807,6.136622231374249,5.487499226608226
m2_9_0.5k.tif,590,4.761829177314647,9.356685748613215,3.0341725521370155,2.462305670267344
m2_9_0.5k.tif,591,24.067078300344445,18.858375872273847,5.882399625590996,5.53562605476888
m2_9_0.5k.tif,592,23.114712464881514,18.12991879850745,5.745898446954564,5.424994559948418
m2_9_0.5k.tif,593,18.43224710718878,16.536293371740094,5.3451824163341595,4.844446915304477
m2_9_0.5k.tif,594,15.337058141934259,15.5744552374836,4.94810452126463,4.419021263380965
m2_9_0.5k.tif,595,22.340915223567883,18.01322831575614,5.862127079506838,5.333416984281506
m2_9_0.5k.tif,596,20.336978778114638,17.333106073250335,5.637837329914306,5.088599571663637
m2_9_0.5k.tif,597,22.003618990174765,17.799868194230527,5.9926728910324005,5.293002722989673
m2_9_0.5k.tif,598,28.67017983841527,20.21862026229798,6.330776327518209,6.0418545766129705
m2_9_0.5k.tif,599,19.325090077935275,17.05139022899339,5.613148527332818,4.960389994022276
m2_9_0.5k.tif,600,21.26950365867209,17.216415543005287,5.60961268538993,5.203957451316309
m2_9_0.5k.tif,601,15.41642196155617,15.57445528497734,5.1677775980369915,4.430439942012186
m2_9_0.5k.tif,602,23.987714480722534,18.52832522050318,6.0977003446270786,5.526491352085175
m2_9_0.5k.tif,603,19.840954905477695,16.886364938728363,5.662418487470875,5.026160402430598
m2_9_0.5k.tif,604,26.8646529420168,19.60685381376411,6.365157493494207,5.848515921271106
m2_9_0.5k.tif,605,19.245726258313365,16.6529838544914,5.2288465133094375,4.9501939092557246
m2_9_0.5k.tif,606,22.87662100601578,18.226588413534888,6.094445633776238,5.3969823526465595
m2_9_0.5k.tif,607,19.682227266233873,17.284771313230355,5.697350456603623,5.006015389891807
m2_9_0.5k.tif,608,22.082982809796675,17.964893508242422,5.817960902992126,5.302539672566339
m2_9_0.5k.tif,609,19.483817717179097,17.051390252740262,5.662418487470875,4.9807195464033125
m2_9_0.5k.tif,610,19.20604434850241,16.652983830744528,5.637837329914306,4.945087983287108
m2_9_0.5k.tif,611,24.146442119966355,18.693350463274466,6.239226997356903,5.544745708488345
m2_9_0.5k.tif,612,19.702068221139353,17.16808078298531,5.623742714539086,5.008537947567591
m2_9_0.5k.tif,613,13.392644561197445,14.04918548595383,4.995990519515719,4.129412145075723
m2_9_0.5k.tif,614,15.932286789098589,15.807836321720565,4.995990519515719,4.503955769980644
m2_9_0.5k.tif,615,20.356819733020114,18.013228268262402,5.969451818235736,5.091081210226989
m2_9_0.5k.tif,616,24.146442119966355,18.5283251255157,5.8587415019333635,5.544745708488345
m2_9_0.5k.tif,617,13.114871192520756,14.845998282451555,4.863169568021395,4.086364230758857
m2_9_0.5k.tif,618,22.261551403945973,17.848202977997374,5.6694220999034695,5.323935346588892
m2_9_0.5k.tif,619,18.194155648323047,16.701318638258247,5.641355481476612,4.813057079914128
m2_9_0.5k.tif,620,24.404374533737563,18.343278967526807,5.942802346683785,5.574281543022599
m2_9_0.5k.tif,621,22.995666735448648,18.294944183759956,5.8992401971955575,5.411006583356202
m2_9_0.5k.tif,622,22.301233313756928,18.246609281258756,5.8077210108020925,5.328678274341632
m2_9_0.5k.tif,623,20.594911191885846,17.216415448017806,5.8587415019333635,5.120767066545582
m2_9_0.5k.tif,624,17.06322121871082,15.691145743981776,5.259115052766568,4.661069406930852
m2_9_0.5k.tif,625,21.686163711687122,17.896537738017354,5.8008843739287,5.254681837306681
m2_9_0.5k.tif,626,14.72198853986445,14.866019221416034,4.863169568021395,4.32950551288404
m2_9_0.5k.tif,627,19.62270440151744,16.701318543270766,5.480803383345659,4.9984400785305745
m2_9_0.5k.tif,628,10.198250821415535,12.873987372652945,4.202195838591432,3.603445050636143
m2_9_0.5k.tif,629,21.686163711687122,17.799868217977394,5.637837329914306,5.254681837306681
m2_9_0.5k.tif,630,25.55514991825527,18.97506633127828,6.299357888781633,5.70419384729851
m2_9_0.5k.tif,631,23.114712464881514,18.12991884600119,6.068345104274031,5.424994559948418
m2_9_0.5k.tif,632,12.261710131585215,13.767469665443755,4.818082319700329,3.9512142722983388
m2_9_0.5k.tif,633,21.725845621498078,17.731512400258588,5.8587415019333635,5.259487217220196
m2_9_0.5k.tif,634,21.150457929239224,18.01322829200927,5.662418487470875,5.189373702554554
m2_9_0.5k.tif,635,20.03936445453247,17.381440857017186,5.480803383345659,5.051228689623043
m2_9_0.5k.tif,636,18.452088062094255,16.419602770254432,5.179282868525897,4.847053558977249
m2_9_0.5k.tif,637,13.749781749496043,14.214210871206339,4.722418163796693,4.184108728861642
m2_9_0.5k.tif,638,21.706004666592598,17.614821917507278,5.637837329914306,5.257085076324301
m2_9_0.5k.tif,639,16.52751543626292,15.972861611985591,5.274184181224593,4.587317977824381
m2_9_0.5k.tif,640,25.73371851240457,19.09175690901707,5.9926728910324005,5.724088402800644
m2_9_0.5k.tif,641,2.678528912239489,6.752887380075645,2.535442641704752,1.8467292527005081
m2_9_0.5k.tif,642,22.975825780543172,18.01322829200927,5.6694220999034695,5.408671736825337
m2_9_0.5k.tif,643,26.190060475230556,19.373472682033405,6.0716138064255665,5.774618660662272
m2_9_0.5k.tif,644,21.11077601942827,17.381440880764053,5.6694220999034695,5.184503336673903
m2_9_0.5k.tif,645,18.213996603228523,16.254577527483146,5.315404009612085,4.815680714385297
m2_9_0.5k.tif,646,20.91236647037349,17.216415566752158,5.637837329914306,5.160082553997874
m2_9_0.5k.tif,647,25.356740369200494,19.04342207775648,6.068345104274031,5.68200708936979
m2_9_0.5k.tif,648,14.424374216282285,14.777642559720228,4.899750548306312,4.2855202321572206
m2_9_0.5k.tif,649,20.55522928207489,17.05139011025904,5.60961268538993,5.115831386298411
m2_9_0.5k.tif,650,18.49176997190521,16.721339600969596,5.697350456603623,4.852262645444489
m2_9_0.5k.tif,651,22.321074268662407,18.12991884600119,5.9926728910324005,5.331048155834974
m2_9_0.5k.tif,652,25.277376549578584,18.975066378772024,6.048695797087242,5.673108090816243
m2_9_0.5k.tif,653,10.93236615291821,13.747448750226148,4.899750548306312,3.730887415001917
m2_9_0.5k.tif,654,21.666322756781643,18.01322831575614,5.9926728910324005,5.252277498659963
m2_9_0.5k.tif,655,9.64270408406216,13.369063290941764,4.650445231047312,3.503922396116558
m2_9_0.5k.tif,656,24.86071649656355,18.69335053451508,6.110701852660545,5.626157423488479
m2_9_0.5k.tif,657,23.452008698274636,18.411634642764394,5.912678119384793,5.464432713293876
m2_9_0.5k.tif,658,23.055189600165082,18.411634642764394,6.0977003446270786,5.418005085850054
m2_9_0.5k.tif,659,23.9281916160061,18.411634666511265,5.912678119384793,5.519630404248036
m2_9_0.5k.tif,660,17.55924509134776,16.206242672475685,5.140831832894,4.728332182281694
m2_9_0.5k.tif,661,8.69033824859923,11.678768249146968,3.867826262738566,3.3263917861913166
m2_9_0.5k.tif,662,16.96401644418343,15.807836274226824,5.039486311025306,4.647500034886704
m2_9_0.5k.tif,663,24.285328804304697,18.645015727001358,6.0585284166316935,5.56066911356328
m2_9_0.5k.tif,664,17.956064189457315,16.302912263756255,5.440836766433332,4.781461177696624
m2_9_0.5k.tif,665,21.844891350930943,17.566487181234173,5.745898446954564,5.273877086020152
m2_9_0.5k.tif,666,22.340915223567883,18.178253582274298,5.704311180588189,5.333416984281506
m2_9_0.5k.tif,667,21.646481801876167,17.731512424005455,5.8587415019333635,5.249872058873319
m2_9_0.5k.tif,668,18.789384295487377,16.60464909447142,5.418912553281054,4.891153964683627
m2_9_0.5k.tif,669,14.960079998730182,15.924526851965613,5.363709967265443,4.364374576819093
m2_9_0.5k.tif,670,23.094871509976038,17.779847302759787,5.8077210108020925,5.422665736248083
m2_9_0.5k.tif,671,22.003618990174765,17.799868170483656,5.8008843739287,5.293002722989673
m2_9_0.5k.tif,672,12.202187266868782,13.952515965913873,4.516248625001847,3.941612279314292
m2_9_0.5k.tif,673,13.630736020063177,14.447591884202692,4.663227056063596,4.165956327734417
m2_9_0.5k.tif,674,19.245726258313365,16.65298387823827,5.315404009612085,4.9501939092557246
m2_9_0.5k.tif,675,22.71789336677196,18.12991889349493,6.022396995151783,5.378226492780933
m2_9_0.5k.tif,676,16.388628751924575,15.52612050121049,5.171615532170188,4.56800286897174
m2_9_0.5k.tif,677,24.503579308264953,18.69335051076821,5.976095617529881,5.585599892834898
m2_9_0.5k.tif,678,22.856780051110306,17.848203049237988,5.74935047396885,5.394641436313209
m2_9_0.5k.tif,679,19.384612942651707,16.838030154961515,5.469932357667722,4.96802332502266
m2_9_0.5k.tif,680,12.65852922969477,13.767469641696886,4.476534871363393,4.0146407053973485
m2_9_0.5k.tif,681,16.28942397739719,15.409429899724833,4.899750548306312,4.554156208232128
m2_9_0.5k.tif,682,20.91236647037349,18.314965098977567,5.817960902992126,5.160082553997874
m2_9_0.5k.tif,683,24.88055745146903,18.97506630753141,6.048695797087242,5.628402050517134
m2_9_0.5k.tif,684,23.33296296884177,18.013228339503012,6.048695797087242,5.4505459495146455
m2_9_0.5k.tif,685,23.630577292423936,18.693350463274466,5.885771594698868,5.485196940277981
